county,office,party,candidate,votes
Anderson,Governor,DEM,Beto O'Rourke,2545
Anderson,Governor,REP,Greg Abbott,11762
Anderson,Governor,LIB,,141
Andrews,Governor,DEM,Beto O'Rourke,479
Andrews,Governor,REP,Greg Abbott,3302
Andrews,Governor,LIB,,45
Angelina,Governor,DEM,Beto O'Rourke,5174
Angelina,Governor,REP,Greg Abbott,19142
Angelina,Governor,LIB,,286
Aransas,Governor,DEM,Beto O'Rourke,1924
Aransas,Governor,REP,Greg Abbott,7581
Aransas,Governor,LIB,,136
Archer,Governor,DEM,Beto O'Rourke,315
Archer,Governor,REP,Greg Abbott,3498
Archer,Governor,LIB,,35
Armstrong,Governor,DEM,Beto O'Rourke,60
Armstrong,Governor,REP,Greg Abbott,831
Armstrong,Governor,LIB,,10
Atascosa,Governor,DEM,Beto O'Rourke,3708
Atascosa,Governor,REP,Greg Abbott,8801
Atascosa,Governor,LIB,,197
Austin,Governor,DEM,Beto O'Rourke,1873
Austin,Governor,REP,Greg Abbott,9209
Austin,Governor,LIB,,134
Bailey,Governor,DEM,Beto O'Rourke,213
Bailey,Governor,REP,Greg Abbott,1105
Bailey,Governor,LIB,,15
Bandera,Governor,DEM,Beto O'Rourke,1816
Bandera,Governor,REP,Greg Abbott,8527
Bandera,Governor,LIB,,141
Bastrop,Governor,DEM,Beto O'Rourke,12007
Bastrop,Governor,REP,Greg Abbott,16707
Bastrop,Governor,LIB,,542
Baylor,Governor,DEM,Beto O'Rourke,105
Baylor,Governor,REP,Greg Abbott,1183
Baylor,Governor,LIB,,19
Bee,Governor,DEM,Beto O'Rourke,1976
Bee,Governor,REP,Greg Abbott,4347
Bee,Governor,LIB,,87
Bell,Governor,DEM,Beto O'Rourke,34785
Bell,Governor,REP,Greg Abbott,51888
Bell,Governor,LIB,,1321
Bexar,Governor,DEM,Beto O'Rourke,311023
Bexar,Governor,REP,Greg Abbott,221993
Bexar,Governor,LIB,,8055
Blanco,Governor,DEM,Beto O'Rourke,1522
Blanco,Governor,REP,Greg Abbott,5142
Blanco,Governor,LIB,,113
Borden,Governor,DEM,Beto O'Rourke,9
Borden,Governor,REP,Greg Abbott,306
Borden,Governor,LIB,,2
Bosque,Governor,DEM,Beto O'Rourke,1094
Bosque,Governor,REP,Greg Abbott,6272
Bosque,Governor,LIB,,94
Bowie,Governor,DEM,Beto O'Rourke,6060
Bowie,Governor,REP,Greg Abbott,20206
Bowie,Governor,LIB,,327
Brazoria,Governor,DEM,Beto O'Rourke,43364
Brazoria,Governor,REP,Greg Abbott,64938
Brazoria,Governor,LIB,,1692
Brazos,Governor,DEM,Beto O'Rourke,23103
Brazos,Governor,REP,Greg Abbott,35768
Brazos,Governor,LIB,,1120
Brewster,Governor,DEM,Beto O'Rourke,1678
Brewster,Governor,REP,Greg Abbott,2014
Brewster,Governor,LIB,,71
Briscoe,Governor,DEM,Beto O'Rourke,49
Briscoe,Governor,REP,Greg Abbott,539
Briscoe,Governor,LIB,,4
Brooks,Governor,DEM,Beto O'Rourke,1204
Brooks,Governor,REP,Greg Abbott,785
Brooks,Governor,LIB,,19
Brown,Governor,DEM,Beto O'Rourke,1308
Brown,Governor,REP,Greg Abbott,10853
Brown,Governor,LIB,,124
Burleson,Governor,DEM,Beto O'Rourke,1142
Burleson,Governor,REP,Greg Abbott,5506
Burleson,Governor,LIB,,64
Burnet,Governor,DEM,Beto O'Rourke,4337
Burnet,Governor,REP,Greg Abbott,16505
Burnet,Governor,LIB,,269
Caldwell,Governor,DEM,Beto O'Rourke,4790
Caldwell,Governor,REP,Greg Abbott,6351
Caldwell,Governor,LIB,,224
Calhoun,Governor,DEM,Beto O'Rourke,1292
Calhoun,Governor,REP,Greg Abbott,4228
Calhoun,Governor,LIB,,73
Callahan,Governor,DEM,Beto O'Rourke,444
Callahan,Governor,REP,Greg Abbott,4770
Callahan,Governor,LIB,,52
Cameron,Governor,DEM,Beto O'Rourke,41667
Cameron,Governor,REP,Greg Abbott,34290
Cameron,Governor,LIB,,1170
Camp,Governor,DEM,Beto O'Rourke,863
Camp,Governor,REP,Greg Abbott,3082
Camp,Governor,LIB,,38
Carson,Governor,DEM,Beto O'Rourke,183
Carson,Governor,REP,Greg Abbott,2177
Carson,Governor,LIB,,34
Cass,Governor,DEM,Beto O'Rourke,1460
Cass,Governor,REP,Greg Abbott,8415
Cass,Governor,LIB,,94
Castro,Governor,DEM,Beto O'Rourke,239
Castro,Governor,REP,Greg Abbott,1226
Castro,Governor,LIB,,28
Chambers,Governor,DEM,Beto O'Rourke,2549
Chambers,Governor,REP,Greg Abbott,12948
Chambers,Governor,LIB,,213
Cherokee,Governor,DEM,Beto O'Rourke,2319
Cherokee,Governor,REP,Greg Abbott,12020
Cherokee,Governor,LIB,,137
Childress,Governor,DEM,Beto O'Rourke,162
Childress,Governor,REP,Greg Abbott,1562
Childress,Governor,LIB,,27
Clay,Governor,DEM,Beto O'Rourke,393
Clay,Governor,REP,Greg Abbott,4052
Clay,Governor,LIB,,44
Cochran,Governor,DEM,Beto O'Rourke,95
Cochran,Governor,REP,Greg Abbott,506
Cochran,Governor,LIB,,15
Coke,Governor,DEM,Beto O'Rourke,114
Coke,Governor,REP,Greg Abbott,1260
Coke,Governor,LIB,,15
Coleman,Governor,DEM,Beto O'Rourke,269
Coleman,Governor,REP,Greg Abbott,2942
Coleman,Governor,LIB,,29
Collin,Governor,DEM,Beto O'Rourke,161737
Collin,Governor,REP,Greg Abbott,198236
Collin,Governor,LIB,,5003
Collingsworth,Governor,DEM,Beto O'Rourke,75
Collingsworth,Governor,REP,Greg Abbott,845
Collingsworth,Governor,LIB,,5
Colorado,Governor,DEM,Beto O'Rourke,1395
Colorado,Governor,REP,Greg Abbott,6084
Colorado,Governor,LIB,,71
Comal,Governor,DEM,Beto O'Rourke,19195
Comal,Governor,REP,Greg Abbott,54503
Comal,Governor,LIB,,1065
Comanche,Governor,DEM,Beto O'Rourke,567
Comanche,Governor,REP,Greg Abbott,4203
Comanche,Governor,LIB,,59
Concho,Governor,DEM,Beto O'Rourke,109
Concho,Governor,REP,Greg Abbott,818
Concho,Governor,LIB,,16
Cooke,Governor,DEM,Beto O'Rourke,2308
Cooke,Governor,REP,Greg Abbott,12815
Cooke,Governor,LIB,,202
Coryell,Governor,DEM,Beto O'Rourke,4450
Coryell,Governor,REP,Greg Abbott,11652
Coryell,Governor,LIB,,277
Cottle,Governor,DEM,Beto O'Rourke,54
Cottle,Governor,REP,Greg Abbott,453
Cottle,Governor,LIB,,7
Crane,Governor,DEM,Beto O'Rourke,150
Crane,Governor,REP,Greg Abbott,983
Crane,Governor,LIB,,14
Crockett,Governor,DEM,Beto O'Rourke,276
Crockett,Governor,REP,Greg Abbott,964
Crockett,Governor,LIB,,33
Crosby,Governor,DEM,Beto O'Rourke,255
Crosby,Governor,REP,Greg Abbott,990
Crosby,Governor,LIB,,9
Culberson,Governor,DEM,Beto O'Rourke,328
Culberson,Governor,REP,Greg Abbott,391
Culberson,Governor,LIB,,16
Dallam,Governor,DEM,Beto O'Rourke,78
Dallam,Governor,REP,Greg Abbott,958
Dallam,Governor,LIB,,14
Dallas,Governor,DEM,Beto O'Rourke,392634
Dallas,Governor,REP,Greg Abbott,224684
Dallas,Governor,LIB,,8587
Dawson,Governor,DEM,Beto O'Rourke,402
Dawson,Governor,REP,Greg Abbott,2088
Dawson,Governor,LIB,,26
DeWitt,Governor,DEM,Beto O'Rourke,878
DeWitt,Governor,REP,Greg Abbott,5151
DeWitt,Governor,LIB,,32
Deaf Smith,Governor,DEM,Beto O'Rourke,635
Deaf Smith,Governor,REP,Greg Abbott,2281
Deaf Smith,Governor,LIB,,31
Delta,Governor,DEM,Beto O'Rourke,295
Delta,Governor,REP,Greg Abbott,1711
Delta,Governor,LIB,,21
Denton,Governor,DEM,Beto O'Rourke,136388
Denton,Governor,REP,Greg Abbott,177015
Denton,Governor,LIB,,4375
Dickens,Governor,DEM,Beto O'Rourke,98
Dickens,Governor,REP,Greg Abbott,684
Dickens,Governor,LIB,,9
Dimmit,Governor,DEM,Beto O'Rourke,1757
Dimmit,Governor,REP,Greg Abbott,1080
Dimmit,Governor,LIB,,40
Donley,Governor,DEM,Beto O'Rourke,97
Donley,Governor,REP,Greg Abbott,1084
Donley,Governor,LIB,,11
Duval,Governor,DEM,Beto O'Rourke,2018
Duval,Governor,REP,Greg Abbott,1600
Duval,Governor,LIB,,58
Eastland,Governor,DEM,Beto O'Rourke,634
Eastland,Governor,REP,Greg Abbott,5468
Eastland,Governor,LIB,,50
Ector,Governor,DEM,Beto O'Rourke,5950
Ector,Governor,REP,Greg Abbott,19212
Ector,Governor,LIB,,287
Edwards,Governor,DEM,Beto O'Rourke,99
Edwards,Governor,REP,Greg Abbott,712
Edwards,Governor,LIB,,3
El Paso,Governor,DEM,Beto O'Rourke,105156
El Paso,Governor,REP,Greg Abbott,57573
El Paso,Governor,LIB,,2789
Ellis,Governor,DEM,Beto O'Rourke,21338
Ellis,Governor,REP,Greg Abbott,45564
Ellis,Governor,LIB,,905
Erath,Governor,DEM,Beto O'Rourke,1976
Erath,Governor,REP,Greg Abbott,10956
Erath,Governor,LIB,,192
Falls,Governor,DEM,Beto O'Rourke,1168
Falls,Governor,REP,Greg Abbott,3480
Falls,Governor,LIB,,55
Fannin,Governor,DEM,Beto O'Rourke,1820
Fannin,Governor,REP,Greg Abbott,9667
Fannin,Governor,LIB,,140
Fayette,Governor,DEM,Beto O'Rourke,1748
Fayette,Governor,REP,Greg Abbott,8649
Fayette,Governor,LIB,,108
Fisher,Governor,DEM,Beto O'Rourke,210
Fisher,Governor,REP,Greg Abbott,1172
Fisher,Governor,LIB,,19
Floyd,Governor,DEM,Beto O'Rourke,201
Floyd,Governor,REP,Greg Abbott,1250
Floyd,Governor,LIB,,17
Foard,Governor,DEM,Beto O'Rourke,69
Foard,Governor,REP,Greg Abbott,452
Foard,Governor,LIB,,8
Fort Bend,Governor,DEM,Beto O'Rourke,129116
Fort Bend,Governor,REP,Greg Abbott,117249
Fort Bend,Governor,LIB,,3839
Franklin,Governor,DEM,Beto O'Rourke,512
Franklin,Governor,REP,Greg Abbott,3369
Franklin,Governor,LIB,,36
Freestone,Governor,DEM,Beto O'Rourke,991
Freestone,Governor,REP,Greg Abbott,5600
Freestone,Governor,LIB,,70
Frio,Governor,DEM,Beto O'Rourke,1791
Frio,Governor,REP,Greg Abbott,1872
Frio,Governor,LIB,,59
Gaines,Governor,DEM,Beto O'Rourke,311
Gaines,Governor,REP,Greg Abbott,3761
Gaines,Governor,LIB,,44
Galveston,Governor,DEM,Beto O'Rourke,40229
Galveston,Governor,REP,Greg Abbott,68822
Galveston,Governor,LIB,,1683
Garza,Governor,DEM,Beto O'Rourke,135
Garza,Governor,REP,Greg Abbott,1056
Garza,Governor,LIB,,9
Gillespie,Governor,DEM,Beto O'Rourke,2421
Gillespie,Governor,REP,Greg Abbott,10801
Gillespie,Governor,LIB,,167
Glasscock,Governor,DEM,Beto O'Rourke,27
Glasscock,Governor,REP,Greg Abbott,542
Glasscock,Governor,LIB,,3
Goliad,Governor,DEM,Beto O'Rourke,663
Goliad,Governor,REP,Greg Abbott,2664
Goliad,Governor,LIB,,43
Gonzales,Governor,DEM,Beto O'Rourke,1129
Gonzales,Governor,REP,Greg Abbott,4369
Gonzales,Governor,LIB,,68
Gray,Governor,DEM,Beto O'Rourke,478
Gray,Governor,REP,Greg Abbott,5013
Gray,Governor,LIB,,68
Grayson,Governor,DEM,Beto O'Rourke,9581
Grayson,Governor,REP,Greg Abbott,34948
Grayson,Governor,LIB,,520
Gregg,Governor,DEM,Beto O'Rourke,8662
Gregg,Governor,REP,Greg Abbott,24223
Gregg,Governor,LIB,,338
Grimes,Governor,DEM,Beto O'Rourke,1732
Grimes,Governor,REP,Greg Abbott,7607
Grimes,Governor,LIB,,93
Guadalupe,Governor,DEM,Beto O'Rourke,19356
Guadalupe,Governor,REP,Greg Abbott,36882
Guadalupe,Governor,LIB,,1004
Hale,Governor,DEM,Beto O'Rourke,1165
Hale,Governor,REP,Greg Abbott,5094
Hale,Governor,LIB,,73
Hall,Governor,DEM,Beto O'Rourke,94
Hall,Governor,REP,Greg Abbott,774
Hall,Governor,LIB,,11
Hamilton,Governor,DEM,Beto O'Rourke,433
Hamilton,Governor,REP,Greg Abbott,3006
Hamilton,Governor,LIB,,37
Hansford,Governor,DEM,Beto O'Rourke,91
Hansford,Governor,REP,Greg Abbott,1419
Hansford,Governor,LIB,,12
Hardeman,Governor,DEM,Beto O'Rourke,114
Hardeman,Governor,REP,Greg Abbott,866
Hardeman,Governor,LIB,,5
Hardin,Governor,DEM,Beto O'Rourke,2029
Hardin,Governor,REP,Greg Abbott,17432
Hardin,Governor,LIB,,147
Harris,Governor,DEM,Beto O'Rourke,595653
Harris,Governor,REP,Greg Abbott,490261
Harris,Governor,LIB,,16504
Harrison,Governor,DEM,Beto O'Rourke,4688
Harrison,Governor,REP,Greg Abbott,16472
Harrison,Governor,LIB,,196
Hartley,Governor,DEM,Beto O'Rourke,96
Hartley,Governor,REP,Greg Abbott,1463
Hartley,Governor,LIB,,15
Haskell,Governor,DEM,Beto O'Rourke,191
Haskell,Governor,REP,Greg Abbott,1465
Haskell,Governor,LIB,,13
Hays,Governor,DEM,Beto O'Rourke,48970
Hays,Governor,REP,Greg Abbott,39085
Hays,Governor,LIB,,1672
Hemphill,Governor,DEM,Beto O'Rourke,138
Hemphill,Governor,REP,Greg Abbott,1198
Hemphill,Governor,LIB,,25
Henderson,Governor,DEM,Beto O'Rourke,4798
Henderson,Governor,REP,Greg Abbott,22909
Henderson,Governor,LIB,,308
Hidalgo,Governor,DEM,Beto O'Rourke,82671
Hidalgo,Governor,REP,Greg Abbott,56783
Hidalgo,Governor,LIB,,1784
Hill,Governor,DEM,Beto O'Rourke,1830
Hill,Governor,REP,Greg Abbott,9418
Hill,Governor,LIB,,137
Hockley,Governor,DEM,Beto O'Rourke,786
Hockley,Governor,REP,Greg Abbott,4690
Hockley,Governor,LIB,,58
Hood,Governor,DEM,Beto O'Rourke,4301
Hood,Governor,REP,Greg Abbott,22596
Hood,Governor,LIB,,346
Hopkins,Governor,DEM,Beto O'Rourke,1999
Hopkins,Governor,REP,Greg Abbott,10223
Hopkins,Governor,LIB,,129
Houston,Governor,DEM,Beto O'Rourke,1399
Houston,Governor,REP,Greg Abbott,5726
Houston,Governor,LIB,,62
Howard,Governor,DEM,Beto O'Rourke,1077
Howard,Governor,REP,Greg Abbott,5367
Howard,Governor,LIB,,126
Hudspeth,Governor,DEM,Beto O'Rourke,260
Hudspeth,Governor,REP,Greg Abbott,588
Hudspeth,Governor,LIB,,30
Hunt,Governor,DEM,Beto O'Rourke,6422
Hunt,Governor,REP,Greg Abbott,23744
Hunt,Governor,LIB,,395
Hutchinson,Governor,DEM,Beto O'Rourke,540
Hutchinson,Governor,REP,Greg Abbott,5437
Hutchinson,Governor,LIB,,88
Irion,Governor,DEM,Beto O'Rourke,70
Irion,Governor,REP,Greg Abbott,618
Irion,Governor,LIB,,7
Jack,Governor,DEM,Beto O'Rourke,227
Jack,Governor,REP,Greg Abbott,2744
Jack,Governor,LIB,,22
Jackson,Governor,DEM,Beto O'Rourke,550
Jackson,Governor,REP,Greg Abbott,4013
Jackson,Governor,LIB,,35
Jasper,Governor,DEM,Beto O'Rourke,1601
Jasper,Governor,REP,Greg Abbott,9701
Jasper,Governor,LIB,,83
Jeff Davis,Governor,DEM,Beto O'Rourke,374
Jeff Davis,Governor,REP,Greg Abbott,641
Jeff Davis,Governor,LIB,,36
Jefferson,Governor,DEM,Beto O'Rourke,26617
Jefferson,Governor,REP,Greg Abbott,34952
Jefferson,Governor,LIB,,870
Jim Hogg,Governor,DEM,Beto O'Rourke,876
Jim Hogg,Governor,REP,Greg Abbott,650
Jim Hogg,Governor,LIB,,16
Jim Wells,Governor,DEM,Beto O'Rourke,4375
Jim Wells,Governor,REP,Greg Abbott,5063
Jim Wells,Governor,LIB,,105
Johnson,Governor,DEM,Beto O'Rourke,12266
Johnson,Governor,REP,Greg Abbott,42954
Johnson,Governor,LIB,,644
Jones,Governor,DEM,Beto O'Rourke,581
Jones,Governor,REP,Greg Abbott,4349
Jones,Governor,LIB,,62
Karnes,Governor,DEM,Beto O'Rourke,776
Karnes,Governor,REP,Greg Abbott,3007
Karnes,Governor,LIB,,35
Kaufman,Governor,DEM,Beto O'Rourke,14002
Kaufman,Governor,REP,Greg Abbott,28285
Kaufman,Governor,LIB,,525
Kendall,Governor,DEM,Beto O'Rourke,4491
Kendall,Governor,REP,Greg Abbott,17684
Kendall,Governor,LIB,,339
Kenedy,Governor,DEM,Beto O'Rourke,42
Kenedy,Governor,REP,Greg Abbott,109
Kenedy,Governor,LIB,,2
Kent,Governor,DEM,Beto O'Rourke,34
Kent,Governor,REP,Greg Abbott,312
Kent,Governor,LIB,,4
Kerr,Governor,DEM,Beto O'Rourke,4648
Kerr,Governor,REP,Greg Abbott,17524
Kerr,Governor,LIB,,310
Kimble,Governor,DEM,Beto O'Rourke,188
Kimble,Governor,REP,Greg Abbott,1666
Kimble,Governor,LIB,,22
King,Governor,DEM,Beto O'Rourke,3
King,Governor,REP,Greg Abbott,100
Kinney,Governor,DEM,Beto O'Rourke,258
Kinney,Governor,REP,Greg Abbott,907
Kinney,Governor,LIB,,26
Kleberg,Governor,DEM,Beto O'Rourke,3463
Kleberg,Governor,REP,Greg Abbott,4074
Kleberg,Governor,LIB,,92
Knox,Governor,DEM,Beto O'Rourke,140
Knox,Governor,REP,Greg Abbott,889
Knox,Governor,LIB,,11
La Salle,Governor,DEM,Beto O'Rourke,662
La Salle,Governor,REP,Greg Abbott,761
La Salle,Governor,LIB,,14
Lamar,Governor,DEM,Beto O'Rourke,2665
Lamar,Governor,REP,Greg Abbott,12546
Lamar,Governor,LIB,,157
Lamb,Governor,DEM,Beto O'Rourke,419
Lamb,Governor,REP,Greg Abbott,2628
Lamb,Governor,LIB,,34
Lampasas,Governor,DEM,Beto O'Rourke,1502
Lampasas,Governor,REP,Greg Abbott,6625
Lampasas,Governor,LIB,,130
Lavaca,Governor,DEM,Beto O'Rourke,759
Lavaca,Governor,REP,Greg Abbott,7380
Lavaca,Governor,LIB,,75
Lee,Governor,DEM,Beto O'Rourke,1095
Lee,Governor,REP,Greg Abbott,5108
Lee,Governor,LIB,,81
Leon,Governor,DEM,Beto O'Rourke,698
Leon,Governor,REP,Greg Abbott,6082
Leon,Governor,LIB,,75
Liberty,Governor,DEM,Beto O'Rourke,3488
Liberty,Governor,REP,Greg Abbott,16079
Liberty,Governor,LIB,,223
Limestone,Governor,DEM,Beto O'Rourke,1366
Limestone,Governor,REP,Greg Abbott,5390
Limestone,Governor,LIB,,98
Lipscomb,Governor,DEM,Beto O'Rourke,69
Lipscomb,Governor,REP,Greg Abbott,894
Lipscomb,Governor,LIB,,14
Live Oak,Governor,DEM,Beto O'Rourke,545
Live Oak,Governor,REP,Greg Abbott,3424
Live Oak,Governor,LIB,,32
Llano,Governor,DEM,Beto O'Rourke,1920
Llano,Governor,REP,Greg Abbott,8977
Llano,Governor,LIB,,140
Loving,Governor,DEM,Beto O'Rourke,6
Loving,Governor,REP,Greg Abbott,69
Loving,Governor,LIB,,3
Lubbock,Governor,DEM,Beto O'Rourke,24497
Lubbock,Governor,REP,Greg Abbott,58163
Lubbock,Governor,LIB,,1108
Lynn,Governor,DEM,Beto O'Rourke,196
Lynn,Governor,REP,Greg Abbott,1502
Lynn,Governor,LIB,,29
Madison,Governor,DEM,Beto O'Rourke,595
Madison,Governor,REP,Greg Abbott,3272
Madison,Governor,LIB,,40
Marion,Governor,DEM,Beto O'Rourke,700
Marion,Governor,REP,Greg Abbott,2557
Marion,Governor,LIB,,45
Martin,Governor,DEM,Beto O'Rourke,149
Martin,Governor,REP,Greg Abbott,1341
Martin,Governor,LIB,,18
Mason,Governor,DEM,Beto O'Rourke,339
Mason,Governor,REP,Greg Abbott,1702
Mason,Governor,LIB,,20
Matagorda,Governor,DEM,Beto O'Rourke,2273
Matagorda,Governor,REP,Greg Abbott,7350
Matagorda,Governor,LIB,,101
Maverick,Governor,DEM,Beto O'Rourke,5555
Maverick,Governor,REP,Greg Abbott,3860
Maverick,Governor,LIB,,166
McCulloch,Governor,DEM,Beto O'Rourke,314
McCulloch,Governor,REP,Greg Abbott,2221
McCulloch,Governor,LIB,,28
McLennan,Governor,DEM,Beto O'Rourke,23765
McLennan,Governor,REP,Greg Abbott,47875
McLennan,Governor,LIB,,950
McMullen,Governor,DEM,Beto O'Rourke,28
McMullen,Governor,REP,Greg Abbott,343
McMullen,Governor,LIB,,1
Medina,Governor,DEM,Beto O'Rourke,4591
Medina,Governor,REP,Greg Abbott,12601
Medina,Governor,LIB,,174
Menard,Governor,DEM,Beto O'Rourke,110
Menard,Governor,REP,Greg Abbott,659
Menard,Governor,LIB,,6
Midland,Governor,DEM,Beto O'Rourke,7154
Midland,Governor,REP,Greg Abbott,32389
Midland,Governor,LIB,,526
Milam,Governor,DEM,Beto O'Rourke,1559
Milam,Governor,REP,Greg Abbott,6717
Milam,Governor,LIB,,82
Mills,Governor,DEM,Beto O'Rourke,198
Mills,Governor,REP,Greg Abbott,1894
Mills,Governor,LIB,,29
Mitchell,Governor,DEM,Beto O'Rourke,185
Mitchell,Governor,REP,Greg Abbott,1576
Mitchell,Governor,LIB,,20
Montague,Governor,DEM,Beto O'Rourke,765
Montague,Governor,REP,Greg Abbott,7004
Montague,Governor,LIB,,88
Montgomery,Governor,DEM,Beto O'Rourke,52654
Montgomery,Governor,REP,Greg Abbott,152694
Montgomery,Governor,LIB,,2661
Moore,Governor,DEM,Beto O'Rourke,479
Moore,Governor,REP,Greg Abbott,3081
Moore,Governor,LIB,,43
Morris,Governor,DEM,Beto O'Rourke,921
Morris,Governor,REP,Greg Abbott,3041
Morris,Governor,LIB,,36
Motley,Governor,DEM,Beto O'Rourke,18
Motley,Governor,REP,Greg Abbott,482
Motley,Governor,LIB,,5
Nacogdoches,Governor,DEM,Beto O'Rourke,5480
Nacogdoches,Governor,REP,Greg Abbott,13248
Nacogdoches,Governor,LIB,,228
Navarro,Governor,DEM,Beto O'Rourke,3157
Navarro,Governor,REP,Greg Abbott,10829
Navarro,Governor,LIB,,156
Newton,Governor,DEM,Beto O'Rourke,689
Newton,Governor,REP,Greg Abbott,3660
Newton,Governor,LIB,,24
Nolan,Governor,DEM,Beto O'Rourke,647
Nolan,Governor,REP,Greg Abbott,3093
Nolan,Governor,LIB,,63
Nueces,Governor,DEM,Beto O'Rourke,40474
Nueces,Governor,REP,Greg Abbott,47567
Nueces,Governor,LIB,,1264
Ochiltree,Governor,DEM,Beto O'Rourke,135
Ochiltree,Governor,REP,Greg Abbott,1975
Ochiltree,Governor,LIB,,17
Oldham,Governor,DEM,Beto O'Rourke,50
Oldham,Governor,REP,Greg Abbott,710
Oldham,Governor,LIB,,10
Orange,Governor,DEM,Beto O'Rourke,3722
Orange,Governor,REP,Greg Abbott,21153
Orange,Governor,LIB,,238
Palo Pinto,Governor,DEM,Beto O'Rourke,1486
Palo Pinto,Governor,REP,Greg Abbott,7896
Palo Pinto,Governor,LIB,,109
Panola,Governor,DEM,Beto O'Rourke,1213
Panola,Governor,REP,Greg Abbott,7039
Panola,Governor,LIB,,59
Parker,Governor,DEM,Beto O'Rourke,10123
Parker,Governor,REP,Greg Abbott,52523
Parker,Governor,LIB,,822
Parmer,Governor,DEM,Beto O'Rourke,202
Parmer,Governor,REP,Greg Abbott,1546
Parmer,Governor,LIB,,20
Pecos,Governor,DEM,Beto O'Rourke,1043
Pecos,Governor,REP,Greg Abbott,2548
Pecos,Governor,LIB,,94
Polk,Governor,DEM,Beto O'Rourke,3229
Polk,Governor,REP,Greg Abbott,13377
Polk,Governor,LIB,,170
Potter,Governor,DEM,Beto O'Rourke,5361
Potter,Governor,REP,Greg Abbott,16082
Potter,Governor,LIB,,363
Presidio,Governor,DEM,Beto O'Rourke,1133
Presidio,Governor,REP,Greg Abbott,561
Presidio,Governor,LIB,,30
Rains,Governor,DEM,Beto O'Rourke,596
Rains,Governor,REP,Greg Abbott,4339
Rains,Governor,LIB,,52
Randall,Governor,DEM,Beto O'Rourke,8228
Randall,Governor,REP,Greg Abbott,39243
Randall,Governor,LIB,,561
Reagan,Governor,DEM,Beto O'Rourke,90
Reagan,Governor,REP,Greg Abbott,616
Reagan,Governor,LIB,,10
Real,Governor,DEM,Beto O'Rourke,218
Real,Governor,REP,Greg Abbott,1337
Real,Governor,LIB,,11
Red River,Governor,DEM,Beto O'Rourke,764
Red River,Governor,REP,Greg Abbott,3482
Red River,Governor,LIB,,28
Reeves,Governor,DEM,Beto O'Rourke,801
Reeves,Governor,REP,Greg Abbott,1341
Reeves,Governor,LIB,,35
Refugio,Governor,DEM,Beto O'Rourke,639
Refugio,Governor,REP,Greg Abbott,1658
Refugio,Governor,LIB,,20
Roberts,Governor,DEM,Beto O'Rourke,7
Roberts,Governor,REP,Greg Abbott,430
Roberts,Governor,LIB,,7
Robertson,Governor,DEM,Beto O'Rourke,1293
Robertson,Governor,REP,Greg Abbott,4643
Robertson,Governor,LIB,,81
Rockwall,Governor,DEM,Beto O'Rourke,12132
Rockwall,Governor,REP,Greg Abbott,30211
Rockwall,Governor,LIB,,528
Runnels,Governor,DEM,Beto O'Rourke,277
Runnels,Governor,REP,Greg Abbott,2924
Runnels,Governor,LIB,,33
Rusk,Governor,DEM,Beto O'Rourke,2694
Rusk,Governor,REP,Greg Abbott,12751
Rusk,Governor,LIB,,176
Sabine,Governor,DEM,Beto O'Rourke,385
Sabine,Governor,REP,Greg Abbott,3755
Sabine,Governor,LIB,,26
San Augustine,Governor,DEM,Beto O'Rourke,546
San Augustine,Governor,REP,Greg Abbott,2288
San Augustine,Governor,LIB,,31
San Jacinto,Governor,DEM,Beto O'Rourke,1540
San Jacinto,Governor,REP,Greg Abbott,7882
San Jacinto,Governor,LIB,,130
San Patricio,Governor,DEM,Beto O'Rourke,5643
San Patricio,Governor,REP,Greg Abbott,12028
San Patricio,Governor,LIB,,230
San Saba,Governor,DEM,Beto O'Rourke,200
San Saba,Governor,REP,Greg Abbott,1947
San Saba,Governor,LIB,,18
Schleicher,Governor,DEM,Beto O'Rourke,159
Schleicher,Governor,REP,Greg Abbott,834
Schleicher,Governor,LIB,,15
Scurry,Governor,DEM,Beto O'Rourke,480
Scurry,Governor,REP,Greg Abbott,3607
Scurry,Governor,LIB,,41
Shackelford,Governor,DEM,Beto O'Rourke,81
Shackelford,Governor,REP,Greg Abbott,1148
Shackelford,Governor,LIB,,10
Shelby,Governor,DEM,Beto O'Rourke,1045
Shelby,Governor,REP,Greg Abbott,5846
Shelby,Governor,LIB,,41
Sherman,Governor,DEM,Beto O'Rourke,35
Sherman,Governor,REP,Greg Abbott,665
Sherman,Governor,LIB,,8
Smith,Governor,DEM,Beto O'Rourke,18763
Smith,Governor,REP,Greg Abbott,56608
Smith,Governor,LIB,,880
Somervell,Governor,DEM,Beto O'Rourke,553
Somervell,Governor,REP,Greg Abbott,3430
Somervell,Governor,LIB,,55
Starr,Governor,DEM,Beto O'Rourke,6455
Starr,Governor,REP,Greg Abbott,4460
Starr,Governor,LIB,,210
Stephens,Governor,DEM,Beto O'Rourke,217
Stephens,Governor,REP,Greg Abbott,2511
Stephens,Governor,LIB,,18
Sterling,Governor,DEM,Beto O'Rourke,20
Sterling,Governor,REP,Greg Abbott,423
Sterling,Governor,LIB,,5
Stonewall,Governor,DEM,Beto O'Rourke,70
Stonewall,Governor,REP,Greg Abbott,492
Stonewall,Governor,LIB,,3
Sutton,Governor,DEM,Beto O'Rourke,178
Sutton,Governor,REP,Greg Abbott,970
Sutton,Governor,LIB,,14
Swisher,Governor,DEM,Beto O'Rourke,238
Swisher,Governor,REP,Greg Abbott,1399
Swisher,Governor,LIB,,28
Tarrant,Governor,DEM,Beto O'Rourke,279423
Tarrant,Governor,REP,Greg Abbott,303600
Tarrant,Governor,LIB,,8345
Taylor,Governor,DEM,Beto O'Rourke,8878
Taylor,Governor,REP,Greg Abbott,29974
Taylor,Governor,LIB,,559
Terrell,Governor,DEM,Beto O'Rourke,94
Terrell,Governor,REP,Greg Abbott,326
Terrell,Governor,LIB,,6
Terry,Governor,DEM,Beto O'Rourke,377
Terry,Governor,REP,Greg Abbott,2167
Terry,Governor,LIB,,46
Throckmorton,Governor,DEM,Beto O'Rourke,51
Throckmorton,Governor,REP,Greg Abbott,612
Throckmorton,Governor,LIB,,4
Titus,Governor,DEM,Beto O'Rourke,1535
Titus,Governor,REP,Greg Abbott,5701
Titus,Governor,LIB,,88
Tom Green,Governor,DEM,Beto O'Rourke,7516
Tom Green,Governor,REP,Greg Abbott,23873
Tom Green,Governor,LIB,,469
Travis,Governor,DEM,Beto O'Rourke,335810
Travis,Governor,REP,Greg Abbott,119577
Travis,Governor,LIB,,7210
Trinity,Governor,DEM,Beto O'Rourke,825
Trinity,Governor,REP,Greg Abbott,4465
Trinity,Governor,LIB,,51
Tyler,Governor,DEM,Beto O'Rourke,816
Tyler,Governor,REP,Greg Abbott,6343
Tyler,Governor,LIB,,83
Upshur,Governor,DEM,Beto O'Rourke,1856
Upshur,Governor,REP,Greg Abbott,12270
Upshur,Governor,LIB,,147
Upton,Governor,DEM,Beto O'Rourke,123
Upton,Governor,REP,Greg Abbott,907
Upton,Governor,LIB,,26
Uvalde,Governor,DEM,Beto O'Rourke,3048
Uvalde,Governor,REP,Greg Abbott,4779
Uvalde,Governor,LIB,,124
Val Verde,Governor,DEM,Beto O'Rourke,3814
Val Verde,Governor,REP,Greg Abbott,5530
Val Verde,Governor,LIB,,159
Van Zandt,Governor,DEM,Beto O'Rourke,2414
Van Zandt,Governor,REP,Greg Abbott,17698
Van Zandt,Governor,LIB,,458
Victoria,Governor,DEM,Beto O'Rourke,6452
Victoria,Governor,REP,Greg Abbott,18519
Victoria,Governor,LIB,,327
Walker,Governor,DEM,Beto O'Rourke,4861
Walker,Governor,REP,Greg Abbott,12309
Walker,Governor,LIB,,224
Waller,Governor,DEM,Beto O'Rourke,5100
Waller,Governor,REP,Greg Abbott,11381
Waller,Governor,LIB,,233
Ward,Governor,DEM,Beto O'Rourke,418
Ward,Governor,REP,Greg Abbott,2065
Ward,Governor,LIB,,35
Washington,Governor,DEM,Beto O'Rourke,2824
Washington,Governor,REP,Greg Abbott,10965
Washington,Governor,LIB,,185
Webb,Governor,DEM,Beto O'Rourke,27156
Webb,Governor,REP,Greg Abbott,16409
Webb,Governor,LIB,,1168
Wharton,Governor,DEM,Beto O'Rourke,2697
Wharton,Governor,REP,Greg Abbott,9354
Wharton,Governor,LIB,,106
Wheeler,Governor,DEM,Beto O'Rourke,103
Wheeler,Governor,REP,Greg Abbott,1569
Wheeler,Governor,LIB,,14
Wichita,Governor,DEM,Beto O'Rourke,7824
Wichita,Governor,REP,Greg Abbott,23328
Wichita,Governor,LIB,,479
Wilbarger,Governor,DEM,Beto O'Rourke,517
Wilbarger,Governor,REP,Greg Abbott,2606
Wilbarger,Governor,LIB,,29
Willacy,Governor,DEM,Beto O'Rourke,2137
Willacy,Governor,REP,Greg Abbott,1656
Willacy,Governor,LIB,,46
Williamson,Governor,DEM,Beto O'Rourke,110242
Williamson,Governor,REP,Greg Abbott,111488
Williamson,Governor,LIB,,3942
Wilson,Governor,DEM,Beto O'Rourke,4317
Wilson,Governor,REP,Greg Abbott,14952
Wilson,Governor,LIB,,201
Winkler,Governor,DEM,Beto O'Rourke,177
Winkler,Governor,REP,Greg Abbott,1130
Winkler,Governor,LIB,,14
Wise,Governor,DEM,Beto O'Rourke,3538
Wise,Governor,REP,Greg Abbott,21979
Wise,Governor,LIB,,304
Wood,Governor,DEM,Beto O'Rourke,2331
Wood,Governor,REP,Greg Abbott,15678
Wood,Governor,LIB,,164
Yoakum,Governor,DEM,Beto O'Rourke,190
Yoakum,Governor,REP,Greg Abbott,1427
Yoakum,Governor,LIB,,20
Young,Governor,DEM,Beto O'Rourke,630
Young,Governor,REP,Greg Abbott,5498
Young,Governor,LIB,,66
Zapata,Governor,DEM,Beto O'Rourke,1585
Zapata,Governor,REP,Greg Abbott,1817
Zapata,Governor,LIB,,42
Zavala,Governor,DEM,Beto O'Rourke,1642
Zavala,Governor,REP,Greg Abbott,780
Zavala,Governor,LIB,,28
Anderson,Attorney General,DEM,Rochelle Mercedes Garza,2517
Anderson,Attorney General,REP,Ken Paxton,11509
Anderson,Attorney General,LIB,,295
Andrews,Attorney General,DEM,Rochelle Mercedes Garza,496
Andrews,Attorney General,REP,Ken Paxton,3218
Andrews,Attorney General,LIB,,70
Angelina,Attorney General,DEM,Rochelle Mercedes Garza,5240
Angelina,Attorney General,REP,Ken Paxton,18652
Angelina,Attorney General,LIB,,527
Aransas,Attorney General,DEM,Rochelle Mercedes Garza,1970
Aransas,Attorney General,REP,Ken Paxton,7362
Aransas,Attorney General,LIB,,245
Archer,Attorney General,DEM,Rochelle Mercedes Garza,338
Archer,Attorney General,REP,Ken Paxton,3402
Archer,Attorney General,LIB,,78
Armstrong,Attorney General,DEM,Rochelle Mercedes Garza,55
Armstrong,Attorney General,REP,Ken Paxton,817
Armstrong,Attorney General,LIB,,21
Atascosa,Attorney General,DEM,Rochelle Mercedes Garza,3660
Atascosa,Attorney General,REP,Ken Paxton,8561
Atascosa,Attorney General,LIB,,297
Austin,Attorney General,DEM,Rochelle Mercedes Garza,1876
Austin,Attorney General,REP,Ken Paxton,8955
Austin,Attorney General,LIB,,287
Bailey,Attorney General,DEM,Rochelle Mercedes Garza,224
Bailey,Attorney General,REP,Ken Paxton,1060
Bailey,Attorney General,LIB,,29
Bandera,Attorney General,DEM,Rochelle Mercedes Garza,1842
Bandera,Attorney General,REP,Ken Paxton,8342
Bandera,Attorney General,LIB,,271
Bastrop,Attorney General,DEM,Rochelle Mercedes Garza,11940
Bastrop,Attorney General,REP,Ken Paxton,15861
Bastrop,Attorney General,LIB,,1105
Baylor,Attorney General,DEM,Rochelle Mercedes Garza,115
Baylor,Attorney General,REP,Ken Paxton,1148
Baylor,Attorney General,LIB,,30
Bee,Attorney General,DEM,Rochelle Mercedes Garza,2057
Bee,Attorney General,REP,Ken Paxton,4155
Bee,Attorney General,LIB,,120
Bell,Attorney General,DEM,Rochelle Mercedes Garza,34169
Bell,Attorney General,REP,Ken Paxton,49837
Bell,Attorney General,LIB,,2803
Bexar,Attorney General,DEM,Rochelle Mercedes Garza,302289
Bexar,Attorney General,REP,Ken Paxton,215372
Bexar,Attorney General,LIB,,15079
Blanco,Attorney General,DEM,Rochelle Mercedes Garza,1568
Blanco,Attorney General,REP,Ken Paxton,4934
Blanco,Attorney General,LIB,,219
Borden,Attorney General,DEM,Rochelle Mercedes Garza,9
Borden,Attorney General,REP,Ken Paxton,298
Borden,Attorney General,LIB,,5
Bosque,Attorney General,DEM,Rochelle Mercedes Garza,1072
Bosque,Attorney General,REP,Ken Paxton,6076
Bosque,Attorney General,LIB,,224
Bowie,Attorney General,DEM,Rochelle Mercedes Garza,6140
Bowie,Attorney General,REP,Ken Paxton,19811
Bowie,Attorney General,LIB,,443
Brazoria,Attorney General,DEM,Rochelle Mercedes Garza,42661
Brazoria,Attorney General,REP,Ken Paxton,63610
Brazoria,Attorney General,LIB,,3105
Brazos,Attorney General,DEM,Rochelle Mercedes Garza,22711
Brazos,Attorney General,REP,Ken Paxton,34287
Brazos,Attorney General,LIB,,2212
Brewster,Attorney General,DEM,Rochelle Mercedes Garza,1690
Brewster,Attorney General,REP,Ken Paxton,1880
Brewster,Attorney General,LIB,,119
Briscoe,Attorney General,DEM,Rochelle Mercedes Garza,52
Briscoe,Attorney General,REP,Ken Paxton,527
Briscoe,Attorney General,LIB,,7
Brooks,Attorney General,DEM,Rochelle Mercedes Garza,1198
Brooks,Attorney General,REP,Ken Paxton,618
Brooks,Attorney General,LIB,,40
Brown,Attorney General,DEM,Rochelle Mercedes Garza,1372
Brown,Attorney General,REP,Ken Paxton,10604
Brown,Attorney General,LIB,,228
Burleson,Attorney General,DEM,Rochelle Mercedes Garza,1145
Burleson,Attorney General,REP,Ken Paxton,5356
Burleson,Attorney General,LIB,,163
Burnet,Attorney General,DEM,Rochelle Mercedes Garza,4434
Burnet,Attorney General,REP,Ken Paxton,15758
Burnet,Attorney General,LIB,,806
Caldwell,Attorney General,DEM,Rochelle Mercedes Garza,4806
Caldwell,Attorney General,REP,Ken Paxton,6017
Caldwell,Attorney General,LIB,,402
Calhoun,Attorney General,DEM,Rochelle Mercedes Garza,1356
Calhoun,Attorney General,REP,Ken Paxton,4090
Calhoun,Attorney General,LIB,,108
Callahan,Attorney General,DEM,Rochelle Mercedes Garza,494
Callahan,Attorney General,REP,Ken Paxton,4652
Callahan,Attorney General,LIB,,99
Cameron,Attorney General,DEM,Rochelle Mercedes Garza,41670
Cameron,Attorney General,REP,Ken Paxton,32387
Cameron,Attorney General,LIB,,1655
Camp,Attorney General,DEM,Rochelle Mercedes Garza,862
Camp,Attorney General,REP,Ken Paxton,3032
Camp,Attorney General,LIB,,67
Carson,Attorney General,DEM,Rochelle Mercedes Garza,205
Carson,Attorney General,REP,Ken Paxton,2131
Carson,Attorney General,LIB,,49
Cass,Attorney General,DEM,Rochelle Mercedes Garza,1511
Cass,Attorney General,REP,Ken Paxton,8306
Cass,Attorney General,LIB,,124
Castro,Attorney General,DEM,Rochelle Mercedes Garza,274
Castro,Attorney General,REP,Ken Paxton,1175
Castro,Attorney General,LIB,,21
Chambers,Attorney General,DEM,Rochelle Mercedes Garza,2482
Chambers,Attorney General,REP,Ken Paxton,12803
Chambers,Attorney General,LIB,,349
Cherokee,Attorney General,DEM,Rochelle Mercedes Garza,2408
Cherokee,Attorney General,REP,Ken Paxton,11685
Cherokee,Attorney General,LIB,,274
Childress,Attorney General,DEM,Rochelle Mercedes Garza,169
Childress,Attorney General,REP,Ken Paxton,1535
Childress,Attorney General,LIB,,24
Clay,Attorney General,DEM,Rochelle Mercedes Garza,421
Clay,Attorney General,REP,Ken Paxton,3962
Clay,Attorney General,LIB,,77
Cochran,Attorney General,DEM,Rochelle Mercedes Garza,99
Cochran,Attorney General,REP,Ken Paxton,492
Cochran,Attorney General,LIB,,17
Coke,Attorney General,DEM,Rochelle Mercedes Garza,136
Coke,Attorney General,REP,Ken Paxton,1216
Coke,Attorney General,LIB,,22
Coleman,Attorney General,DEM,Rochelle Mercedes Garza,290
Coleman,Attorney General,REP,Ken Paxton,2885
Coleman,Attorney General,LIB,,34
Collin,Attorney General,DEM,Rochelle Mercedes Garza,158832
Collin,Attorney General,REP,Ken Paxton,187860
Collin,Attorney General,LIB,,12692
Collingsworth,Attorney General,DEM,Rochelle Mercedes Garza,73
Collingsworth,Attorney General,REP,Ken Paxton,824
Collingsworth,Attorney General,LIB,,16
Colorado,Attorney General,DEM,Rochelle Mercedes Garza,1403
Colorado,Attorney General,REP,Ken Paxton,5945
Colorado,Attorney General,LIB,,149
Comal,Attorney General,DEM,Rochelle Mercedes Garza,18968
Comal,Attorney General,REP,Ken Paxton,53166
Comal,Attorney General,LIB,,2296
Comanche,Attorney General,DEM,Rochelle Mercedes Garza,578
Comanche,Attorney General,REP,Ken Paxton,4094
Comanche,Attorney General,LIB,,134
Concho,Attorney General,DEM,Rochelle Mercedes Garza,125
Concho,Attorney General,REP,Ken Paxton,788
Concho,Attorney General,LIB,,21
Cooke,Attorney General,DEM,Rochelle Mercedes Garza,2281
Cooke,Attorney General,REP,Ken Paxton,12440
Cooke,Attorney General,LIB,,464
Coryell,Attorney General,DEM,Rochelle Mercedes Garza,4367
Coryell,Attorney General,REP,Ken Paxton,11302
Coryell,Attorney General,LIB,,569
Cottle,Attorney General,DEM,Rochelle Mercedes Garza,60
Cottle,Attorney General,REP,Ken Paxton,441
Cottle,Attorney General,LIB,,5
Crane,Attorney General,DEM,Rochelle Mercedes Garza,159
Crane,Attorney General,REP,Ken Paxton,918
Crane,Attorney General,LIB,,23
Crockett,Attorney General,DEM,Rochelle Mercedes Garza,299
Crockett,Attorney General,REP,Ken Paxton,872
Crockett,Attorney General,LIB,,21
Crosby,Attorney General,DEM,Rochelle Mercedes Garza,281
Crosby,Attorney General,REP,Ken Paxton,946
Crosby,Attorney General,LIB,,28
Culberson,Attorney General,DEM,Rochelle Mercedes Garza,303
Culberson,Attorney General,REP,Ken Paxton,323
Culberson,Attorney General,LIB,,20
Dallam,Attorney General,DEM,Rochelle Mercedes Garza,89
Dallam,Attorney General,REP,Ken Paxton,939
Dallam,Attorney General,LIB,,14
Dallas,Attorney General,DEM,Rochelle Mercedes Garza,388473
Dallas,Attorney General,REP,Ken Paxton,210740
Dallas,Attorney General,LIB,,22039
Dawson,Attorney General,DEM,Rochelle Mercedes Garza,432
Dawson,Attorney General,REP,Ken Paxton,2018
Dawson,Attorney General,LIB,,50
DeWitt,Attorney General,DEM,Rochelle Mercedes Garza,887
DeWitt,Attorney General,REP,Ken Paxton,5036
DeWitt,Attorney General,LIB,,84
Deaf Smith,Attorney General,DEM,Rochelle Mercedes Garza,658
Deaf Smith,Attorney General,REP,Ken Paxton,2232
Deaf Smith,Attorney General,LIB,,49
Delta,Attorney General,DEM,Rochelle Mercedes Garza,308
Delta,Attorney General,REP,Ken Paxton,1651
Delta,Attorney General,LIB,,50
Denton,Attorney General,DEM,Rochelle Mercedes Garza,133976
Denton,Attorney General,REP,Ken Paxton,169999
Denton,Attorney General,LIB,,11388
Dickens,Attorney General,DEM,Rochelle Mercedes Garza,95
Dickens,Attorney General,REP,Ken Paxton,680
Dickens,Attorney General,LIB,,9
Dimmit,Attorney General,DEM,Rochelle Mercedes Garza,1611
Dimmit,Attorney General,REP,Ken Paxton,930
Dimmit,Attorney General,LIB,,60
Donley,Attorney General,DEM,Rochelle Mercedes Garza,110
Donley,Attorney General,REP,Ken Paxton,1047
Donley,Attorney General,LIB,,22
Duval,Attorney General,DEM,Rochelle Mercedes Garza,1921
Duval,Attorney General,REP,Ken Paxton,1217
Duval,Attorney General,LIB,,58
Eastland,Attorney General,DEM,Rochelle Mercedes Garza,665
Eastland,Attorney General,REP,Ken Paxton,5374
Eastland,Attorney General,LIB,,86
Ector,Attorney General,DEM,Rochelle Mercedes Garza,5965
Ector,Attorney General,REP,Ken Paxton,18587
Ector,Attorney General,LIB,,585
Edwards,Attorney General,DEM,Rochelle Mercedes Garza,90
Edwards,Attorney General,REP,Ken Paxton,698
Edwards,Attorney General,LIB,,14
El Paso,Attorney General,DEM,Rochelle Mercedes Garza,101187
El Paso,Attorney General,REP,Ken Paxton,55735
El Paso,Attorney General,LIB,,4943
Ellis,Attorney General,DEM,Rochelle Mercedes Garza,20733
Ellis,Attorney General,REP,Ken Paxton,43753
Ellis,Attorney General,LIB,,2309
Erath,Attorney General,DEM,Rochelle Mercedes Garza,1980
Erath,Attorney General,REP,Ken Paxton,10691
Erath,Attorney General,LIB,,379
Falls,Attorney General,DEM,Rochelle Mercedes Garza,1176
Falls,Attorney General,REP,Ken Paxton,3403
Falls,Attorney General,LIB,,108
Fannin,Attorney General,DEM,Rochelle Mercedes Garza,1843
Fannin,Attorney General,REP,Ken Paxton,9389
Fannin,Attorney General,LIB,,323
Fayette,Attorney General,DEM,Rochelle Mercedes Garza,1803
Fayette,Attorney General,REP,Ken Paxton,8333
Fayette,Attorney General,LIB,,252
Fisher,Attorney General,DEM,Rochelle Mercedes Garza,229
Fisher,Attorney General,REP,Ken Paxton,1129
Fisher,Attorney General,LIB,,27
Floyd,Attorney General,DEM,Rochelle Mercedes Garza,209
Floyd,Attorney General,REP,Ken Paxton,1214
Floyd,Attorney General,LIB,,27
Foard,Attorney General,DEM,Rochelle Mercedes Garza,77
Foard,Attorney General,REP,Ken Paxton,420
Foard,Attorney General,LIB,,6
Fort Bend,Attorney General,DEM,Rochelle Mercedes Garza,125792
Fort Bend,Attorney General,REP,Ken Paxton,114934
Fort Bend,Attorney General,LIB,,6152
Franklin,Attorney General,DEM,Rochelle Mercedes Garza,530
Franklin,Attorney General,REP,Ken Paxton,3279
Franklin,Attorney General,LIB,,77
Freestone,Attorney General,DEM,Rochelle Mercedes Garza,967
Freestone,Attorney General,REP,Ken Paxton,5483
Freestone,Attorney General,LIB,,151
Frio,Attorney General,DEM,Rochelle Mercedes Garza,1607
Frio,Attorney General,REP,Ken Paxton,1694
Frio,Attorney General,LIB,,92
Gaines,Attorney General,DEM,Rochelle Mercedes Garza,340
Gaines,Attorney General,REP,Ken Paxton,3680
Gaines,Attorney General,LIB,,56
Galveston,Attorney General,DEM,Rochelle Mercedes Garza,39656
Galveston,Attorney General,REP,Ken Paxton,67199
Galveston,Attorney General,LIB,,3311
Garza,Attorney General,DEM,Rochelle Mercedes Garza,137
Garza,Attorney General,REP,Ken Paxton,1021
Garza,Attorney General,LIB,,23
Gillespie,Attorney General,DEM,Rochelle Mercedes Garza,2469
Gillespie,Attorney General,REP,Ken Paxton,10476
Gillespie,Attorney General,LIB,,393
Glasscock,Attorney General,DEM,Rochelle Mercedes Garza,29
Glasscock,Attorney General,REP,Ken Paxton,525
Glasscock,Attorney General,LIB,,4
Goliad,Attorney General,DEM,Rochelle Mercedes Garza,702
Goliad,Attorney General,REP,Ken Paxton,2515
Goliad,Attorney General,LIB,,69
Gonzales,Attorney General,DEM,Rochelle Mercedes Garza,1089
Gonzales,Attorney General,REP,Ken Paxton,4267
Gonzales,Attorney General,LIB,,114
Gray,Attorney General,DEM,Rochelle Mercedes Garza,496
Gray,Attorney General,REP,Ken Paxton,4932
Gray,Attorney General,LIB,,109
Grayson,Attorney General,DEM,Rochelle Mercedes Garza,9722
Grayson,Attorney General,REP,Ken Paxton,33841
Grayson,Attorney General,LIB,,1102
Gregg,Attorney General,DEM,Rochelle Mercedes Garza,8793
Gregg,Attorney General,REP,Ken Paxton,23463
Gregg,Attorney General,LIB,,719
Grimes,Attorney General,DEM,Rochelle Mercedes Garza,1748
Grimes,Attorney General,REP,Ken Paxton,7426
Grimes,Attorney General,LIB,,211
Guadalupe,Attorney General,DEM,Rochelle Mercedes Garza,18914
Guadalupe,Attorney General,REP,Ken Paxton,35798
Guadalupe,Attorney General,LIB,,1890
Hale,Attorney General,DEM,Rochelle Mercedes Garza,1213
Hale,Attorney General,REP,Ken Paxton,4922
Hale,Attorney General,LIB,,130
Hall,Attorney General,DEM,Rochelle Mercedes Garza,95
Hall,Attorney General,REP,Ken Paxton,756
Hall,Attorney General,LIB,,12
Hamilton,Attorney General,DEM,Rochelle Mercedes Garza,450
Hamilton,Attorney General,REP,Ken Paxton,2909
Hamilton,Attorney General,LIB,,85
Hansford,Attorney General,DEM,Rochelle Mercedes Garza,92
Hansford,Attorney General,REP,Ken Paxton,1387
Hansford,Attorney General,LIB,,20
Hardeman,Attorney General,DEM,Rochelle Mercedes Garza,116
Hardeman,Attorney General,REP,Ken Paxton,852
Hardeman,Attorney General,LIB,,8
Hardin,Attorney General,DEM,Rochelle Mercedes Garza,2034
Hardin,Attorney General,REP,Ken Paxton,17256
Hardin,Attorney General,LIB,,280
Harris,Attorney General,DEM,Rochelle Mercedes Garza,584535
Harris,Attorney General,REP,Ken Paxton,480141
Harris,Attorney General,LIB,,29378
Harrison,Attorney General,DEM,Rochelle Mercedes Garza,4748
Harrison,Attorney General,REP,Ken Paxton,16158
Harrison,Attorney General,LIB,,342
Hartley,Attorney General,DEM,Rochelle Mercedes Garza,102
Hartley,Attorney General,REP,Ken Paxton,1428
Hartley,Attorney General,LIB,,28
Haskell,Attorney General,DEM,Rochelle Mercedes Garza,216
Haskell,Attorney General,REP,Ken Paxton,1410
Haskell,Attorney General,LIB,,26
Hays,Attorney General,DEM,Rochelle Mercedes Garza,48434
Hays,Attorney General,REP,Ken Paxton,37150
Hays,Attorney General,LIB,,3363
Hemphill,Attorney General,DEM,Rochelle Mercedes Garza,161
Hemphill,Attorney General,REP,Ken Paxton,1119
Hemphill,Attorney General,LIB,,43
Henderson,Attorney General,DEM,Rochelle Mercedes Garza,4761
Henderson,Attorney General,REP,Ken Paxton,22185
Henderson,Attorney General,LIB,,744
Hidalgo,Attorney General,DEM,Rochelle Mercedes Garza,80498
Hidalgo,Attorney General,REP,Ken Paxton,53208
Hidalgo,Attorney General,LIB,,2635
Hill,Attorney General,DEM,Rochelle Mercedes Garza,1857
Hill,Attorney General,REP,Ken Paxton,9167
Hill,Attorney General,LIB,,295
Hockley,Attorney General,DEM,Rochelle Mercedes Garza,806
Hockley,Attorney General,REP,Ken Paxton,4585
Hockley,Attorney General,LIB,,100
Hood,Attorney General,DEM,Rochelle Mercedes Garza,4332
Hood,Attorney General,REP,Ken Paxton,21760
Hood,Attorney General,LIB,,911
Hopkins,Attorney General,DEM,Rochelle Mercedes Garza,1998
Hopkins,Attorney General,REP,Ken Paxton,9991
Hopkins,Attorney General,LIB,,289
Houston,Attorney General,DEM,Rochelle Mercedes Garza,1415
Houston,Attorney General,REP,Ken Paxton,5608
Houston,Attorney General,LIB,,112
Howard,Attorney General,DEM,Rochelle Mercedes Garza,1124
Howard,Attorney General,REP,Ken Paxton,5226
Howard,Attorney General,LIB,,150
Hudspeth,Attorney General,DEM,Rochelle Mercedes Garza,277
Hudspeth,Attorney General,REP,Ken Paxton,542
Hudspeth,Attorney General,LIB,,25
Hunt,Attorney General,DEM,Rochelle Mercedes Garza,6319
Hunt,Attorney General,REP,Ken Paxton,23071
Hunt,Attorney General,LIB,,894
Hutchinson,Attorney General,DEM,Rochelle Mercedes Garza,560
Hutchinson,Attorney General,REP,Ken Paxton,5329
Hutchinson,Attorney General,LIB,,144
Irion,Attorney General,DEM,Rochelle Mercedes Garza,70
Irion,Attorney General,REP,Ken Paxton,605
Irion,Attorney General,LIB,,17
Jack,Attorney General,DEM,Rochelle Mercedes Garza,241
Jack,Attorney General,REP,Ken Paxton,2671
Jack,Attorney General,LIB,,62
Jackson,Attorney General,DEM,Rochelle Mercedes Garza,562
Jackson,Attorney General,REP,Ken Paxton,3938
Jackson,Attorney General,LIB,,76
Jasper,Attorney General,DEM,Rochelle Mercedes Garza,1597
Jasper,Attorney General,REP,Ken Paxton,9542
Jasper,Attorney General,LIB,,149
Jeff Davis,Attorney General,DEM,Rochelle Mercedes Garza,387
Jeff Davis,Attorney General,REP,Ken Paxton,604
Jeff Davis,Attorney General,LIB,,40
Jefferson,Attorney General,DEM,Rochelle Mercedes Garza,26673
Jefferson,Attorney General,REP,Ken Paxton,34028
Jefferson,Attorney General,LIB,,1011
Jim Hogg,Attorney General,DEM,Rochelle Mercedes Garza,865
Jim Hogg,Attorney General,REP,Ken Paxton,445
Jim Hogg,Attorney General,LIB,,25
Jim Wells,Attorney General,DEM,Rochelle Mercedes Garza,4467
Jim Wells,Attorney General,REP,Ken Paxton,4654
Jim Wells,Attorney General,LIB,,159
Johnson,Attorney General,DEM,Rochelle Mercedes Garza,12057
Johnson,Attorney General,REP,Ken Paxton,41701
Johnson,Attorney General,LIB,,1821
Jones,Attorney General,DEM,Rochelle Mercedes Garza,625
Jones,Attorney General,REP,Ken Paxton,4254
Jones,Attorney General,LIB,,85
Karnes,Attorney General,DEM,Rochelle Mercedes Garza,786
Karnes,Attorney General,REP,Ken Paxton,2913
Karnes,Attorney General,LIB,,65
Kaufman,Attorney General,DEM,Rochelle Mercedes Garza,13649
Kaufman,Attorney General,REP,Ken Paxton,27357
Kaufman,Attorney General,LIB,,1348
Kendall,Attorney General,DEM,Rochelle Mercedes Garza,4520
Kendall,Attorney General,REP,Ken Paxton,17160
Kendall,Attorney General,LIB,,659
Kenedy,Attorney General,DEM,Rochelle Mercedes Garza,39
Kenedy,Attorney General,REP,Ken Paxton,94
Kenedy,Attorney General,LIB,,3
Kent,Attorney General,DEM,Rochelle Mercedes Garza,32
Kent,Attorney General,REP,Ken Paxton,307
Kent,Attorney General,LIB,,6
Kerr,Attorney General,DEM,Rochelle Mercedes Garza,4683
Kerr,Attorney General,REP,Ken Paxton,17125
Kerr,Attorney General,LIB,,611
Kimble,Attorney General,DEM,Rochelle Mercedes Garza,194
Kimble,Attorney General,REP,Ken Paxton,1612
Kimble,Attorney General,LIB,,41
King,Attorney General,DEM,Rochelle Mercedes Garza,1
King,Attorney General,REP,Ken Paxton,99
King,Attorney General,LIB,,1
Kinney,Attorney General,DEM,Rochelle Mercedes Garza,245
Kinney,Attorney General,REP,Ken Paxton,866
Kinney,Attorney General,LIB,,37
Kleberg,Attorney General,DEM,Rochelle Mercedes Garza,3499
Kleberg,Attorney General,REP,Ken Paxton,3879
Kleberg,Attorney General,LIB,,142
Knox,Attorney General,DEM,Rochelle Mercedes Garza,153
Knox,Attorney General,REP,Ken Paxton,861
Knox,Attorney General,LIB,,16
La Salle,Attorney General,DEM,Rochelle Mercedes Garza,612
La Salle,Attorney General,REP,Ken Paxton,707
La Salle,Attorney General,LIB,,22
Lamar,Attorney General,DEM,Rochelle Mercedes Garza,2635
Lamar,Attorney General,REP,Ken Paxton,12262
Lamar,Attorney General,LIB,,341
Lamb,Attorney General,DEM,Rochelle Mercedes Garza,426
Lamb,Attorney General,REP,Ken Paxton,2572
Lamb,Attorney General,LIB,,53
Lampasas,Attorney General,DEM,Rochelle Mercedes Garza,1494
Lampasas,Attorney General,REP,Ken Paxton,6402
Lampasas,Attorney General,LIB,,291
Lavaca,Attorney General,DEM,Rochelle Mercedes Garza,814
Lavaca,Attorney General,REP,Ken Paxton,7162
Lavaca,Attorney General,LIB,,132
Lee,Attorney General,DEM,Rochelle Mercedes Garza,1119
Lee,Attorney General,REP,Ken Paxton,4941
Lee,Attorney General,LIB,,147
Leon,Attorney General,DEM,Rochelle Mercedes Garza,720
Leon,Attorney General,REP,Ken Paxton,5979
Leon,Attorney General,LIB,,111
Liberty,Attorney General,DEM,Rochelle Mercedes Garza,3455
Liberty,Attorney General,REP,Ken Paxton,15837
Liberty,Attorney General,LIB,,445
Limestone,Attorney General,DEM,Rochelle Mercedes Garza,1365
Limestone,Attorney General,REP,Ken Paxton,5261
Limestone,Attorney General,LIB,,176
Lipscomb,Attorney General,DEM,Rochelle Mercedes Garza,94
Lipscomb,Attorney General,REP,Ken Paxton,860
Lipscomb,Attorney General,LIB,,17
Live Oak,Attorney General,DEM,Rochelle Mercedes Garza,550
Live Oak,Attorney General,REP,Ken Paxton,3375
Live Oak,Attorney General,LIB,,46
Llano,Attorney General,DEM,Rochelle Mercedes Garza,2003
Llano,Attorney General,REP,Ken Paxton,8620
Llano,Attorney General,LIB,,323
Loving,Attorney General,DEM,Rochelle Mercedes Garza,8
Loving,Attorney General,REP,Ken Paxton,60
Loving,Attorney General,LIB,,4
Lubbock,Attorney General,DEM,Rochelle Mercedes Garza,24249
Lubbock,Attorney General,REP,Ken Paxton,56286
Lubbock,Attorney General,LIB,,2513
Lynn,Attorney General,DEM,Rochelle Mercedes Garza,213
Lynn,Attorney General,REP,Ken Paxton,1465
Lynn,Attorney General,LIB,,34
Madison,Attorney General,DEM,Rochelle Mercedes Garza,595
Madison,Attorney General,REP,Ken Paxton,3198
Madison,Attorney General,LIB,,82
Marion,Attorney General,DEM,Rochelle Mercedes Garza,724
Marion,Attorney General,REP,Ken Paxton,2502
Marion,Attorney General,LIB,,57
Martin,Attorney General,DEM,Rochelle Mercedes Garza,165
Martin,Attorney General,REP,Ken Paxton,1299
Martin,Attorney General,LIB,,23
Mason,Attorney General,DEM,Rochelle Mercedes Garza,365
Mason,Attorney General,REP,Ken Paxton,1623
Mason,Attorney General,LIB,,49
Matagorda,Attorney General,DEM,Rochelle Mercedes Garza,2242
Matagorda,Attorney General,REP,Ken Paxton,7165
Matagorda,Attorney General,LIB,,241
Maverick,Attorney General,DEM,Rochelle Mercedes Garza,5063
Maverick,Attorney General,REP,Ken Paxton,3326
Maverick,Attorney General,LIB,,211
McCulloch,Attorney General,DEM,Rochelle Mercedes Garza,322
McCulloch,Attorney General,REP,Ken Paxton,2179
McCulloch,Attorney General,LIB,,48
McLennan,Attorney General,DEM,Rochelle Mercedes Garza,23613
McLennan,Attorney General,REP,Ken Paxton,46217
McLennan,Attorney General,LIB,,2161
McMullen,Attorney General,DEM,Rochelle Mercedes Garza,31
McMullen,Attorney General,REP,Ken Paxton,334
McMullen,Attorney General,LIB,,4
Medina,Attorney General,DEM,Rochelle Mercedes Garza,4515
Medina,Attorney General,REP,Ken Paxton,12293
Medina,Attorney General,LIB,,435
Menard,Attorney General,DEM,Rochelle Mercedes Garza,117
Menard,Attorney General,REP,Ken Paxton,635
Menard,Attorney General,LIB,,14
Midland,Attorney General,DEM,Rochelle Mercedes Garza,7195
Midland,Attorney General,REP,Ken Paxton,31143
Midland,Attorney General,LIB,,1075
Milam,Attorney General,DEM,Rochelle Mercedes Garza,1585
Milam,Attorney General,REP,Ken Paxton,6488
Milam,Attorney General,LIB,,230
Mills,Attorney General,DEM,Rochelle Mercedes Garza,200
Mills,Attorney General,REP,Ken Paxton,1858
Mills,Attorney General,LIB,,53
Mitchell,Attorney General,DEM,Rochelle Mercedes Garza,195
Mitchell,Attorney General,REP,Ken Paxton,1531
Mitchell,Attorney General,LIB,,34
Montague,Attorney General,DEM,Rochelle Mercedes Garza,814
Montague,Attorney General,REP,Ken Paxton,6808
Montague,Attorney General,LIB,,154
Montgomery,Attorney General,DEM,Rochelle Mercedes Garza,51691
Montgomery,Attorney General,REP,Ken Paxton,149854
Montgomery,Attorney General,LIB,,5305
Moore,Attorney General,DEM,Rochelle Mercedes Garza,498
Moore,Attorney General,REP,Ken Paxton,3008
Moore,Attorney General,LIB,,65
Morris,Attorney General,DEM,Rochelle Mercedes Garza,918
Morris,Attorney General,REP,Ken Paxton,2992
Morris,Attorney General,LIB,,59
Motley,Attorney General,DEM,Rochelle Mercedes Garza,24
Motley,Attorney General,REP,Ken Paxton,471
Motley,Attorney General,LIB,,4
Nacogdoches,Attorney General,DEM,Rochelle Mercedes Garza,5446
Nacogdoches,Attorney General,REP,Ken Paxton,12918
Nacogdoches,Attorney General,LIB,,469
Navarro,Attorney General,DEM,Rochelle Mercedes Garza,3101
Navarro,Attorney General,REP,Ken Paxton,10509
Navarro,Attorney General,LIB,,444
Newton,Attorney General,DEM,Rochelle Mercedes Garza,690
Newton,Attorney General,REP,Ken Paxton,3585
Newton,Attorney General,LIB,,67
Nolan,Attorney General,DEM,Rochelle Mercedes Garza,678
Nolan,Attorney General,REP,Ken Paxton,2991
Nolan,Attorney General,LIB,,81
Nueces,Attorney General,DEM,Rochelle Mercedes Garza,40226
Nueces,Attorney General,REP,Ken Paxton,46057
Nueces,Attorney General,LIB,,2118
Ochiltree,Attorney General,DEM,Rochelle Mercedes Garza,154
Ochiltree,Attorney General,REP,Ken Paxton,1931
Ochiltree,Attorney General,LIB,,33
Oldham,Attorney General,DEM,Rochelle Mercedes Garza,56
Oldham,Attorney General,REP,Ken Paxton,697
Oldham,Attorney General,LIB,,14
Orange,Attorney General,DEM,Rochelle Mercedes Garza,3781
Orange,Attorney General,REP,Ken Paxton,20853
Orange,Attorney General,LIB,,345
Palo Pinto,Attorney General,DEM,Rochelle Mercedes Garza,1492
Palo Pinto,Attorney General,REP,Ken Paxton,7659
Palo Pinto,Attorney General,LIB,,275
Panola,Attorney General,DEM,Rochelle Mercedes Garza,1247
Panola,Attorney General,REP,Ken Paxton,6932
Panola,Attorney General,LIB,,91
Parker,Attorney General,DEM,Rochelle Mercedes Garza,9983
Parker,Attorney General,REP,Ken Paxton,50933
Parker,Attorney General,LIB,,2187
Parmer,Attorney General,DEM,Rochelle Mercedes Garza,222
Parmer,Attorney General,REP,Ken Paxton,1497
Parmer,Attorney General,LIB,,33
Pecos,Attorney General,DEM,Rochelle Mercedes Garza,1125
Pecos,Attorney General,REP,Ken Paxton,2335
Pecos,Attorney General,LIB,,83
Polk,Attorney General,DEM,Rochelle Mercedes Garza,3226
Polk,Attorney General,REP,Ken Paxton,13072
Polk,Attorney General,LIB,,387
Potter,Attorney General,DEM,Rochelle Mercedes Garza,5463
Potter,Attorney General,REP,Ken Paxton,15654
Potter,Attorney General,LIB,,549
Presidio,Attorney General,DEM,Rochelle Mercedes Garza,1165
Presidio,Attorney General,REP,Ken Paxton,438
Presidio,Attorney General,LIB,,36
Rains,Attorney General,DEM,Rochelle Mercedes Garza,610
Rains,Attorney General,REP,Ken Paxton,4226
Rains,Attorney General,LIB,,128
Randall,Attorney General,DEM,Rochelle Mercedes Garza,8418
Randall,Attorney General,REP,Ken Paxton,38245
Randall,Attorney General,LIB,,1098
Reagan,Attorney General,DEM,Rochelle Mercedes Garza,98
Reagan,Attorney General,REP,Ken Paxton,591
Reagan,Attorney General,LIB,,9
Real,Attorney General,DEM,Rochelle Mercedes Garza,216
Real,Attorney General,REP,Ken Paxton,1308
Real,Attorney General,LIB,,31
Red River,Attorney General,DEM,Rochelle Mercedes Garza,749
Red River,Attorney General,REP,Ken Paxton,3421
Red River,Attorney General,LIB,,84
Reeves,Attorney General,DEM,Rochelle Mercedes Garza,854
Reeves,Attorney General,REP,Ken Paxton,1150
Reeves,Attorney General,LIB,,30
Refugio,Attorney General,DEM,Rochelle Mercedes Garza,660
Refugio,Attorney General,REP,Ken Paxton,1578
Refugio,Attorney General,LIB,,37
Roberts,Attorney General,DEM,Rochelle Mercedes Garza,8
Roberts,Attorney General,REP,Ken Paxton,426
Roberts,Attorney General,LIB,,8
Robertson,Attorney General,DEM,Rochelle Mercedes Garza,1308
Robertson,Attorney General,REP,Ken Paxton,4521
Robertson,Attorney General,LIB,,137
Rockwall,Attorney General,DEM,Rochelle Mercedes Garza,12147
Rockwall,Attorney General,REP,Ken Paxton,29118
Rockwall,Attorney General,LIB,,1487
Runnels,Attorney General,DEM,Rochelle Mercedes Garza,305
Runnels,Attorney General,REP,Ken Paxton,2864
Runnels,Attorney General,LIB,,51
Rusk,Attorney General,DEM,Rochelle Mercedes Garza,2727
Rusk,Attorney General,REP,Ken Paxton,12473
Rusk,Attorney General,LIB,,282
Sabine,Attorney General,DEM,Rochelle Mercedes Garza,407
Sabine,Attorney General,REP,Ken Paxton,3725
Sabine,Attorney General,LIB,,34
San Augustine,Attorney General,DEM,Rochelle Mercedes Garza,580
San Augustine,Attorney General,REP,Ken Paxton,2228
San Augustine,Attorney General,LIB,,43
San Jacinto,Attorney General,DEM,Rochelle Mercedes Garza,1532
San Jacinto,Attorney General,REP,Ken Paxton,7778
San Jacinto,Attorney General,LIB,,193
San Patricio,Attorney General,DEM,Rochelle Mercedes Garza,5712
San Patricio,Attorney General,REP,Ken Paxton,11626
San Patricio,Attorney General,LIB,,377
San Saba,Attorney General,DEM,Rochelle Mercedes Garza,203
San Saba,Attorney General,REP,Ken Paxton,1907
San Saba,Attorney General,LIB,,36
Schleicher,Attorney General,DEM,Rochelle Mercedes Garza,182
Schleicher,Attorney General,REP,Ken Paxton,771
Schleicher,Attorney General,LIB,,17
Scurry,Attorney General,DEM,Rochelle Mercedes Garza,480
Scurry,Attorney General,REP,Ken Paxton,3536
Scurry,Attorney General,LIB,,70
Shackelford,Attorney General,DEM,Rochelle Mercedes Garza,104
Shackelford,Attorney General,REP,Ken Paxton,1106
Shackelford,Attorney General,LIB,,18
Shelby,Attorney General,DEM,Rochelle Mercedes Garza,1045
Shelby,Attorney General,REP,Ken Paxton,5769
Shelby,Attorney General,LIB,,85
Sherman,Attorney General,DEM,Rochelle Mercedes Garza,41
Sherman,Attorney General,REP,Ken Paxton,649
Sherman,Attorney General,LIB,,13
Smith,Attorney General,DEM,Rochelle Mercedes Garza,18910
Smith,Attorney General,REP,Ken Paxton,54925
Smith,Attorney General,LIB,,1751
Somervell,Attorney General,DEM,Rochelle Mercedes Garza,554
Somervell,Attorney General,REP,Ken Paxton,3336
Somervell,Attorney General,LIB,,104
Starr,Attorney General,DEM,Rochelle Mercedes Garza,4940
Starr,Attorney General,REP,Ken Paxton,3290
Starr,Attorney General,LIB,,240
Stephens,Attorney General,DEM,Rochelle Mercedes Garza,236
Stephens,Attorney General,REP,Ken Paxton,2455
Stephens,Attorney General,LIB,,35
Sterling,Attorney General,DEM,Rochelle Mercedes Garza,28
Sterling,Attorney General,REP,Ken Paxton,410
Sterling,Attorney General,LIB,,5
Stonewall,Attorney General,DEM,Rochelle Mercedes Garza,86
Stonewall,Attorney General,REP,Ken Paxton,473
Stonewall,Attorney General,LIB,,2
Sutton,Attorney General,DEM,Rochelle Mercedes Garza,188
Sutton,Attorney General,REP,Ken Paxton,922
Sutton,Attorney General,LIB,,22
Swisher,Attorney General,DEM,Rochelle Mercedes Garza,260
Swisher,Attorney General,REP,Ken Paxton,1342
Swisher,Attorney General,LIB,,50
Tarrant,Attorney General,DEM,Rochelle Mercedes Garza,274796
Tarrant,Attorney General,REP,Ken Paxton,291367
Tarrant,Attorney General,LIB,,20837
Taylor,Attorney General,DEM,Rochelle Mercedes Garza,8987
Taylor,Attorney General,REP,Ken Paxton,28991
Taylor,Attorney General,LIB,,1102
Terrell,Attorney General,DEM,Rochelle Mercedes Garza,100
Terrell,Attorney General,REP,Ken Paxton,293
Terrell,Attorney General,LIB,,8
Terry,Attorney General,DEM,Rochelle Mercedes Garza,423
Terry,Attorney General,REP,Ken Paxton,2014
Terry,Attorney General,LIB,,53
Throckmorton,Attorney General,DEM,Rochelle Mercedes Garza,56
Throckmorton,Attorney General,REP,Ken Paxton,599
Throckmorton,Attorney General,LIB,,5
Titus,Attorney General,DEM,Rochelle Mercedes Garza,1564
Titus,Attorney General,REP,Ken Paxton,5596
Titus,Attorney General,LIB,,112
Tom Green,Attorney General,DEM,Rochelle Mercedes Garza,7720
Tom Green,Attorney General,REP,Ken Paxton,23066
Tom Green,Attorney General,LIB,,792
Travis,Attorney General,DEM,Rochelle Mercedes Garza,330894
Travis,Attorney General,REP,Ken Paxton,110328
Travis,Attorney General,LIB,,14278
Trinity,Attorney General,DEM,Rochelle Mercedes Garza,828
Trinity,Attorney General,REP,Ken Paxton,4385
Trinity,Attorney General,LIB,,104
Tyler,Attorney General,DEM,Rochelle Mercedes Garza,844
Tyler,Attorney General,REP,Ken Paxton,6180
Tyler,Attorney General,LIB,,146
Upshur,Attorney General,DEM,Rochelle Mercedes Garza,1903
Upshur,Attorney General,REP,Ken Paxton,12001
Upshur,Attorney General,LIB,,294
Upton,Attorney General,DEM,Rochelle Mercedes Garza,135
Upton,Attorney General,REP,Ken Paxton,855
Upton,Attorney General,LIB,,27
Uvalde,Attorney General,DEM,Rochelle Mercedes Garza,2996
Uvalde,Attorney General,REP,Ken Paxton,4634
Uvalde,Attorney General,LIB,,201
Val Verde,Attorney General,DEM,Rochelle Mercedes Garza,3822
Val Verde,Attorney General,REP,Ken Paxton,5206
Val Verde,Attorney General,LIB,,228
Van Zandt,Attorney General,DEM,Rochelle Mercedes Garza,2420
Van Zandt,Attorney General,REP,Ken Paxton,17291
Van Zandt,Attorney General,LIB,,501
Victoria,Attorney General,DEM,Rochelle Mercedes Garza,6711
Victoria,Attorney General,REP,Ken Paxton,17812
Victoria,Attorney General,LIB,,494
Walker,Attorney General,DEM,Rochelle Mercedes Garza,4782
Walker,Attorney General,REP,Ken Paxton,11964
Walker,Attorney General,LIB,,471
Waller,Attorney General,DEM,Rochelle Mercedes Garza,5033
Waller,Attorney General,REP,Ken Paxton,11175
Waller,Attorney General,LIB,,400
Ward,Attorney General,DEM,Rochelle Mercedes Garza,431
Ward,Attorney General,REP,Ken Paxton,2016
Ward,Attorney General,LIB,,52
Washington,Attorney General,DEM,Rochelle Mercedes Garza,2837
Washington,Attorney General,REP,Ken Paxton,10603
Washington,Attorney General,LIB,,408
Webb,Attorney General,DEM,Rochelle Mercedes Garza,27252
Webb,Attorney General,REP,Ken Paxton,13895
Webb,Attorney General,LIB,,1079
Wharton,Attorney General,DEM,Rochelle Mercedes Garza,2682
Wharton,Attorney General,REP,Ken Paxton,9191
Wharton,Attorney General,LIB,,189
Wheeler,Attorney General,DEM,Rochelle Mercedes Garza,107
Wheeler,Attorney General,REP,Ken Paxton,1542
Wheeler,Attorney General,LIB,,21
Wichita,Attorney General,DEM,Rochelle Mercedes Garza,7986
Wichita,Attorney General,REP,Ken Paxton,22567
Wichita,Attorney General,LIB,,786
Wilbarger,Attorney General,DEM,Rochelle Mercedes Garza,546
Wilbarger,Attorney General,REP,Ken Paxton,2550
Wilbarger,Attorney General,LIB,,46
Willacy,Attorney General,DEM,Rochelle Mercedes Garza,2082
Willacy,Attorney General,REP,Ken Paxton,1510
Willacy,Attorney General,LIB,,105
Williamson,Attorney General,DEM,Rochelle Mercedes Garza,107034
Williamson,Attorney General,REP,Ken Paxton,104253
Williamson,Attorney General,LIB,,8244
Wilson,Attorney General,DEM,Rochelle Mercedes Garza,4334
Wilson,Attorney General,REP,Ken Paxton,14632
Wilson,Attorney General,LIB,,409
Winkler,Attorney General,DEM,Rochelle Mercedes Garza,181
Winkler,Attorney General,REP,Ken Paxton,1097
Winkler,Attorney General,LIB,,25
Wise,Attorney General,DEM,Rochelle Mercedes Garza,3476
Wise,Attorney General,REP,Ken Paxton,21401
Wise,Attorney General,LIB,,802
Wood,Attorney General,DEM,Rochelle Mercedes Garza,2446
Wood,Attorney General,REP,Ken Paxton,15330
Wood,Attorney General,LIB,,325
Yoakum,Attorney General,DEM,Rochelle Mercedes Garza,190
Yoakum,Attorney General,REP,Ken Paxton,1394
Yoakum,Attorney General,LIB,,30
Young,Attorney General,DEM,Rochelle Mercedes Garza,637
Young,Attorney General,REP,Ken Paxton,5364
Young,Attorney General,LIB,,129
Zapata,Attorney General,DEM,Rochelle Mercedes Garza,1552
Zapata,Attorney General,REP,Ken Paxton,1197
Zapata,Attorney General,LIB,,52
Zavala,Attorney General,DEM,Rochelle Mercedes Garza,1469
Zavala,Attorney General,REP,Ken Paxton,697
Zavala,Attorney General,LIB,,34
Anderson,Lieutenant Governor,DEM,Mike Collier,2605
Anderson,Lieutenant Governor,REP,Dan Patrick,11501
Anderson,Lieutenant Governor,LIB,,242
Andrews,Lieutenant Governor,DEM,Mike Collier,482
Andrews,Lieutenant Governor,REP,Dan Patrick,3198
Andrews,Lieutenant Governor,LIB,,97
Angelina,Lieutenant Governor,DEM,Mike Collier,5218
Angelina,Lieutenant Governor,REP,Dan Patrick,18770
Angelina,Lieutenant Governor,LIB,,474
Aransas,Lieutenant Governor,DEM,Mike Collier,1964
Aransas,Lieutenant Governor,REP,Dan Patrick,7438
Aransas,Lieutenant Governor,LIB,,209
Archer,Lieutenant Governor,DEM,Mike Collier,341
Archer,Lieutenant Governor,REP,Dan Patrick,3423
Archer,Lieutenant Governor,LIB,,68
Armstrong,Lieutenant Governor,DEM,Mike Collier,62
Armstrong,Lieutenant Governor,REP,Dan Patrick,812
Armstrong,Lieutenant Governor,LIB,,19
Atascosa,Lieutenant Governor,DEM,Mike Collier,3592
Atascosa,Lieutenant Governor,REP,Dan Patrick,8619
Atascosa,Lieutenant Governor,LIB,,342
Austin,Lieutenant Governor,DEM,Mike Collier,1953
Austin,Lieutenant Governor,REP,Dan Patrick,8992
Austin,Lieutenant Governor,LIB,,211
Bailey,Lieutenant Governor,DEM,Mike Collier,214
Bailey,Lieutenant Governor,REP,Dan Patrick,1064
Bailey,Lieutenant Governor,LIB,,35
Bandera,Lieutenant Governor,DEM,Mike Collier,1829
Bandera,Lieutenant Governor,REP,Dan Patrick,8397
Bandera,Lieutenant Governor,LIB,,228
Bastrop,Lieutenant Governor,DEM,Mike Collier,11895
Bastrop,Lieutenant Governor,REP,Dan Patrick,16124
Bastrop,Lieutenant Governor,LIB,,979
Baylor,Lieutenant Governor,DEM,Mike Collier,119
Baylor,Lieutenant Governor,REP,Dan Patrick,1154
Baylor,Lieutenant Governor,LIB,,24
Bee,Lieutenant Governor,DEM,Mike Collier,1991
Bee,Lieutenant Governor,REP,Dan Patrick,4182
Bee,Lieutenant Governor,LIB,,150
Bell,Lieutenant Governor,DEM,Mike Collier,33734
Bell,Lieutenant Governor,REP,Dan Patrick,50583
Bell,Lieutenant Governor,LIB,,2787
Bexar,Lieutenant Governor,DEM,Mike Collier,296295
Bexar,Lieutenant Governor,REP,Dan Patrick,217614
Bexar,Lieutenant Governor,LIB,,18500
Blanco,Lieutenant Governor,DEM,Mike Collier,1578
Blanco,Lieutenant Governor,REP,Dan Patrick,4983
Blanco,Lieutenant Governor,LIB,,189
Borden,Lieutenant Governor,DEM,Mike Collier,19
Borden,Lieutenant Governor,REP,Dan Patrick,289
Borden,Lieutenant Governor,LIB,,3
Bosque,Lieutenant Governor,DEM,Mike Collier,1172
Bosque,Lieutenant Governor,REP,Dan Patrick,6088
Bosque,Lieutenant Governor,LIB,,155
Bowie,Lieutenant Governor,DEM,Mike Collier,6180
Bowie,Lieutenant Governor,REP,Dan Patrick,19783
Bowie,Lieutenant Governor,LIB,,469
Brazoria,Lieutenant Governor,DEM,Mike Collier,42925
Brazoria,Lieutenant Governor,REP,Dan Patrick,63636
Brazoria,Lieutenant Governor,LIB,,3056
Brazos,Lieutenant Governor,DEM,Mike Collier,22701
Brazos,Lieutenant Governor,REP,Dan Patrick,34893
Brazos,Lieutenant Governor,LIB,,1903
Brewster,Lieutenant Governor,DEM,Mike Collier,1666
Brewster,Lieutenant Governor,REP,Dan Patrick,1913
Brewster,Lieutenant Governor,LIB,,132
Briscoe,Lieutenant Governor,DEM,Mike Collier,61
Briscoe,Lieutenant Governor,REP,Dan Patrick,521
Briscoe,Lieutenant Governor,LIB,,11
Brooks,Lieutenant Governor,DEM,Mike Collier,1150
Brooks,Lieutenant Governor,REP,Dan Patrick,656
Brooks,Lieutenant Governor,LIB,,54
Brown,Lieutenant Governor,DEM,Mike Collier,1357
Brown,Lieutenant Governor,REP,Dan Patrick,10628
Brown,Lieutenant Governor,LIB,,236
Burleson,Lieutenant Governor,DEM,Mike Collier,1147
Burleson,Lieutenant Governor,REP,Dan Patrick,5414
Burleson,Lieutenant Governor,LIB,,125
Burnet,Lieutenant Governor,DEM,Mike Collier,4504
Burnet,Lieutenant Governor,REP,Dan Patrick,15948
Burnet,Lieutenant Governor,LIB,,613
Caldwell,Lieutenant Governor,DEM,Mike Collier,4715
Caldwell,Lieutenant Governor,REP,Dan Patrick,6145
Caldwell,Lieutenant Governor,LIB,,407
Calhoun,Lieutenant Governor,DEM,Mike Collier,1341
Calhoun,Lieutenant Governor,REP,Dan Patrick,4121
Calhoun,Lieutenant Governor,LIB,,103
Callahan,Lieutenant Governor,DEM,Mike Collier,496
Callahan,Lieutenant Governor,REP,Dan Patrick,4662
Callahan,Lieutenant Governor,LIB,,101
Cameron,Lieutenant Governor,DEM,Mike Collier,39333
Cameron,Lieutenant Governor,REP,Dan Patrick,34360
Cameron,Lieutenant Governor,LIB,,2197
Camp,Lieutenant Governor,DEM,Mike Collier,873
Camp,Lieutenant Governor,REP,Dan Patrick,3044
Camp,Lieutenant Governor,LIB,,53
Carson,Lieutenant Governor,DEM,Mike Collier,227
Carson,Lieutenant Governor,REP,Dan Patrick,2082
Carson,Lieutenant Governor,LIB,,71
Cass,Lieutenant Governor,DEM,Mike Collier,1538
Cass,Lieutenant Governor,REP,Dan Patrick,8294
Cass,Lieutenant Governor,LIB,,128
Castro,Lieutenant Governor,DEM,Mike Collier,272
Castro,Lieutenant Governor,REP,Dan Patrick,1174
Castro,Lieutenant Governor,LIB,,22
Chambers,Lieutenant Governor,DEM,Mike Collier,2551
Chambers,Lieutenant Governor,REP,Dan Patrick,12750
Chambers,Lieutenant Governor,LIB,,374
Cherokee,Lieutenant Governor,DEM,Mike Collier,2421
Cherokee,Lieutenant Governor,REP,Dan Patrick,11766
Cherokee,Lieutenant Governor,LIB,,220
Childress,Lieutenant Governor,DEM,Mike Collier,166
Childress,Lieutenant Governor,REP,Dan Patrick,1524
Childress,Lieutenant Governor,LIB,,39
Clay,Lieutenant Governor,DEM,Mike Collier,435
Clay,Lieutenant Governor,REP,Dan Patrick,3967
Clay,Lieutenant Governor,LIB,,67
Cochran,Lieutenant Governor,DEM,Mike Collier,91
Cochran,Lieutenant Governor,REP,Dan Patrick,496
Cochran,Lieutenant Governor,LIB,,19
Coke,Lieutenant Governor,DEM,Mike Collier,147
Coke,Lieutenant Governor,REP,Dan Patrick,1205
Coke,Lieutenant Governor,LIB,,26
Coleman,Lieutenant Governor,DEM,Mike Collier,281
Coleman,Lieutenant Governor,REP,Dan Patrick,2905
Coleman,Lieutenant Governor,LIB,,34
Collin,Lieutenant Governor,DEM,Mike Collier,160919
Collin,Lieutenant Governor,REP,Dan Patrick,191427
Collin,Lieutenant Governor,LIB,,9058
Collingsworth,Lieutenant Governor,DEM,Mike Collier,87
Collingsworth,Lieutenant Governor,REP,Dan Patrick,809
Collingsworth,Lieutenant Governor,LIB,,18
Colorado,Lieutenant Governor,DEM,Mike Collier,1441
Colorado,Lieutenant Governor,REP,Dan Patrick,5956
Colorado,Lieutenant Governor,LIB,,130
Comal,Lieutenant Governor,DEM,Mike Collier,18982
Comal,Lieutenant Governor,REP,Dan Patrick,53492
Comal,Lieutenant Governor,LIB,,2110
Comanche,Lieutenant Governor,DEM,Mike Collier,639
Comanche,Lieutenant Governor,REP,Dan Patrick,4088
Comanche,Lieutenant Governor,LIB,,94
Concho,Lieutenant Governor,DEM,Mike Collier,125
Concho,Lieutenant Governor,REP,Dan Patrick,787
Concho,Lieutenant Governor,LIB,,19
Cooke,Lieutenant Governor,DEM,Mike Collier,2442
Cooke,Lieutenant Governor,REP,Dan Patrick,12458
Cooke,Lieutenant Governor,LIB,,329
Coryell,Lieutenant Governor,DEM,Mike Collier,4370
Coryell,Lieutenant Governor,REP,Dan Patrick,11404
Coryell,Lieutenant Governor,LIB,,491
Cottle,Lieutenant Governor,DEM,Mike Collier,59
Cottle,Lieutenant Governor,REP,Dan Patrick,440
Cottle,Lieutenant Governor,LIB,,10
Crane,Lieutenant Governor,DEM,Mike Collier,143
Crane,Lieutenant Governor,REP,Dan Patrick,928
Crane,Lieutenant Governor,LIB,,30
Crockett,Lieutenant Governor,DEM,Mike Collier,283
Crockett,Lieutenant Governor,REP,Dan Patrick,876
Crockett,Lieutenant Governor,LIB,,42
Crosby,Lieutenant Governor,DEM,Mike Collier,279
Crosby,Lieutenant Governor,REP,Dan Patrick,954
Crosby,Lieutenant Governor,LIB,,20
Culberson,Lieutenant Governor,DEM,Mike Collier,270
Culberson,Lieutenant Governor,REP,Dan Patrick,339
Culberson,Lieutenant Governor,LIB,,36
Dallam,Lieutenant Governor,DEM,Mike Collier,93
Dallam,Lieutenant Governor,REP,Dan Patrick,925
Dallam,Lieutenant Governor,LIB,,21
Dallas,Lieutenant Governor,DEM,Mike Collier,390165
Dallas,Lieutenant Governor,REP,Dan Patrick,213888
Dallas,Lieutenant Governor,LIB,,19305
Dawson,Lieutenant Governor,DEM,Mike Collier,422
Dawson,Lieutenant Governor,REP,Dan Patrick,2016
Dawson,Lieutenant Governor,LIB,,57
DeWitt,Lieutenant Governor,DEM,Mike Collier,882
DeWitt,Lieutenant Governor,REP,Dan Patrick,5066
DeWitt,Lieutenant Governor,LIB,,83
Deaf Smith,Lieutenant Governor,DEM,Mike Collier,652
Deaf Smith,Lieutenant Governor,REP,Dan Patrick,2225
Deaf Smith,Lieutenant Governor,LIB,,59
Delta,Lieutenant Governor,DEM,Mike Collier,333
Delta,Lieutenant Governor,REP,Dan Patrick,1655
Delta,Lieutenant Governor,LIB,,27
Denton,Lieutenant Governor,DEM,Mike Collier,135642
Denton,Lieutenant Governor,REP,Dan Patrick,171168
Denton,Lieutenant Governor,LIB,,9555
Dickens,Lieutenant Governor,DEM,Mike Collier,95
Dickens,Lieutenant Governor,REP,Dan Patrick,675
Dickens,Lieutenant Governor,LIB,,13
Dimmit,Lieutenant Governor,DEM,Mike Collier,1599
Dimmit,Lieutenant Governor,REP,Dan Patrick,919
Dimmit,Lieutenant Governor,LIB,,73
Donley,Lieutenant Governor,DEM,Mike Collier,114
Donley,Lieutenant Governor,REP,Dan Patrick,1051
Donley,Lieutenant Governor,LIB,,17
Duval,Lieutenant Governor,DEM,Mike Collier,1854
Duval,Lieutenant Governor,REP,Dan Patrick,1253
Duval,Lieutenant Governor,LIB,,114
Eastland,Lieutenant Governor,DEM,Mike Collier,677
Eastland,Lieutenant Governor,REP,Dan Patrick,5368
Eastland,Lieutenant Governor,LIB,,83
Ector,Lieutenant Governor,DEM,Mike Collier,5843
Ector,Lieutenant Governor,REP,Dan Patrick,18742
Ector,Lieutenant Governor,LIB,,619
Edwards,Lieutenant Governor,DEM,Mike Collier,96
Edwards,Lieutenant Governor,REP,Dan Patrick,693
Edwards,Lieutenant Governor,LIB,,11
El Paso,Lieutenant Governor,DEM,Mike Collier,98128
El Paso,Lieutenant Governor,REP,Dan Patrick,57249
El Paso,Lieutenant Governor,LIB,,6381
Ellis,Lieutenant Governor,DEM,Mike Collier,21236
Ellis,Lieutenant Governor,REP,Dan Patrick,43941
Ellis,Lieutenant Governor,LIB,,1875
Erath,Lieutenant Governor,DEM,Mike Collier,2107
Erath,Lieutenant Governor,REP,Dan Patrick,10637
Erath,Lieutenant Governor,LIB,,323
Falls,Lieutenant Governor,DEM,Mike Collier,1172
Falls,Lieutenant Governor,REP,Dan Patrick,3435
Falls,Lieutenant Governor,LIB,,87
Fannin,Lieutenant Governor,DEM,Mike Collier,1937
Fannin,Lieutenant Governor,REP,Dan Patrick,9412
Fannin,Lieutenant Governor,LIB,,219
Fayette,Lieutenant Governor,DEM,Mike Collier,1802
Fayette,Lieutenant Governor,REP,Dan Patrick,8442
Fayette,Lieutenant Governor,LIB,,199
Fisher,Lieutenant Governor,DEM,Mike Collier,230
Fisher,Lieutenant Governor,REP,Dan Patrick,1131
Fisher,Lieutenant Governor,LIB,,24
Floyd,Lieutenant Governor,DEM,Mike Collier,221
Floyd,Lieutenant Governor,REP,Dan Patrick,1214
Floyd,Lieutenant Governor,LIB,,24
Foard,Lieutenant Governor,DEM,Mike Collier,81
Foard,Lieutenant Governor,REP,Dan Patrick,411
Foard,Lieutenant Governor,LIB,,9
Fort Bend,Lieutenant Governor,DEM,Mike Collier,126506
Fort Bend,Lieutenant Governor,REP,Dan Patrick,115041
Fort Bend,Lieutenant Governor,LIB,,6156
Franklin,Lieutenant Governor,DEM,Mike Collier,554
Franklin,Lieutenant Governor,REP,Dan Patrick,3284
Franklin,Lieutenant Governor,LIB,,57
Freestone,Lieutenant Governor,DEM,Mike Collier,1070
Freestone,Lieutenant Governor,REP,Dan Patrick,5434
Freestone,Lieutenant Governor,LIB,,117
Frio,Lieutenant Governor,DEM,Mike Collier,1559
Frio,Lieutenant Governor,REP,Dan Patrick,1733
Frio,Lieutenant Governor,LIB,,119
Gaines,Lieutenant Governor,DEM,Mike Collier,352
Gaines,Lieutenant Governor,REP,Dan Patrick,3669
Gaines,Lieutenant Governor,LIB,,69
Galveston,Lieutenant Governor,DEM,Mike Collier,40010
Galveston,Lieutenant Governor,REP,Dan Patrick,67309
Galveston,Lieutenant Governor,LIB,,3051
Garza,Lieutenant Governor,DEM,Mike Collier,144
Garza,Lieutenant Governor,REP,Dan Patrick,1013
Garza,Lieutenant Governor,LIB,,25
Gillespie,Lieutenant Governor,DEM,Mike Collier,2521
Gillespie,Lieutenant Governor,REP,Dan Patrick,10521
Gillespie,Lieutenant Governor,LIB,,322
Glasscock,Lieutenant Governor,DEM,Mike Collier,29
Glasscock,Lieutenant Governor,REP,Dan Patrick,527
Glasscock,Lieutenant Governor,LIB,,6
Goliad,Lieutenant Governor,DEM,Mike Collier,684
Goliad,Lieutenant Governor,REP,Dan Patrick,2525
Goliad,Lieutenant Governor,LIB,,57
Gonzales,Lieutenant Governor,DEM,Mike Collier,1076
Gonzales,Lieutenant Governor,REP,Dan Patrick,4299
Gonzales,Lieutenant Governor,LIB,,125
Gray,Lieutenant Governor,DEM,Mike Collier,508
Gray,Lieutenant Governor,REP,Dan Patrick,4901
Gray,Lieutenant Governor,LIB,,121
Grayson,Lieutenant Governor,DEM,Mike Collier,9592
Grayson,Lieutenant Governor,REP,Dan Patrick,34180
Grayson,Lieutenant Governor,LIB,,1028
Gregg,Lieutenant Governor,DEM,Mike Collier,8688
Gregg,Lieutenant Governor,REP,Dan Patrick,23682
Gregg,Lieutenant Governor,LIB,,712
Grimes,Lieutenant Governor,DEM,Mike Collier,1810
Grimes,Lieutenant Governor,REP,Dan Patrick,7413
Grimes,Lieutenant Governor,LIB,,184
Guadalupe,Lieutenant Governor,DEM,Mike Collier,18641
Guadalupe,Lieutenant Governor,REP,Dan Patrick,36223
Guadalupe,Lieutenant Governor,LIB,,1937
Hale,Lieutenant Governor,DEM,Mike Collier,1183
Hale,Lieutenant Governor,REP,Dan Patrick,4941
Hale,Lieutenant Governor,LIB,,157
Hall,Lieutenant Governor,DEM,Mike Collier,113
Hall,Lieutenant Governor,REP,Dan Patrick,747
Hall,Lieutenant Governor,LIB,,6
Hamilton,Lieutenant Governor,DEM,Mike Collier,481
Hamilton,Lieutenant Governor,REP,Dan Patrick,2908
Hamilton,Lieutenant Governor,LIB,,64
Hansford,Lieutenant Governor,DEM,Mike Collier,108
Hansford,Lieutenant Governor,REP,Dan Patrick,1353
Hansford,Lieutenant Governor,LIB,,33
Hardeman,Lieutenant Governor,DEM,Mike Collier,117
Hardeman,Lieutenant Governor,REP,Dan Patrick,839
Hardeman,Lieutenant Governor,LIB,,15
Hardin,Lieutenant Governor,DEM,Mike Collier,2084
Hardin,Lieutenant Governor,REP,Dan Patrick,17194
Hardin,Lieutenant Governor,LIB,,277
Harris,Lieutenant Governor,DEM,Mike Collier,586140
Harris,Lieutenant Governor,REP,Dan Patrick,481768
Harris,Lieutenant Governor,LIB,,28916
Harrison,Lieutenant Governor,DEM,Mike Collier,4721
Harrison,Lieutenant Governor,REP,Dan Patrick,16189
Harrison,Lieutenant Governor,LIB,,383
Hartley,Lieutenant Governor,DEM,Mike Collier,110
Hartley,Lieutenant Governor,REP,Dan Patrick,1430
Hartley,Lieutenant Governor,LIB,,22
Haskell,Lieutenant Governor,DEM,Mike Collier,235
Haskell,Lieutenant Governor,REP,Dan Patrick,1399
Haskell,Lieutenant Governor,LIB,,27
Hays,Lieutenant Governor,DEM,Mike Collier,47952
Hays,Lieutenant Governor,REP,Dan Patrick,37848
Hays,Lieutenant Governor,LIB,,3371
Hemphill,Lieutenant Governor,DEM,Mike Collier,192
Hemphill,Lieutenant Governor,REP,Dan Patrick,1097
Hemphill,Lieutenant Governor,LIB,,42
Henderson,Lieutenant Governor,DEM,Mike Collier,5009
Henderson,Lieutenant Governor,REP,Dan Patrick,22325
Henderson,Lieutenant Governor,LIB,,500
Hidalgo,Lieutenant Governor,DEM,Mike Collier,76605
Hidalgo,Lieutenant Governor,REP,Dan Patrick,55977
Hidalgo,Lieutenant Governor,LIB,,4012
Hill,Lieutenant Governor,DEM,Mike Collier,1963
Hill,Lieutenant Governor,REP,Dan Patrick,9178
Hill,Lieutenant Governor,LIB,,214
Hockley,Lieutenant Governor,DEM,Mike Collier,840
Hockley,Lieutenant Governor,REP,Dan Patrick,4574
Hockley,Lieutenant Governor,LIB,,99
Hood,Lieutenant Governor,DEM,Mike Collier,4671
Hood,Lieutenant Governor,REP,Dan Patrick,21790
Hood,Lieutenant Governor,LIB,,605
Hopkins,Lieutenant Governor,DEM,Mike Collier,2139
Hopkins,Lieutenant Governor,REP,Dan Patrick,9958
Hopkins,Lieutenant Governor,LIB,,212
Houston,Lieutenant Governor,DEM,Mike Collier,1431
Houston,Lieutenant Governor,REP,Dan Patrick,5615
Houston,Lieutenant Governor,LIB,,101
Howard,Lieutenant Governor,DEM,Mike Collier,1104
Howard,Lieutenant Governor,REP,Dan Patrick,5223
Howard,Lieutenant Governor,LIB,,160
Hudspeth,Lieutenant Governor,DEM,Mike Collier,251
Hudspeth,Lieutenant Governor,REP,Dan Patrick,556
Hudspeth,Lieutenant Governor,LIB,,28
Hunt,Lieutenant Governor,DEM,Mike Collier,6576
Hunt,Lieutenant Governor,REP,Dan Patrick,23138
Hunt,Lieutenant Governor,LIB,,682
Hutchinson,Lieutenant Governor,DEM,Mike Collier,579
Hutchinson,Lieutenant Governor,REP,Dan Patrick,5332
Hutchinson,Lieutenant Governor,LIB,,136
Irion,Lieutenant Governor,DEM,Mike Collier,80
Irion,Lieutenant Governor,REP,Dan Patrick,602
Irion,Lieutenant Governor,LIB,,16
Jack,Lieutenant Governor,DEM,Mike Collier,273
Jack,Lieutenant Governor,REP,Dan Patrick,2666
Jack,Lieutenant Governor,LIB,,39
Jackson,Lieutenant Governor,DEM,Mike Collier,590
Jackson,Lieutenant Governor,REP,Dan Patrick,3933
Jackson,Lieutenant Governor,LIB,,65
Jasper,Lieutenant Governor,DEM,Mike Collier,1638
Jasper,Lieutenant Governor,REP,Dan Patrick,9535
Jasper,Lieutenant Governor,LIB,,141
Jeff Davis,Lieutenant Governor,DEM,Mike Collier,397
Jeff Davis,Lieutenant Governor,REP,Dan Patrick,594
Jeff Davis,Lieutenant Governor,LIB,,44
Jefferson,Lieutenant Governor,DEM,Mike Collier,26509
Jefferson,Lieutenant Governor,REP,Dan Patrick,34062
Jefferson,Lieutenant Governor,LIB,,1177
Jim Hogg,Lieutenant Governor,DEM,Mike Collier,801
Jim Hogg,Lieutenant Governor,REP,Dan Patrick,504
Jim Hogg,Lieutenant Governor,LIB,,38
Jim Wells,Lieutenant Governor,DEM,Mike Collier,4367
Jim Wells,Lieutenant Governor,REP,Dan Patrick,4720
Jim Wells,Lieutenant Governor,LIB,,170
Johnson,Lieutenant Governor,DEM,Mike Collier,12650
Johnson,Lieutenant Governor,REP,Dan Patrick,41700
Johnson,Lieutenant Governor,LIB,,1323
Jones,Lieutenant Governor,DEM,Mike Collier,647
Jones,Lieutenant Governor,REP,Dan Patrick,4215
Jones,Lieutenant Governor,LIB,,104
Karnes,Lieutenant Governor,DEM,Mike Collier,757
Karnes,Lieutenant Governor,REP,Dan Patrick,2925
Karnes,Lieutenant Governor,LIB,,68
Kaufman,Lieutenant Governor,DEM,Mike Collier,13910
Kaufman,Lieutenant Governor,REP,Dan Patrick,27469
Kaufman,Lieutenant Governor,LIB,,1105
Kendall,Lieutenant Governor,DEM,Mike Collier,4474
Kendall,Lieutenant Governor,REP,Dan Patrick,17355
Kendall,Lieutenant Governor,LIB,,562
Kenedy,Lieutenant Governor,DEM,Mike Collier,32
Kenedy,Lieutenant Governor,REP,Dan Patrick,97
Kenedy,Lieutenant Governor,LIB,,5
Kent,Lieutenant Governor,DEM,Mike Collier,40
Kent,Lieutenant Governor,REP,Dan Patrick,297
Kent,Lieutenant Governor,LIB,,10
Kerr,Lieutenant Governor,DEM,Mike Collier,4649
Kerr,Lieutenant Governor,REP,Dan Patrick,17267
Kerr,Lieutenant Governor,LIB,,540
Kimble,Lieutenant Governor,DEM,Mike Collier,200
Kimble,Lieutenant Governor,REP,Dan Patrick,1612
Kimble,Lieutenant Governor,LIB,,42
King,Lieutenant Governor,DEM,Mike Collier,3
King,Lieutenant Governor,REP,Dan Patrick,99
King,Lieutenant Governor,LIB,,1
Kinney,Lieutenant Governor,DEM,Mike Collier,256
Kinney,Lieutenant Governor,REP,Dan Patrick,869
Kinney,Lieutenant Governor,LIB,,26
Kleberg,Lieutenant Governor,DEM,Mike Collier,3373
Kleberg,Lieutenant Governor,REP,Dan Patrick,3990
Kleberg,Lieutenant Governor,LIB,,167
Knox,Lieutenant Governor,DEM,Mike Collier,163
Knox,Lieutenant Governor,REP,Dan Patrick,861
Knox,Lieutenant Governor,LIB,,11
La Salle,Lieutenant Governor,DEM,Mike Collier,609
La Salle,Lieutenant Governor,REP,Dan Patrick,703
La Salle,Lieutenant Governor,LIB,,26
Lamar,Lieutenant Governor,DEM,Mike Collier,2786
Lamar,Lieutenant Governor,REP,Dan Patrick,12259
Lamar,Lieutenant Governor,LIB,,240
Lamb,Lieutenant Governor,DEM,Mike Collier,451
Lamb,Lieutenant Governor,REP,Dan Patrick,2556
Lamb,Lieutenant Governor,LIB,,59
Lampasas,Lieutenant Governor,DEM,Mike Collier,1503
Lampasas,Lieutenant Governor,REP,Dan Patrick,6475
Lampasas,Lieutenant Governor,LIB,,221
Lavaca,Lieutenant Governor,DEM,Mike Collier,825
Lavaca,Lieutenant Governor,REP,Dan Patrick,7225
Lavaca,Lieutenant Governor,LIB,,104
Lee,Lieutenant Governor,DEM,Mike Collier,1134
Lee,Lieutenant Governor,REP,Dan Patrick,4975
Lee,Lieutenant Governor,LIB,,123
Leon,Lieutenant Governor,DEM,Mike Collier,723
Leon,Lieutenant Governor,REP,Dan Patrick,6010
Leon,Lieutenant Governor,LIB,,101
Liberty,Lieutenant Governor,DEM,Mike Collier,3539
Liberty,Lieutenant Governor,REP,Dan Patrick,15820
Liberty,Lieutenant Governor,LIB,,393
Limestone,Lieutenant Governor,DEM,Mike Collier,1375
Limestone,Lieutenant Governor,REP,Dan Patrick,5289
Limestone,Lieutenant Governor,LIB,,138
Lipscomb,Lieutenant Governor,DEM,Mike Collier,101
Lipscomb,Lieutenant Governor,REP,Dan Patrick,854
Lipscomb,Lieutenant Governor,LIB,,23
Live Oak,Lieutenant Governor,DEM,Mike Collier,558
Live Oak,Lieutenant Governor,REP,Dan Patrick,3370
Live Oak,Lieutenant Governor,LIB,,41
Llano,Lieutenant Governor,DEM,Mike Collier,2016
Llano,Lieutenant Governor,REP,Dan Patrick,8698
Llano,Lieutenant Governor,LIB,,264
Loving,Lieutenant Governor,DEM,Mike Collier,8
Loving,Lieutenant Governor,REP,Dan Patrick,62
Loving,Lieutenant Governor,LIB,,4
Lubbock,Lieutenant Governor,DEM,Mike Collier,24153
Lubbock,Lieutenant Governor,REP,Dan Patrick,56546
Lubbock,Lieutenant Governor,LIB,,2600
Lynn,Lieutenant Governor,DEM,Mike Collier,226
Lynn,Lieutenant Governor,REP,Dan Patrick,1453
Lynn,Lieutenant Governor,LIB,,36
Madison,Lieutenant Governor,DEM,Mike Collier,633
Madison,Lieutenant Governor,REP,Dan Patrick,3186
Madison,Lieutenant Governor,LIB,,70
Marion,Lieutenant Governor,DEM,Mike Collier,718
Marion,Lieutenant Governor,REP,Dan Patrick,2502
Marion,Lieutenant Governor,LIB,,56
Martin,Lieutenant Governor,DEM,Mike Collier,167
Martin,Lieutenant Governor,REP,Dan Patrick,1297
Martin,Lieutenant Governor,LIB,,28
Mason,Lieutenant Governor,DEM,Mike Collier,362
Mason,Lieutenant Governor,REP,Dan Patrick,1642
Mason,Lieutenant Governor,LIB,,42
Matagorda,Lieutenant Governor,DEM,Mike Collier,2286
Matagorda,Lieutenant Governor,REP,Dan Patrick,7180
Matagorda,Lieutenant Governor,LIB,,202
Maverick,Lieutenant Governor,DEM,Mike Collier,4876
Maverick,Lieutenant Governor,REP,Dan Patrick,3527
Maverick,Lieutenant Governor,LIB,,325
McCulloch,Lieutenant Governor,DEM,Mike Collier,311
McCulloch,Lieutenant Governor,REP,Dan Patrick,2181
McCulloch,Lieutenant Governor,LIB,,56
McLennan,Lieutenant Governor,DEM,Mike Collier,23693
McLennan,Lieutenant Governor,REP,Dan Patrick,46666
McLennan,Lieutenant Governor,LIB,,1830
McMullen,Lieutenant Governor,DEM,Mike Collier,37
McMullen,Lieutenant Governor,REP,Dan Patrick,330
McMullen,Lieutenant Governor,LIB,,4
Medina,Lieutenant Governor,DEM,Mike Collier,4470
Medina,Lieutenant Governor,REP,Dan Patrick,12416
Medina,Lieutenant Governor,LIB,,393
Menard,Lieutenant Governor,DEM,Mike Collier,126
Menard,Lieutenant Governor,REP,Dan Patrick,625
Menard,Lieutenant Governor,LIB,,14
Midland,Lieutenant Governor,DEM,Mike Collier,7012
Midland,Lieutenant Governor,REP,Dan Patrick,31498
Midland,Lieutenant Governor,LIB,,1072
Milam,Lieutenant Governor,DEM,Mike Collier,1617
Milam,Lieutenant Governor,REP,Dan Patrick,6509
Milam,Lieutenant Governor,LIB,,193
Mills,Lieutenant Governor,DEM,Mike Collier,220
Mills,Lieutenant Governor,REP,Dan Patrick,1860
Mills,Lieutenant Governor,LIB,,37
Mitchell,Lieutenant Governor,DEM,Mike Collier,193
Mitchell,Lieutenant Governor,REP,Dan Patrick,1525
Mitchell,Lieutenant Governor,LIB,,39
Montague,Lieutenant Governor,DEM,Mike Collier,831
Montague,Lieutenant Governor,REP,Dan Patrick,6825
Montague,Lieutenant Governor,LIB,,134
Montgomery,Lieutenant Governor,DEM,Mike Collier,52581
Montgomery,Lieutenant Governor,REP,Dan Patrick,150172
Montgomery,Lieutenant Governor,LIB,,4628
Moore,Lieutenant Governor,DEM,Mike Collier,509
Moore,Lieutenant Governor,REP,Dan Patrick,2975
Moore,Lieutenant Governor,LIB,,84
Morris,Lieutenant Governor,DEM,Mike Collier,965
Morris,Lieutenant Governor,REP,Dan Patrick,2966
Morris,Lieutenant Governor,LIB,,40
Motley,Lieutenant Governor,DEM,Mike Collier,23
Motley,Lieutenant Governor,REP,Dan Patrick,470
Motley,Lieutenant Governor,LIB,,7
Nacogdoches,Lieutenant Governor,DEM,Mike Collier,5454
Nacogdoches,Lieutenant Governor,REP,Dan Patrick,13008
Nacogdoches,Lieutenant Governor,LIB,,424
Navarro,Lieutenant Governor,DEM,Mike Collier,3285
Navarro,Lieutenant Governor,REP,Dan Patrick,10496
Navarro,Lieutenant Governor,LIB,,317
Newton,Lieutenant Governor,DEM,Mike Collier,698
Newton,Lieutenant Governor,REP,Dan Patrick,3591
Newton,Lieutenant Governor,LIB,,57
Nolan,Lieutenant Governor,DEM,Mike Collier,660
Nolan,Lieutenant Governor,REP,Dan Patrick,3024
Nolan,Lieutenant Governor,LIB,,90
Nueces,Lieutenant Governor,DEM,Mike Collier,39336
Nueces,Lieutenant Governor,REP,Dan Patrick,46509
Nueces,Lieutenant Governor,LIB,,2638
Ochiltree,Lieutenant Governor,DEM,Mike Collier,165
Ochiltree,Lieutenant Governor,REP,Dan Patrick,1922
Ochiltree,Lieutenant Governor,LIB,,29
Oldham,Lieutenant Governor,DEM,Mike Collier,70
Oldham,Lieutenant Governor,REP,Dan Patrick,685
Oldham,Lieutenant Governor,LIB,,14
Orange,Lieutenant Governor,DEM,Mike Collier,3745
Orange,Lieutenant Governor,REP,Dan Patrick,20873
Orange,Lieutenant Governor,LIB,,383
Palo Pinto,Lieutenant Governor,DEM,Mike Collier,1594
Palo Pinto,Lieutenant Governor,REP,Dan Patrick,7666
Palo Pinto,Lieutenant Governor,LIB,,190
Panola,Lieutenant Governor,DEM,Mike Collier,1258
Panola,Lieutenant Governor,REP,Dan Patrick,6915
Panola,Lieutenant Governor,LIB,,84
Parker,Lieutenant Governor,DEM,Mike Collier,10611
Parker,Lieutenant Governor,REP,Dan Patrick,51037
Parker,Lieutenant Governor,LIB,,1603
Parmer,Lieutenant Governor,DEM,Mike Collier,227
Parmer,Lieutenant Governor,REP,Dan Patrick,1502
Parmer,Lieutenant Governor,LIB,,33
Pecos,Lieutenant Governor,DEM,Mike Collier,1009
Pecos,Lieutenant Governor,REP,Dan Patrick,2380
Pecos,Lieutenant Governor,LIB,,135
Polk,Lieutenant Governor,DEM,Mike Collier,3333
Polk,Lieutenant Governor,REP,Dan Patrick,13085
Polk,Lieutenant Governor,LIB,,308
Potter,Lieutenant Governor,DEM,Mike Collier,5360
Potter,Lieutenant Governor,REP,Dan Patrick,15657
Potter,Lieutenant Governor,LIB,,701
Presidio,Lieutenant Governor,DEM,Mike Collier,1114
Presidio,Lieutenant Governor,REP,Dan Patrick,461
Presidio,Lieutenant Governor,LIB,,54
Rains,Lieutenant Governor,DEM,Mike Collier,659
Rains,Lieutenant Governor,REP,Dan Patrick,4227
Rains,Lieutenant Governor,LIB,,82
Randall,Lieutenant Governor,DEM,Mike Collier,8457
Randall,Lieutenant Governor,REP,Dan Patrick,38145
Randall,Lieutenant Governor,LIB,,1230
Reagan,Lieutenant Governor,DEM,Mike Collier,100
Reagan,Lieutenant Governor,REP,Dan Patrick,588
Reagan,Lieutenant Governor,LIB,,15
Real,Lieutenant Governor,DEM,Mike Collier,219
Real,Lieutenant Governor,REP,Dan Patrick,1312
Real,Lieutenant Governor,LIB,,27
Red River,Lieutenant Governor,DEM,Mike Collier,782
Red River,Lieutenant Governor,REP,Dan Patrick,3419
Red River,Lieutenant Governor,LIB,,55
Reeves,Lieutenant Governor,DEM,Mike Collier,791
Reeves,Lieutenant Governor,REP,Dan Patrick,1184
Reeves,Lieutenant Governor,LIB,,65
Refugio,Lieutenant Governor,DEM,Mike Collier,651
Refugio,Lieutenant Governor,REP,Dan Patrick,1579
Refugio,Lieutenant Governor,LIB,,49
Roberts,Lieutenant Governor,DEM,Mike Collier,27
Roberts,Lieutenant Governor,REP,Dan Patrick,402
Roberts,Lieutenant Governor,LIB,,9
Robertson,Lieutenant Governor,DEM,Mike Collier,1326
Robertson,Lieutenant Governor,REP,Dan Patrick,4537
Robertson,Lieutenant Governor,LIB,,111
Rockwall,Lieutenant Governor,DEM,Mike Collier,12421
Rockwall,Lieutenant Governor,REP,Dan Patrick,29388
Rockwall,Lieutenant Governor,LIB,,1048
Runnels,Lieutenant Governor,DEM,Mike Collier,317
Runnels,Lieutenant Governor,REP,Dan Patrick,2849
Runnels,Lieutenant Governor,LIB,,60
Rusk,Lieutenant Governor,DEM,Mike Collier,2748
Rusk,Lieutenant Governor,REP,Dan Patrick,12522
Rusk,Lieutenant Governor,LIB,,255
Sabine,Lieutenant Governor,DEM,Mike Collier,395
Sabine,Lieutenant Governor,REP,Dan Patrick,3747
Sabine,Lieutenant Governor,LIB,,33
San Augustine,Lieutenant Governor,DEM,Mike Collier,593
San Augustine,Lieutenant Governor,REP,Dan Patrick,2232
San Augustine,Lieutenant Governor,LIB,,32
San Jacinto,Lieutenant Governor,DEM,Mike Collier,1591
San Jacinto,Lieutenant Governor,REP,Dan Patrick,7736
San Jacinto,Lieutenant Governor,LIB,,198
San Patricio,Lieutenant Governor,DEM,Mike Collier,5562
San Patricio,Lieutenant Governor,REP,Dan Patrick,11740
San Patricio,Lieutenant Governor,LIB,,416
San Saba,Lieutenant Governor,DEM,Mike Collier,212
San Saba,Lieutenant Governor,REP,Dan Patrick,1909
San Saba,Lieutenant Governor,LIB,,26
Schleicher,Lieutenant Governor,DEM,Mike Collier,182
Schleicher,Lieutenant Governor,REP,Dan Patrick,761
Schleicher,Lieutenant Governor,LIB,,25
Scurry,Lieutenant Governor,DEM,Mike Collier,496
Scurry,Lieutenant Governor,REP,Dan Patrick,3519
Scurry,Lieutenant Governor,LIB,,69
Shackelford,Lieutenant Governor,DEM,Mike Collier,105
Shackelford,Lieutenant Governor,REP,Dan Patrick,1111
Shackelford,Lieutenant Governor,LIB,,19
Shelby,Lieutenant Governor,DEM,Mike Collier,1074
Shelby,Lieutenant Governor,REP,Dan Patrick,5749
Shelby,Lieutenant Governor,LIB,,73
Sherman,Lieutenant Governor,DEM,Mike Collier,41
Sherman,Lieutenant Governor,REP,Dan Patrick,651
Sherman,Lieutenant Governor,LIB,,13
Smith,Lieutenant Governor,DEM,Mike Collier,18629
Smith,Lieutenant Governor,REP,Dan Patrick,55433
Smith,Lieutenant Governor,LIB,,1699
Somervell,Lieutenant Governor,DEM,Mike Collier,600
Somervell,Lieutenant Governor,REP,Dan Patrick,3346
Somervell,Lieutenant Governor,LIB,,66
Starr,Lieutenant Governor,DEM,Mike Collier,4661
Starr,Lieutenant Governor,REP,Dan Patrick,3728
Starr,Lieutenant Governor,LIB,,336
Stephens,Lieutenant Governor,DEM,Mike Collier,247
Stephens,Lieutenant Governor,REP,Dan Patrick,2455
Stephens,Lieutenant Governor,LIB,,34
Sterling,Lieutenant Governor,DEM,Mike Collier,26
Sterling,Lieutenant Governor,REP,Dan Patrick,407
Sterling,Lieutenant Governor,LIB,,14
Stonewall,Lieutenant Governor,DEM,Mike Collier,80
Stonewall,Lieutenant Governor,REP,Dan Patrick,477
Stonewall,Lieutenant Governor,LIB,,4
Sutton,Lieutenant Governor,DEM,Mike Collier,176
Sutton,Lieutenant Governor,REP,Dan Patrick,938
Sutton,Lieutenant Governor,LIB,,18
Swisher,Lieutenant Governor,DEM,Mike Collier,279
Swisher,Lieutenant Governor,REP,Dan Patrick,1333
Swisher,Lieutenant Governor,LIB,,46
Tarrant,Lieutenant Governor,DEM,Mike Collier,278873
Tarrant,Lieutenant Governor,REP,Dan Patrick,292612
Tarrant,Lieutenant Governor,LIB,,17188
Taylor,Lieutenant Governor,DEM,Mike Collier,8799
Taylor,Lieutenant Governor,REP,Dan Patrick,29207
Taylor,Lieutenant Governor,LIB,,1163
Terrell,Lieutenant Governor,DEM,Mike Collier,99
Terrell,Lieutenant Governor,REP,Dan Patrick,297
Terrell,Lieutenant Governor,LIB,,10
Terry,Lieutenant Governor,DEM,Mike Collier,389
Terry,Lieutenant Governor,REP,Dan Patrick,2029
Terry,Lieutenant Governor,LIB,,66
Throckmorton,Lieutenant Governor,DEM,Mike Collier,64
Throckmorton,Lieutenant Governor,REP,Dan Patrick,596
Throckmorton,Lieutenant Governor,LIB,,3
Titus,Lieutenant Governor,DEM,Mike Collier,1573
Titus,Lieutenant Governor,REP,Dan Patrick,5583
Titus,Lieutenant Governor,LIB,,126
Tom Green,Lieutenant Governor,DEM,Mike Collier,7590
Tom Green,Lieutenant Governor,REP,Dan Patrick,23196
Tom Green,Lieutenant Governor,LIB,,847
Travis,Lieutenant Governor,DEM,Mike Collier,328748
Travis,Lieutenant Governor,REP,Dan Patrick,114201
Travis,Lieutenant Governor,LIB,,14308
Trinity,Lieutenant Governor,DEM,Mike Collier,842
Trinity,Lieutenant Governor,REP,Dan Patrick,4382
Trinity,Lieutenant Governor,LIB,,72
Tyler,Lieutenant Governor,DEM,Mike Collier,839
Tyler,Lieutenant Governor,REP,Dan Patrick,6215
Tyler,Lieutenant Governor,LIB,,115
Upshur,Lieutenant Governor,DEM,Mike Collier,1923
Upshur,Lieutenant Governor,REP,Dan Patrick,12058
Upshur,Lieutenant Governor,LIB,,254
Upton,Lieutenant Governor,DEM,Mike Collier,143
Upton,Lieutenant Governor,REP,Dan Patrick,838
Upton,Lieutenant Governor,LIB,,36
Uvalde,Lieutenant Governor,DEM,Mike Collier,2960
Uvalde,Lieutenant Governor,REP,Dan Patrick,4653
Uvalde,Lieutenant Governor,LIB,,222
Val Verde,Lieutenant Governor,DEM,Mike Collier,3675
Val Verde,Lieutenant Governor,REP,Dan Patrick,5331
Val Verde,Lieutenant Governor,LIB,,270
Van Zandt,Lieutenant Governor,DEM,Mike Collier,2641
Van Zandt,Lieutenant Governor,REP,Dan Patrick,17384
Van Zandt,Lieutenant Governor,LIB,,322
Victoria,Lieutenant Governor,DEM,Mike Collier,6364
Victoria,Lieutenant Governor,REP,Dan Patrick,18179
Victoria,Lieutenant Governor,LIB,,544
Walker,Lieutenant Governor,DEM,Mike Collier,4849
Walker,Lieutenant Governor,REP,Dan Patrick,11969
Walker,Lieutenant Governor,LIB,,452
Waller,Lieutenant Governor,DEM,Mike Collier,5094
Waller,Lieutenant Governor,REP,Dan Patrick,11148
Waller,Lieutenant Governor,LIB,,400
Ward,Lieutenant Governor,DEM,Mike Collier,429
Ward,Lieutenant Governor,REP,Dan Patrick,2017
Ward,Lieutenant Governor,LIB,,59
Washington,Lieutenant Governor,DEM,Mike Collier,2968
Washington,Lieutenant Governor,REP,Dan Patrick,10639
Washington,Lieutenant Governor,LIB,,313
Webb,Lieutenant Governor,DEM,Mike Collier,24824
Webb,Lieutenant Governor,REP,Dan Patrick,15051
Webb,Lieutenant Governor,LIB,,2263
Wharton,Lieutenant Governor,DEM,Mike Collier,2745
Wharton,Lieutenant Governor,REP,Dan Patrick,9202
Wharton,Lieutenant Governor,LIB,,154
Wheeler,Lieutenant Governor,DEM,Mike Collier,121
Wheeler,Lieutenant Governor,REP,Dan Patrick,1536
Wheeler,Lieutenant Governor,LIB,,19
Wichita,Lieutenant Governor,DEM,Mike Collier,7746
Wichita,Lieutenant Governor,REP,Dan Patrick,22814
Wichita,Lieutenant Governor,LIB,,901
Wilbarger,Lieutenant Governor,DEM,Mike Collier,537
Wilbarger,Lieutenant Governor,REP,Dan Patrick,2532
Wilbarger,Lieutenant Governor,LIB,,61
Willacy,Lieutenant Governor,DEM,Mike Collier,1966
Willacy,Lieutenant Governor,REP,Dan Patrick,1603
Willacy,Lieutenant Governor,LIB,,130
Williamson,Lieutenant Governor,DEM,Mike Collier,108251
Williamson,Lieutenant Governor,REP,Dan Patrick,107113
Williamson,Lieutenant Governor,LIB,,7005
Wilson,Lieutenant Governor,DEM,Mike Collier,4295
Wilson,Lieutenant Governor,REP,Dan Patrick,14757
Wilson,Lieutenant Governor,LIB,,358
Winkler,Lieutenant Governor,DEM,Mike Collier,188
Winkler,Lieutenant Governor,REP,Dan Patrick,1087
Winkler,Lieutenant Governor,LIB,,31
Wise,Lieutenant Governor,DEM,Mike Collier,3668
Wise,Lieutenant Governor,REP,Dan Patrick,21442
Wise,Lieutenant Governor,LIB,,620
Wood,Lieutenant Governor,DEM,Mike Collier,2432
Wood,Lieutenant Governor,REP,Dan Patrick,15400
Wood,Lieutenant Governor,LIB,,277
Yoakum,Lieutenant Governor,DEM,Mike Collier,196
Yoakum,Lieutenant Governor,REP,Dan Patrick,1375
Yoakum,Lieutenant Governor,LIB,,43
Young,Lieutenant Governor,DEM,Mike Collier,695
Young,Lieutenant Governor,REP,Dan Patrick,5343
Young,Lieutenant Governor,LIB,,112
Zapata,Lieutenant Governor,DEM,Mike Collier,1410
Zapata,Lieutenant Governor,REP,Dan Patrick,1286
Zapata,Lieutenant Governor,LIB,,105
Zavala,Lieutenant Governor,DEM,Mike Collier,1445
Zavala,Lieutenant Governor,REP,Dan Patrick,716
Zavala,Lieutenant Governor,LIB,,55
Anderson,Comptroller,DEM,Janet T. Dudding,2428
Anderson,Comptroller,REP,Glenn Hegar,11596
Anderson,Comptroller,LIB,,207
Andrews,Comptroller,DEM,Janet T. Dudding,419
Andrews,Comptroller,REP,Glenn Hegar,3233
Andrews,Comptroller,LIB,,99
Angelina,Comptroller,DEM,Janet T. Dudding,4938
Angelina,Comptroller,REP,Glenn Hegar,18935
Angelina,Comptroller,LIB,,421
Aransas,Comptroller,DEM,Janet T. Dudding,1829
Aransas,Comptroller,REP,Glenn Hegar,7575
Aransas,Comptroller,LIB,,178
Archer,Comptroller,DEM,Janet T. Dudding,293
Archer,Comptroller,REP,Glenn Hegar,3468
Archer,Comptroller,LIB,,35
Armstrong,Comptroller,DEM,Janet T. Dudding,49
Armstrong,Comptroller,REP,Glenn Hegar,818
Armstrong,Comptroller,LIB,,16
Atascosa,Comptroller,DEM,Janet T. Dudding,3369
Atascosa,Comptroller,REP,Glenn Hegar,8610
Atascosa,Comptroller,LIB,,430
Austin,Comptroller,DEM,Janet T. Dudding,1616
Austin,Comptroller,REP,Glenn Hegar,9356
Austin,Comptroller,LIB,,152
Bailey,Comptroller,DEM,Janet T. Dudding,196
Bailey,Comptroller,REP,Glenn Hegar,1076
Bailey,Comptroller,LIB,,32
Bandera,Comptroller,DEM,Janet T. Dudding,1724
Bandera,Comptroller,REP,Glenn Hegar,8512
Bandera,Comptroller,LIB,,175
Bastrop,Comptroller,DEM,Janet T. Dudding,11138
Bastrop,Comptroller,REP,Glenn Hegar,16836
Bastrop,Comptroller,LIB,,846
Baylor,Comptroller,DEM,Janet T. Dudding,106
Baylor,Comptroller,REP,Glenn Hegar,1152
Baylor,Comptroller,LIB,,17
Bee,Comptroller,DEM,Janet T. Dudding,1904
Bee,Comptroller,REP,Glenn Hegar,4189
Bee,Comptroller,LIB,,185
Bell,Comptroller,DEM,Janet T. Dudding,32441
Bell,Comptroller,REP,Glenn Hegar,51778
Bell,Comptroller,LIB,,2316
Bexar,Comptroller,DEM,Janet T. Dudding,281462
Bexar,Comptroller,REP,Glenn Hegar,227482
Bexar,Comptroller,LIB,,18834
Blanco,Comptroller,DEM,Janet T. Dudding,1432
Blanco,Comptroller,REP,Glenn Hegar,5140
Blanco,Comptroller,LIB,,143
Borden,Comptroller,DEM,Janet T. Dudding,11
Borden,Comptroller,REP,Glenn Hegar,299
Borden,Comptroller,LIB,,1
Bosque,Comptroller,DEM,Janet T. Dudding,1014
Bosque,Comptroller,REP,Glenn Hegar,6236
Bosque,Comptroller,LIB,,83
Bowie,Comptroller,DEM,Janet T. Dudding,5972
Bowie,Comptroller,REP,Glenn Hegar,19933
Bowie,Comptroller,LIB,,369
Brazoria,Comptroller,DEM,Janet T. Dudding,40373
Brazoria,Comptroller,REP,Glenn Hegar,66060
Brazoria,Comptroller,LIB,,2637
Brazos,Comptroller,DEM,Janet T. Dudding,21165
Brazos,Comptroller,REP,Glenn Hegar,36257
Brazos,Comptroller,LIB,,1632
Brewster,Comptroller,DEM,Janet T. Dudding,1570
Brewster,Comptroller,REP,Glenn Hegar,1931
Brewster,Comptroller,LIB,,145
Briscoe,Comptroller,DEM,Janet T. Dudding,46
Briscoe,Comptroller,REP,Glenn Hegar,537
Briscoe,Comptroller,LIB,,4
Brooks,Comptroller,DEM,Janet T. Dudding,1101
Brooks,Comptroller,REP,Glenn Hegar,593
Brooks,Comptroller,LIB,,129
Brown,Comptroller,DEM,Janet T. Dudding,1232
Brown,Comptroller,REP,Glenn Hegar,10774
Brown,Comptroller,LIB,,170
Burleson,Comptroller,DEM,Janet T. Dudding,1102
Burleson,Comptroller,REP,Glenn Hegar,5477
Burleson,Comptroller,LIB,,89
Burnet,Comptroller,DEM,Janet T. Dudding,4049
Burnet,Comptroller,REP,Glenn Hegar,16518
Burnet,Comptroller,LIB,,419
Caldwell,Comptroller,DEM,Janet T. Dudding,4454
Caldwell,Comptroller,REP,Glenn Hegar,6361
Caldwell,Comptroller,LIB,,373
Calhoun,Comptroller,DEM,Janet T. Dudding,1203
Calhoun,Comptroller,REP,Glenn Hegar,4183
Calhoun,Comptroller,LIB,,103
Callahan,Comptroller,DEM,Janet T. Dudding,439
Callahan,Comptroller,REP,Glenn Hegar,4725
Callahan,Comptroller,LIB,,61
Cameron,Comptroller,DEM,Janet T. Dudding,38775
Cameron,Comptroller,REP,Glenn Hegar,32213
Cameron,Comptroller,LIB,,3833
Camp,Comptroller,DEM,Janet T. Dudding,834
Camp,Comptroller,REP,Glenn Hegar,3049
Camp,Comptroller,LIB,,55
Carson,Comptroller,DEM,Janet T. Dudding,194
Carson,Comptroller,REP,Glenn Hegar,2134
Carson,Comptroller,LIB,,36
Cass,Comptroller,DEM,Janet T. Dudding,1503
Cass,Comptroller,REP,Glenn Hegar,8325
Cass,Comptroller,LIB,,81
Castro,Comptroller,DEM,Janet T. Dudding,234
Castro,Comptroller,REP,Glenn Hegar,1186
Castro,Comptroller,LIB,,35
Chambers,Comptroller,DEM,Janet T. Dudding,2318
Chambers,Comptroller,REP,Glenn Hegar,13039
Chambers,Comptroller,LIB,,257
Cherokee,Comptroller,DEM,Janet T. Dudding,2300
Cherokee,Comptroller,REP,Glenn Hegar,11870
Cherokee,Comptroller,LIB,,163
Childress,Comptroller,DEM,Janet T. Dudding,157
Childress,Comptroller,REP,Glenn Hegar,1528
Childress,Comptroller,LIB,,30
Clay,Comptroller,DEM,Janet T. Dudding,401
Clay,Comptroller,REP,Glenn Hegar,4009
Clay,Comptroller,LIB,,40
Cochran,Comptroller,DEM,Janet T. Dudding,84
Cochran,Comptroller,REP,Glenn Hegar,498
Cochran,Comptroller,LIB,,19
Coke,Comptroller,DEM,Janet T. Dudding,107
Coke,Comptroller,REP,Glenn Hegar,1242
Coke,Comptroller,LIB,,20
Coleman,Comptroller,DEM,Janet T. Dudding,258
Coleman,Comptroller,REP,Glenn Hegar,2907
Coleman,Comptroller,LIB,,27
Collin,Comptroller,DEM,Janet T. Dudding,145368
Collin,Comptroller,REP,Glenn Hegar,204865
Collin,Comptroller,LIB,,7423
Collingsworth,Comptroller,DEM,Janet T. Dudding,74
Collingsworth,Comptroller,REP,Glenn Hegar,811
Collingsworth,Comptroller,LIB,,6
Colorado,Comptroller,DEM,Janet T. Dudding,1282
Colorado,Comptroller,REP,Glenn Hegar,6111
Colorado,Comptroller,LIB,,105
Comal,Comptroller,DEM,Janet T. Dudding,17400
Comal,Comptroller,REP,Glenn Hegar,55307
Comal,Comptroller,LIB,,1585
Comanche,Comptroller,DEM,Janet T. Dudding,519
Comanche,Comptroller,REP,Glenn Hegar,4199
Comanche,Comptroller,LIB,,76
Concho,Comptroller,DEM,Janet T. Dudding,113
Concho,Comptroller,REP,Glenn Hegar,798
Concho,Comptroller,LIB,,17
Cooke,Comptroller,DEM,Janet T. Dudding,2061
Cooke,Comptroller,REP,Glenn Hegar,12816
Cooke,Comptroller,LIB,,235
Coryell,Comptroller,DEM,Janet T. Dudding,4182
Coryell,Comptroller,REP,Glenn Hegar,11599
Coryell,Comptroller,LIB,,414
Cottle,Comptroller,DEM,Janet T. Dudding,58
Cottle,Comptroller,REP,Glenn Hegar,434
Cottle,Comptroller,LIB,,7
Crane,Comptroller,DEM,Janet T. Dudding,133
Crane,Comptroller,REP,Glenn Hegar,913
Crane,Comptroller,LIB,,42
Crockett,Comptroller,DEM,Janet T. Dudding,246
Crockett,Comptroller,REP,Glenn Hegar,866
Crockett,Comptroller,LIB,,66
Crosby,Comptroller,DEM,Janet T. Dudding,257
Crosby,Comptroller,REP,Glenn Hegar,959
Crosby,Comptroller,LIB,,26
Culberson,Comptroller,DEM,Janet T. Dudding,264
Culberson,Comptroller,REP,Glenn Hegar,310
Culberson,Comptroller,LIB,,45
Dallam,Comptroller,DEM,Janet T. Dudding,76
Dallam,Comptroller,REP,Glenn Hegar,947
Dallam,Comptroller,LIB,,15
Dallas,Comptroller,DEM,Janet T. Dudding,362633
Dallas,Comptroller,REP,Glenn Hegar,238296
Dallas,Comptroller,LIB,,19374
Dawson,Comptroller,DEM,Janet T. Dudding,379
Dawson,Comptroller,REP,Glenn Hegar,2022
Dawson,Comptroller,LIB,,71
DeWitt,Comptroller,DEM,Janet T. Dudding,793
DeWitt,Comptroller,REP,Glenn Hegar,5171
DeWitt,Comptroller,LIB,,53
Deaf Smith,Comptroller,DEM,Janet T. Dudding,588
Deaf Smith,Comptroller,REP,Glenn Hegar,2248
Deaf Smith,Comptroller,LIB,,92
Delta,Comptroller,DEM,Janet T. Dudding,274
Delta,Comptroller,REP,Glenn Hegar,1706
Delta,Comptroller,LIB,,20
Denton,Comptroller,DEM,Janet T. Dudding,123619
Denton,Comptroller,REP,Glenn Hegar,181833
Denton,Comptroller,LIB,,8377
Dickens,Comptroller,DEM,Janet T. Dudding,85
Dickens,Comptroller,REP,Glenn Hegar,678
Dickens,Comptroller,LIB,,12
Dimmit,Comptroller,DEM,Janet T. Dudding,1502
Dimmit,Comptroller,REP,Glenn Hegar,864
Dimmit,Comptroller,LIB,,123
Donley,Comptroller,DEM,Janet T. Dudding,103
Donley,Comptroller,REP,Glenn Hegar,1069
Donley,Comptroller,LIB,,4
Duval,Comptroller,DEM,Janet T. Dudding,1740
Duval,Comptroller,REP,Glenn Hegar,1137
Duval,Comptroller,LIB,,202
Eastland,Comptroller,DEM,Janet T. Dudding,613
Eastland,Comptroller,REP,Glenn Hegar,5430
Eastland,Comptroller,LIB,,72
Ector,Comptroller,DEM,Janet T. Dudding,5474
Ector,Comptroller,REP,Glenn Hegar,18914
Ector,Comptroller,LIB,,725
Edwards,Comptroller,DEM,Janet T. Dudding,80
Edwards,Comptroller,REP,Glenn Hegar,697
Edwards,Comptroller,LIB,,12
El Paso,Comptroller,DEM,Janet T. Dudding,96041
El Paso,Comptroller,REP,Glenn Hegar,56481
El Paso,Comptroller,LIB,,7837
Ellis,Comptroller,DEM,Janet T. Dudding,19211
Ellis,Comptroller,REP,Glenn Hegar,45596
Ellis,Comptroller,LIB,,1578
Erath,Comptroller,DEM,Janet T. Dudding,1812
Erath,Comptroller,REP,Glenn Hegar,10968
Erath,Comptroller,LIB,,220
Falls,Comptroller,DEM,Janet T. Dudding,1115
Falls,Comptroller,REP,Glenn Hegar,3465
Falls,Comptroller,LIB,,81
Fannin,Comptroller,DEM,Janet T. Dudding,1709
Fannin,Comptroller,REP,Glenn Hegar,9605
Fannin,Comptroller,LIB,,189
Fayette,Comptroller,DEM,Janet T. Dudding,1534
Fayette,Comptroller,REP,Glenn Hegar,8748
Fayette,Comptroller,LIB,,109
Fisher,Comptroller,DEM,Janet T. Dudding,216
Fisher,Comptroller,REP,Glenn Hegar,1142
Fisher,Comptroller,LIB,,13
Floyd,Comptroller,DEM,Janet T. Dudding,191
Floyd,Comptroller,REP,Glenn Hegar,1237
Floyd,Comptroller,LIB,,23
Foard,Comptroller,DEM,Janet T. Dudding,71
Foard,Comptroller,REP,Glenn Hegar,407
Foard,Comptroller,LIB,,7
Fort Bend,Comptroller,DEM,Janet T. Dudding,118854
Fort Bend,Comptroller,REP,Glenn Hegar,121745
Fort Bend,Comptroller,LIB,,5267
Franklin,Comptroller,DEM,Janet T. Dudding,480
Franklin,Comptroller,REP,Glenn Hegar,3339
Franklin,Comptroller,LIB,,46
Freestone,Comptroller,DEM,Janet T. Dudding,941
Freestone,Comptroller,REP,Glenn Hegar,5562
Freestone,Comptroller,LIB,,72
Frio,Comptroller,DEM,Janet T. Dudding,1493
Frio,Comptroller,REP,Glenn Hegar,1647
Frio,Comptroller,LIB,,129
Gaines,Comptroller,DEM,Janet T. Dudding,290
Gaines,Comptroller,REP,Glenn Hegar,3702
Gaines,Comptroller,LIB,,60
Galveston,Comptroller,DEM,Janet T. Dudding,37570
Galveston,Comptroller,REP,Glenn Hegar,69772
Galveston,Comptroller,LIB,,2485
Garza,Comptroller,DEM,Janet T. Dudding,129
Garza,Comptroller,REP,Glenn Hegar,1024
Garza,Comptroller,LIB,,18
Gillespie,Comptroller,DEM,Janet T. Dudding,2150
Gillespie,Comptroller,REP,Glenn Hegar,10945
Gillespie,Comptroller,LIB,,199
Glasscock,Comptroller,DEM,Janet T. Dudding,20
Glasscock,Comptroller,REP,Glenn Hegar,531
Glasscock,Comptroller,LIB,,6
Goliad,Comptroller,DEM,Janet T. Dudding,617
Goliad,Comptroller,REP,Glenn Hegar,2550
Goliad,Comptroller,LIB,,75
Gonzales,Comptroller,DEM,Janet T. Dudding,985
Gonzales,Comptroller,REP,Glenn Hegar,4343
Gonzales,Comptroller,LIB,,111
Gray,Comptroller,DEM,Janet T. Dudding,458
Gray,Comptroller,REP,Glenn Hegar,4954
Gray,Comptroller,LIB,,101
Grayson,Comptroller,DEM,Janet T. Dudding,9120
Grayson,Comptroller,REP,Glenn Hegar,34703
Grayson,Comptroller,LIB,,745
Gregg,Comptroller,DEM,Janet T. Dudding,8317
Gregg,Comptroller,REP,Glenn Hegar,24089
Gregg,Comptroller,LIB,,537
Grimes,Comptroller,DEM,Janet T. Dudding,1647
Grimes,Comptroller,REP,Glenn Hegar,7593
Grimes,Comptroller,LIB,,141
Guadalupe,Comptroller,DEM,Janet T. Dudding,17719
Guadalupe,Comptroller,REP,Glenn Hegar,37023
Guadalupe,Comptroller,LIB,,1609
Hale,Comptroller,DEM,Janet T. Dudding,1050
Hale,Comptroller,REP,Glenn Hegar,5032
Hale,Comptroller,LIB,,179
Hall,Comptroller,DEM,Janet T. Dudding,95
Hall,Comptroller,REP,Glenn Hegar,750
Hall,Comptroller,LIB,,8
Hamilton,Comptroller,DEM,Janet T. Dudding,392
Hamilton,Comptroller,REP,Glenn Hegar,3002
Hamilton,Comptroller,LIB,,32
Hansford,Comptroller,DEM,Janet T. Dudding,72
Hansford,Comptroller,REP,Glenn Hegar,1392
Hansford,Comptroller,LIB,,15
Hardeman,Comptroller,DEM,Janet T. Dudding,109
Hardeman,Comptroller,REP,Glenn Hegar,851
Hardeman,Comptroller,LIB,,6
Hardin,Comptroller,DEM,Janet T. Dudding,1969
Hardin,Comptroller,REP,Glenn Hegar,17301
Hardin,Comptroller,LIB,,216
Harris,Comptroller,DEM,Janet T. Dudding,550951
Harris,Comptroller,REP,Glenn Hegar,510000
Harris,Comptroller,LIB,,28094
Harrison,Comptroller,DEM,Janet T. Dudding,4582
Harrison,Comptroller,REP,Glenn Hegar,16317
Harrison,Comptroller,LIB,,287
Hartley,Comptroller,DEM,Janet T. Dudding,100
Hartley,Comptroller,REP,Glenn Hegar,1439
Hartley,Comptroller,LIB,,12
Haskell,Comptroller,DEM,Janet T. Dudding,211
Haskell,Comptroller,REP,Glenn Hegar,1415
Haskell,Comptroller,LIB,,13
Hays,Comptroller,DEM,Janet T. Dudding,45267
Hays,Comptroller,REP,Glenn Hegar,40494
Hays,Comptroller,LIB,,2765
Hemphill,Comptroller,DEM,Janet T. Dudding,124
Hemphill,Comptroller,REP,Glenn Hegar,1164
Hemphill,Comptroller,LIB,,13
Henderson,Comptroller,DEM,Janet T. Dudding,4395
Henderson,Comptroller,REP,Glenn Hegar,22881
Henderson,Comptroller,LIB,,386
Hidalgo,Comptroller,DEM,Janet T. Dudding,74686
Hidalgo,Comptroller,REP,Glenn Hegar,53185
Hidalgo,Comptroller,LIB,,7363
Hill,Comptroller,DEM,Janet T. Dudding,1717
Hill,Comptroller,REP,Glenn Hegar,9410
Hill,Comptroller,LIB,,158
Hockley,Comptroller,DEM,Janet T. Dudding,723
Hockley,Comptroller,REP,Glenn Hegar,4632
Hockley,Comptroller,LIB,,103
Hood,Comptroller,DEM,Janet T. Dudding,3888
Hood,Comptroller,REP,Glenn Hegar,22576
Hood,Comptroller,LIB,,411
Hopkins,Comptroller,DEM,Janet T. Dudding,1846
Hopkins,Comptroller,REP,Glenn Hegar,10200
Hopkins,Comptroller,LIB,,195
Houston,Comptroller,DEM,Janet T. Dudding,1371
Houston,Comptroller,REP,Glenn Hegar,5642
Houston,Comptroller,LIB,,72
Howard,Comptroller,DEM,Janet T. Dudding,1011
Howard,Comptroller,REP,Glenn Hegar,5254
Howard,Comptroller,LIB,,167
Hudspeth,Comptroller,DEM,Janet T. Dudding,242
Hudspeth,Comptroller,REP,Glenn Hegar,534
Hudspeth,Comptroller,LIB,,48
Hunt,Comptroller,DEM,Janet T. Dudding,5802
Hunt,Comptroller,REP,Glenn Hegar,23734
Hunt,Comptroller,LIB,,589
Hutchinson,Comptroller,DEM,Janet T. Dudding,530
Hutchinson,Comptroller,REP,Glenn Hegar,5382
Hutchinson,Comptroller,LIB,,95
Irion,Comptroller,DEM,Janet T. Dudding,71
Irion,Comptroller,REP,Glenn Hegar,609
Irion,Comptroller,LIB,,14
Jack,Comptroller,DEM,Janet T. Dudding,216
Jack,Comptroller,REP,Glenn Hegar,2725
Jack,Comptroller,LIB,,26
Jackson,Comptroller,DEM,Janet T. Dudding,499
Jackson,Comptroller,REP,Glenn Hegar,4038
Jackson,Comptroller,LIB,,44
Jasper,Comptroller,DEM,Janet T. Dudding,1602
Jasper,Comptroller,REP,Glenn Hegar,9533
Jasper,Comptroller,LIB,,97
Jeff Davis,Comptroller,DEM,Janet T. Dudding,371
Jeff Davis,Comptroller,REP,Glenn Hegar,623
Jeff Davis,Comptroller,LIB,,35
Jefferson,Comptroller,DEM,Janet T. Dudding,25942
Jefferson,Comptroller,REP,Glenn Hegar,34402
Jefferson,Comptroller,LIB,,1064
Jim Hogg,Comptroller,DEM,Janet T. Dudding,785
Jim Hogg,Comptroller,REP,Glenn Hegar,398
Jim Hogg,Comptroller,LIB,,83
Jim Wells,Comptroller,DEM,Janet T. Dudding,4207
Jim Wells,Comptroller,REP,Glenn Hegar,4568
Jim Wells,Comptroller,LIB,,371
Johnson,Comptroller,DEM,Janet T. Dudding,11201
Johnson,Comptroller,REP,Glenn Hegar,43032
Johnson,Comptroller,LIB,,1054
Jones,Comptroller,DEM,Janet T. Dudding,585
Jones,Comptroller,REP,Glenn Hegar,4274
Jones,Comptroller,LIB,,81
Karnes,Comptroller,DEM,Janet T. Dudding,699
Karnes,Comptroller,REP,Glenn Hegar,2938
Karnes,Comptroller,LIB,,83
Kaufman,Comptroller,DEM,Janet T. Dudding,12901
Kaufman,Comptroller,REP,Glenn Hegar,28434
Kaufman,Comptroller,LIB,,923
Kendall,Comptroller,DEM,Janet T. Dudding,4030
Kendall,Comptroller,REP,Glenn Hegar,17857
Kendall,Comptroller,LIB,,393
Kenedy,Comptroller,DEM,Janet T. Dudding,30
Kenedy,Comptroller,REP,Glenn Hegar,91
Kenedy,Comptroller,LIB,,6
Kent,Comptroller,DEM,Janet T. Dudding,31
Kent,Comptroller,REP,Glenn Hegar,297
Kent,Comptroller,LIB,,5
Kerr,Comptroller,DEM,Janet T. Dudding,4273
Kerr,Comptroller,REP,Glenn Hegar,17681
Kerr,Comptroller,LIB,,387
Kimble,Comptroller,DEM,Janet T. Dudding,171
Kimble,Comptroller,REP,Glenn Hegar,1657
Kimble,Comptroller,LIB,,16
King,Comptroller,DEM,Janet T. Dudding,2
King,Comptroller,REP,Glenn Hegar,99
King,Comptroller,LIB,,2
Kinney,Comptroller,DEM,Janet T. Dudding,237
Kinney,Comptroller,REP,Glenn Hegar,851
Kinney,Comptroller,LIB,,33
Kleberg,Comptroller,DEM,Janet T. Dudding,3230
Kleberg,Comptroller,REP,Glenn Hegar,3897
Kleberg,Comptroller,LIB,,314
Knox,Comptroller,DEM,Janet T. Dudding,142
Knox,Comptroller,REP,Glenn Hegar,865
Knox,Comptroller,LIB,,14
La Salle,Comptroller,DEM,Janet T. Dudding,573
La Salle,Comptroller,REP,Glenn Hegar,679
La Salle,Comptroller,LIB,,40
Lamar,Comptroller,DEM,Janet T. Dudding,2518
Lamar,Comptroller,REP,Glenn Hegar,12458
Lamar,Comptroller,LIB,,201
Lamb,Comptroller,DEM,Janet T. Dudding,384
Lamb,Comptroller,REP,Glenn Hegar,2573
Lamb,Comptroller,LIB,,68
Lampasas,Comptroller,DEM,Janet T. Dudding,1397
Lampasas,Comptroller,REP,Glenn Hegar,6571
Lampasas,Comptroller,LIB,,184
Lavaca,Comptroller,DEM,Janet T. Dudding,732
Lavaca,Comptroller,REP,Glenn Hegar,7303
Lavaca,Comptroller,LIB,,61
Lee,Comptroller,DEM,Janet T. Dudding,1019
Lee,Comptroller,REP,Glenn Hegar,5066
Lee,Comptroller,LIB,,99
Leon,Comptroller,DEM,Janet T. Dudding,651
Leon,Comptroller,REP,Glenn Hegar,6075
Leon,Comptroller,LIB,,75
Liberty,Comptroller,DEM,Janet T. Dudding,3269
Liberty,Comptroller,REP,Glenn Hegar,16043
Liberty,Comptroller,LIB,,314
Limestone,Comptroller,DEM,Janet T. Dudding,1309
Limestone,Comptroller,REP,Glenn Hegar,5362
Limestone,Comptroller,LIB,,103
Lipscomb,Comptroller,DEM,Janet T. Dudding,71
Lipscomb,Comptroller,REP,Glenn Hegar,887
Lipscomb,Comptroller,LIB,,14
Live Oak,Comptroller,DEM,Janet T. Dudding,533
Live Oak,Comptroller,REP,Glenn Hegar,3353
Live Oak,Comptroller,LIB,,46
Llano,Comptroller,DEM,Janet T. Dudding,1788
Llano,Comptroller,REP,Glenn Hegar,9030
Llano,Comptroller,LIB,,136
Loving,Comptroller,DEM,Janet T. Dudding,6
Loving,Comptroller,REP,Glenn Hegar,63
Loving,Comptroller,LIB,,3
Lubbock,Comptroller,DEM,Janet T. Dudding,22181
Lubbock,Comptroller,REP,Glenn Hegar,58103
Lubbock,Comptroller,LIB,,2389
Lynn,Comptroller,DEM,Janet T. Dudding,191
Lynn,Comptroller,REP,Glenn Hegar,1466
Lynn,Comptroller,LIB,,38
Madison,Comptroller,DEM,Janet T. Dudding,562
Madison,Comptroller,REP,Glenn Hegar,3261
Madison,Comptroller,LIB,,43
Marion,Comptroller,DEM,Janet T. Dudding,716
Marion,Comptroller,REP,Glenn Hegar,2510
Marion,Comptroller,LIB,,38
Martin,Comptroller,DEM,Janet T. Dudding,145
Martin,Comptroller,REP,Glenn Hegar,1311
Martin,Comptroller,LIB,,26
Mason,Comptroller,DEM,Janet T. Dudding,311
Mason,Comptroller,REP,Glenn Hegar,1683
Mason,Comptroller,LIB,,30
Matagorda,Comptroller,DEM,Janet T. Dudding,2091
Matagorda,Comptroller,REP,Glenn Hegar,7349
Matagorda,Comptroller,LIB,,195
Maverick,Comptroller,DEM,Janet T. Dudding,4637
Maverick,Comptroller,REP,Glenn Hegar,3233
Maverick,Comptroller,LIB,,559
McCulloch,Comptroller,DEM,Janet T. Dudding,292
McCulloch,Comptroller,REP,Glenn Hegar,2209
McCulloch,Comptroller,LIB,,35
McLennan,Comptroller,DEM,Janet T. Dudding,21940
McLennan,Comptroller,REP,Glenn Hegar,48378
McLennan,Comptroller,LIB,,1505
McMullen,Comptroller,DEM,Janet T. Dudding,26
McMullen,Comptroller,REP,Glenn Hegar,331
McMullen,Comptroller,LIB,,6
Medina,Comptroller,DEM,Janet T. Dudding,4188
Medina,Comptroller,REP,Glenn Hegar,12582
Medina,Comptroller,LIB,,408
Menard,Comptroller,DEM,Janet T. Dudding,106
Menard,Comptroller,REP,Glenn Hegar,639
Menard,Comptroller,LIB,,13
Midland,Comptroller,DEM,Janet T. Dudding,6258
Midland,Comptroller,REP,Glenn Hegar,31817
Midland,Comptroller,LIB,,1024
Milam,Comptroller,DEM,Janet T. Dudding,1484
Milam,Comptroller,REP,Glenn Hegar,6685
Milam,Comptroller,LIB,,118
Mills,Comptroller,DEM,Janet T. Dudding,187
Mills,Comptroller,REP,Glenn Hegar,1885
Mills,Comptroller,LIB,,26
Mitchell,Comptroller,DEM,Janet T. Dudding,179
Mitchell,Comptroller,REP,Glenn Hegar,1549
Mitchell,Comptroller,LIB,,21
Montague,Comptroller,DEM,Janet T. Dudding,736
Montague,Comptroller,REP,Glenn Hegar,6921
Montague,Comptroller,LIB,,89
Montgomery,Comptroller,DEM,Janet T. Dudding,47536
Montgomery,Comptroller,REP,Glenn Hegar,154469
Montgomery,Comptroller,LIB,,3957
Moore,Comptroller,DEM,Janet T. Dudding,442
Moore,Comptroller,REP,Glenn Hegar,3004
Moore,Comptroller,LIB,,90
Morris,Comptroller,DEM,Janet T. Dudding,923
Morris,Comptroller,REP,Glenn Hegar,2993
Morris,Comptroller,LIB,,29
Motley,Comptroller,DEM,Janet T. Dudding,21
Motley,Comptroller,REP,Glenn Hegar,474
Motley,Comptroller,LIB,,3
Nacogdoches,Comptroller,DEM,Janet T. Dudding,5231
Nacogdoches,Comptroller,REP,Glenn Hegar,13211
Nacogdoches,Comptroller,LIB,,329
Navarro,Comptroller,DEM,Janet T. Dudding,2896
Navarro,Comptroller,REP,Glenn Hegar,10859
Navarro,Comptroller,LIB,,273
Newton,Comptroller,DEM,Janet T. Dudding,699
Newton,Comptroller,REP,Glenn Hegar,3558
Newton,Comptroller,LIB,,30
Nolan,Comptroller,DEM,Janet T. Dudding,605
Nolan,Comptroller,REP,Glenn Hegar,3046
Nolan,Comptroller,LIB,,80
Nueces,Comptroller,DEM,Janet T. Dudding,37591
Nueces,Comptroller,REP,Glenn Hegar,46905
Nueces,Comptroller,LIB,,3054
Ochiltree,Comptroller,DEM,Janet T. Dudding,123
Ochiltree,Comptroller,REP,Glenn Hegar,1964
Ochiltree,Comptroller,LIB,,24
Oldham,Comptroller,DEM,Janet T. Dudding,53
Oldham,Comptroller,REP,Glenn Hegar,705
Oldham,Comptroller,LIB,,4
Orange,Comptroller,DEM,Janet T. Dudding,3712
Orange,Comptroller,REP,Glenn Hegar,20873
Orange,Comptroller,LIB,,287
Palo Pinto,Comptroller,DEM,Janet T. Dudding,1372
Palo Pinto,Comptroller,REP,Glenn Hegar,7904
Palo Pinto,Comptroller,LIB,,144
Panola,Comptroller,DEM,Janet T. Dudding,1209
Panola,Comptroller,REP,Glenn Hegar,6923
Panola,Comptroller,LIB,,69
Parker,Comptroller,DEM,Janet T. Dudding,9085
Parker,Comptroller,REP,Glenn Hegar,52736
Parker,Comptroller,LIB,,1125
Parmer,Comptroller,DEM,Janet T. Dudding,183
Parmer,Comptroller,REP,Glenn Hegar,1520
Parmer,Comptroller,LIB,,43
Pecos,Comptroller,DEM,Janet T. Dudding,978
Pecos,Comptroller,REP,Glenn Hegar,2282
Pecos,Comptroller,LIB,,206
Polk,Comptroller,DEM,Janet T. Dudding,3021
Polk,Comptroller,REP,Glenn Hegar,13327
Polk,Comptroller,LIB,,261
Potter,Comptroller,DEM,Janet T. Dudding,5051
Potter,Comptroller,REP,Glenn Hegar,15954
Potter,Comptroller,LIB,,593
Presidio,Comptroller,DEM,Janet T. Dudding,1048
Presidio,Comptroller,REP,Glenn Hegar,446
Presidio,Comptroller,LIB,,98
Rains,Comptroller,DEM,Janet T. Dudding,561
Rains,Comptroller,REP,Glenn Hegar,4339
Rains,Comptroller,LIB,,49
Randall,Comptroller,DEM,Janet T. Dudding,7673
Randall,Comptroller,REP,Glenn Hegar,39033
Randall,Comptroller,LIB,,931
Reagan,Comptroller,DEM,Janet T. Dudding,77
Reagan,Comptroller,REP,Glenn Hegar,601
Reagan,Comptroller,LIB,,14
Real,Comptroller,DEM,Janet T. Dudding,200
Real,Comptroller,REP,Glenn Hegar,1320
Real,Comptroller,LIB,,25
Red River,Comptroller,DEM,Janet T. Dudding,732
Red River,Comptroller,REP,Glenn Hegar,3463
Red River,Comptroller,LIB,,46
Reeves,Comptroller,DEM,Janet T. Dudding,713
Reeves,Comptroller,REP,Glenn Hegar,1128
Reeves,Comptroller,LIB,,109
Refugio,Comptroller,DEM,Janet T. Dudding,613
Refugio,Comptroller,REP,Glenn Hegar,1599
Refugio,Comptroller,LIB,,49
Roberts,Comptroller,DEM,Janet T. Dudding,10
Roberts,Comptroller,REP,Glenn Hegar,425
Roberts,Comptroller,LIB,,4
Robertson,Comptroller,DEM,Janet T. Dudding,1242
Robertson,Comptroller,REP,Glenn Hegar,4573
Robertson,Comptroller,LIB,,106
Rockwall,Comptroller,DEM,Janet T. Dudding,10945
Rockwall,Comptroller,REP,Glenn Hegar,30931
Rockwall,Comptroller,LIB,,912
Runnels,Comptroller,DEM,Janet T. Dudding,274
Runnels,Comptroller,REP,Glenn Hegar,2887
Runnels,Comptroller,LIB,,47
Rusk,Comptroller,DEM,Janet T. Dudding,2597
Rusk,Comptroller,REP,Glenn Hegar,12629
Rusk,Comptroller,LIB,,182
Sabine,Comptroller,DEM,Janet T. Dudding,386
Sabine,Comptroller,REP,Glenn Hegar,3756
Sabine,Comptroller,LIB,,19
San Augustine,Comptroller,DEM,Janet T. Dudding,592
San Augustine,Comptroller,REP,Glenn Hegar,2223
San Augustine,Comptroller,LIB,,22
San Jacinto,Comptroller,DEM,Janet T. Dudding,1470
San Jacinto,Comptroller,REP,Glenn Hegar,7892
San Jacinto,Comptroller,LIB,,131
San Patricio,Comptroller,DEM,Janet T. Dudding,5319
San Patricio,Comptroller,REP,Glenn Hegar,11821
San Patricio,Comptroller,LIB,,484
San Saba,Comptroller,DEM,Janet T. Dudding,181
San Saba,Comptroller,REP,Glenn Hegar,1928
San Saba,Comptroller,LIB,,16
Schleicher,Comptroller,DEM,Janet T. Dudding,160
Schleicher,Comptroller,REP,Glenn Hegar,767
Schleicher,Comptroller,LIB,,30
Scurry,Comptroller,DEM,Janet T. Dudding,438
Scurry,Comptroller,REP,Glenn Hegar,3568
Scurry,Comptroller,LIB,,63
Shackelford,Comptroller,DEM,Janet T. Dudding,86
Shackelford,Comptroller,REP,Glenn Hegar,1130
Shackelford,Comptroller,LIB,,11
Shelby,Comptroller,DEM,Janet T. Dudding,1040
Shelby,Comptroller,REP,Glenn Hegar,5758
Shelby,Comptroller,LIB,,49
Sherman,Comptroller,DEM,Janet T. Dudding,32
Sherman,Comptroller,REP,Glenn Hegar,659
Sherman,Comptroller,LIB,,7
Smith,Comptroller,DEM,Janet T. Dudding,17766
Smith,Comptroller,REP,Glenn Hegar,56281
Smith,Comptroller,LIB,,1268
Somervell,Comptroller,DEM,Janet T. Dudding,500
Somervell,Comptroller,REP,Glenn Hegar,3406
Somervell,Comptroller,LIB,,74
Starr,Comptroller,DEM,Janet T. Dudding,4452
Starr,Comptroller,REP,Glenn Hegar,3119
Starr,Comptroller,LIB,,641
Stephens,Comptroller,DEM,Janet T. Dudding,217
Stephens,Comptroller,REP,Glenn Hegar,2473
Stephens,Comptroller,LIB,,23
Sterling,Comptroller,DEM,Janet T. Dudding,19
Sterling,Comptroller,REP,Glenn Hegar,417
Sterling,Comptroller,LIB,,5
Stonewall,Comptroller,DEM,Janet T. Dudding,81
Stonewall,Comptroller,REP,Glenn Hegar,473
Stonewall,Comptroller,LIB,,4
Sutton,Comptroller,DEM,Janet T. Dudding,149
Sutton,Comptroller,REP,Glenn Hegar,952
Sutton,Comptroller,LIB,,27
Swisher,Comptroller,DEM,Janet T. Dudding,242
Swisher,Comptroller,REP,Glenn Hegar,1364
Swisher,Comptroller,LIB,,33
Tarrant,Comptroller,DEM,Janet T. Dudding,259563
Tarrant,Comptroller,REP,Glenn Hegar,310784
Tarrant,Comptroller,LIB,,14991
Taylor,Comptroller,DEM,Janet T. Dudding,8091
Taylor,Comptroller,REP,Glenn Hegar,29904
Taylor,Comptroller,LIB,,939
Terrell,Comptroller,DEM,Janet T. Dudding,92
Terrell,Comptroller,REP,Glenn Hegar,286
Terrell,Comptroller,LIB,,10
Terry,Comptroller,DEM,Janet T. Dudding,336
Terry,Comptroller,REP,Glenn Hegar,2011
Terry,Comptroller,LIB,,91
Throckmorton,Comptroller,DEM,Janet T. Dudding,50
Throckmorton,Comptroller,REP,Glenn Hegar,602
Throckmorton,Comptroller,LIB,,2
Titus,Comptroller,DEM,Janet T. Dudding,1470
Titus,Comptroller,REP,Glenn Hegar,5653
Titus,Comptroller,LIB,,113
Tom Green,Comptroller,DEM,Janet T. Dudding,6987
Tom Green,Comptroller,REP,Glenn Hegar,23679
Tom Green,Comptroller,LIB,,791
Travis,Comptroller,DEM,Janet T. Dudding,306510
Travis,Comptroller,REP,Glenn Hegar,131849
Travis,Comptroller,LIB,,13975
Trinity,Comptroller,DEM,Janet T. Dudding,760
Trinity,Comptroller,REP,Glenn Hegar,4456
Trinity,Comptroller,LIB,,45
Tyler,Comptroller,DEM,Janet T. Dudding,819
Tyler,Comptroller,REP,Glenn Hegar,6168
Tyler,Comptroller,LIB,,88
Upshur,Comptroller,DEM,Janet T. Dudding,1828
Upshur,Comptroller,REP,Glenn Hegar,12174
Upshur,Comptroller,LIB,,185
Upton,Comptroller,DEM,Janet T. Dudding,115
Upton,Comptroller,REP,Glenn Hegar,841
Upton,Comptroller,LIB,,38
Uvalde,Comptroller,DEM,Janet T. Dudding,2725
Uvalde,Comptroller,REP,Glenn Hegar,4664
Uvalde,Comptroller,LIB,,365
Val Verde,Comptroller,DEM,Janet T. Dudding,3514
Val Verde,Comptroller,REP,Glenn Hegar,5144
Val Verde,Comptroller,LIB,,510
Van Zandt,Comptroller,DEM,Janet T. Dudding,2227
Van Zandt,Comptroller,REP,Glenn Hegar,17627
Van Zandt,Comptroller,LIB,,219
Victoria,Comptroller,DEM,Janet T. Dudding,5924
Victoria,Comptroller,REP,Glenn Hegar,18521
Victoria,Comptroller,LIB,,548
Walker,Comptroller,DEM,Janet T. Dudding,4496
Walker,Comptroller,REP,Glenn Hegar,12318
Walker,Comptroller,LIB,,340
Waller,Comptroller,DEM,Janet T. Dudding,4588
Waller,Comptroller,REP,Glenn Hegar,11663
Waller,Comptroller,LIB,,348
Ward,Comptroller,DEM,Janet T. Dudding,410
Ward,Comptroller,REP,Glenn Hegar,2018
Ward,Comptroller,LIB,,68
Washington,Comptroller,DEM,Janet T. Dudding,2500
Washington,Comptroller,REP,Glenn Hegar,11121
Washington,Comptroller,LIB,,188
Webb,Comptroller,DEM,Janet T. Dudding,24165
Webb,Comptroller,REP,Glenn Hegar,13835
Webb,Comptroller,LIB,,3702
Wharton,Comptroller,DEM,Janet T. Dudding,2434
Wharton,Comptroller,REP,Glenn Hegar,9467
Wharton,Comptroller,LIB,,169
Wheeler,Comptroller,DEM,Janet T. Dudding,106
Wheeler,Comptroller,REP,Glenn Hegar,1532
Wheeler,Comptroller,LIB,,18
Wichita,Comptroller,DEM,Janet T. Dudding,7448
Wichita,Comptroller,REP,Glenn Hegar,23092
Wichita,Comptroller,LIB,,667
Wilbarger,Comptroller,DEM,Janet T. Dudding,503
Wilbarger,Comptroller,REP,Glenn Hegar,2564
Wilbarger,Comptroller,LIB,,58
Willacy,Comptroller,DEM,Janet T. Dudding,1940
Willacy,Comptroller,REP,Glenn Hegar,1455
Willacy,Comptroller,LIB,,240
Williamson,Comptroller,DEM,Janet T. Dudding,100941
Williamson,Comptroller,REP,Glenn Hegar,114169
Williamson,Comptroller,LIB,,6042
Wilson,Comptroller,DEM,Janet T. Dudding,4044
Wilson,Comptroller,REP,Glenn Hegar,14865
Wilson,Comptroller,LIB,,368
Winkler,Comptroller,DEM,Janet T. Dudding,166
Winkler,Comptroller,REP,Glenn Hegar,1090
Winkler,Comptroller,LIB,,30
Wise,Comptroller,DEM,Janet T. Dudding,3201
Wise,Comptroller,REP,Glenn Hegar,21942
Wise,Comptroller,LIB,,466
Wood,Comptroller,DEM,Janet T. Dudding,2296
Wood,Comptroller,REP,Glenn Hegar,15542
Wood,Comptroller,LIB,,205
Yoakum,Comptroller,DEM,Janet T. Dudding,158
Yoakum,Comptroller,REP,Glenn Hegar,1392
Yoakum,Comptroller,LIB,,39
Young,Comptroller,DEM,Janet T. Dudding,571
Young,Comptroller,REP,Glenn Hegar,5455
Young,Comptroller,LIB,,79
Zapata,Comptroller,DEM,Janet T. Dudding,1366
Zapata,Comptroller,REP,Glenn Hegar,1140
Zapata,Comptroller,LIB,,195
Zavala,Comptroller,DEM,Janet T. Dudding,1372
Zavala,Comptroller,REP,Glenn Hegar,650
Zavala,Comptroller,LIB,,101
