precinct_id,CVAP_TOT24,CVAP_HSP24,CVAP_WHT24,CVAP_BLA24,CVAP_AMI24,CVAP_ASI24,CVAP_NHP24,CVAP_2OM24
Bee - 0001,2984.0,1718.0,1227.0,35.0,0.0,7.0,0.0,0.0
Bee - 0002,428.0,268.0,165.0,0.0,0.0,0.0,0.0,0.0
Bee - 0003,7980.0,3857.0,2123.0,1662.0,11.0,15.0,0.0,0.0
Bee - 0004,615.0,272.0,304.0,15.0,0.0,0.0,0.0,0.0
Bee - 0005,763.0,235.0,520.0,0.0,0.0,0.0,0.0,0.0
Bee - 0006,1295.0,792.0,519.0,0.0,0.0,0.0,0.0,0.0
Bee - 0009,750.0,660.0,60.0,19.0,0.0,0.0,0.0,0.0
Bee - 0010,1878.0,1246.0,428.0,28.0,0.0,0.0,0.0,0.0
Bee - 0013,1630.0,880.0,758.0,0.0,0.0,0.0,0.0,0.0
Bee - 0016,1516.0,823.0,336.0,320.0,0.0,82.0,0.0,0.0
Bee - 0017,1794.0,1458.0,324.0,7.0,0.0,9.0,0.0,0.0
Bee - 0018,1888.0,930.0,694.0,139.0,0.0,34.0,0.0,9.0
Bee - 0019,588.0,458.0,104.0,10.0,0.0,0.0,0.0,0.0
Lee - 0101,2675.0,931.0,1413.0,195.0,0.0,0.0,0.0,17.0
Lee - 0102,226.0,42.0,102.0,75.0,0.0,0.0,0.0,0.0
Lee - 0103,196.0,15.0,171.0,5.0,0.0,0.0,0.0,0.0
Lee - 0201,720.0,80.0,581.0,21.0,0.0,0.0,0.0,0.0
Lee - 0202,3046.0,797.0,1956.0,329.0,0.0,0.0,0.0,18.0
Lee - 0203,320.0,42.0,271.0,3.0,0.0,0.0,0.0,0.0
Lee - 0301,135.0,5.0,117.0,14.0,0.0,0.0,0.0,0.0
Lee - 0302,1443.0,179.0,1191.0,57.0,0.0,0.0,0.0,0.0
Lee - 0303,239.0,8.0,219.0,9.0,0.0,0.0,0.0,0.0
Lee - 0304,1589.0,133.0,1428.0,0.0,36.0,0.0,0.0,0.0
Lee - 0401,665.0,132.0,385.0,121.0,8.0,37.0,0.0,6.0
Lee - 0402,143.0,2.0,62.0,53.0,0.0,0.0,0.0,0.0
Lee - 0403,241.0,30.0,189.0,11.0,0.0,0.0,0.0,0.0
Lee - 0404,998.0,132.0,430.0,424.0,6.0,0.0,0.0,0.0
Lee - 0405,834.0,77.0,712.0,52.0,0.0,0.0,0.0,0.0
Bell - 0101,5002.0,984.0,3572.0,276.0,0.0,67.0,0.0,34.0
Bell - 0102,5834.0,985.0,4032.0,602.0,21.0,57.0,0.0,17.0
Bell - 0103,3042.0,1192.0,1632.0,102.0,2.0,0.0,0.0,5.0
Bell - 0104,3550.0,401.0,2908.0,24.0,2.0,118.0,0.0,0.0
Bell - 0105,2002.0,470.0,1428.0,3.0,0.0,14.0,0.0,7.0
Bell - 0106,5755.0,1398.0,1555.0,2447.0,22.0,131.0,13.0,38.0
Bell - 0107,683.0,172.0,432.0,16.0,0.0,6.0,0.0,0.0
Bell - 0108,1905.0,230.0,1551.0,82.0,0.0,23.0,0.0,0.0
Bell - 0109,4258.0,998.0,1157.0,1810.0,0.0,170.0,0.0,16.0
Bell - 0110,7365.0,1882.0,3772.0,1035.0,36.0,251.0,27.0,42.0
Bell - 0111,4264.0,781.0,2472.0,428.0,11.0,293.0,54.0,0.0
Bell - 0113,5332.0,1654.0,3332.0,177.0,0.0,37.0,0.0,1.0
Bell - 0114,4253.0,1060.0,2399.0,476.0,0.0,153.0,121.0,0.0
Bell - 0115,4368.0,494.0,3214.0,413.0,22.0,86.0,38.0,0.0
Bell - 0116,1770.0,466.0,607.0,566.0,0.0,20.0,67.0,0.0
Bell - 0117,0.0,0.0,0.0,0.0,0.0,0.0,0.0,0.0
Bell - 0118,2548.0,442.0,2041.0,9.0,10.0,6.0,34.0,0.0
Bell - 0119,2789.0,785.0,1410.0,335.0,0.0,18.0,0.0,0.0
Bell - 0201,4172.0,803.0,1824.0,1163.0,0.0,77.0,79.0,22.0
Bell - 0202,5030.0,1099.0,2422.0,1213.0,0.0,135.0,11.0,28.0
Bell - 0203,4042.0,447.0,3404.0,96.0,1.0,32.0,0.0,0.0
Bell - 0204,3463.0,1133.0,1128.0,1043.0,0.0,57.0,34.0,0.0
Bell - 0205,6345.0,1333.0,2048.0,2510.0,8.0,291.0,29.0,10.0
Bell - 0206,3471.0,442.0,1383.0,1379.0,0.0,74.0,0.0,0.0
Bell - 0207,4463.0,825.0,1482.0,1734.0,0.0,103.0,41.0,78.0
Bell - 0208,4860.0,1290.0,1427.0,1713.0,27.0,184.0,0.0,42.0
Bell - 0209,4472.0,615.0,1571.0,1655.0,7.0,362.0,190.0,13.0
Bell - 0210,4945.0,1293.0,1220.0,2298.0,0.0,76.0,0.0,11.0
Bell - 0211,2072.0,673.0,532.0,693.0,0.0,69.0,3.0,0.0
Bell - 0212,1643.0,190.0,1104.0,330.0,0.0,19.0,0.0,0.0
Bell - 0213,3553.0,319.0,3085.0,70.0,13.0,19.0,0.0,0.0
Bell - 0214,4758.0,985.0,1948.0,1046.0,3.0,450.0,0.0,3.0
Bell - 0215,4907.0,1254.0,1164.0,2041.0,6.0,267.0,38.0,17.0
Bell - 0216,4305.0,1098.0,1723.0,1182.0,28.0,77.0,22.0,102.0
Bell - 0301,4798.0,729.0,3782.0,151.0,13.0,0.0,0.0,18.0
Bell - 0302,6305.0,1417.0,3754.0,767.0,7.0,17.0,0.0,86.0
Bell - 0303,6727.0,1527.0,3644.0,1234.0,8.0,20.0,50.0,113.0
Bell - 0304,445.0,63.0,477.0,6.0,0.0,3.0,0.0,9.0
Bell - 0305,2607.0,689.0,1623.0,101.0,0.0,10.0,0.0,109.0
Bell - 0306,5746.0,1331.0,2833.0,1144.0,18.0,31.0,0.0,134.0
Bell - 0307,4900.0,1825.0,1238.0,1539.0,37.0,0.0,0.0,20.0
Bell - 0308,5837.0,1273.0,3238.0,981.0,0.0,172.0,0.0,0.0
Bell - 0309,1369.0,189.0,1033.0,96.0,8.0,23.0,0.0,0.0
Bell - 0310,483.0,16.0,422.0,15.0,0.0,0.0,0.0,38.0
Bell - 0311,3750.0,671.0,2899.0,51.0,0.0,0.0,23.0,41.0
Bell - 0312,2421.0,699.0,1679.0,4.0,0.0,1.0,0.0,0.0
Bell - 0313,4995.0,852.0,3657.0,234.0,0.0,56.0,0.0,19.0
Bell - 0314,5200.0,1157.0,3212.0,511.0,0.0,121.0,0.0,77.0
Bell - 0315,4698.0,1184.0,2764.0,479.0,18.0,74.0,0.0,69.0
Bell - 0317,1646.0,284.0,1144.0,135.0,0.0,58.0,0.0,0.0
Bell - 0318,5468.0,1187.0,3341.0,712.0,0.0,54.0,0.0,9.0
Bell - 0319,3327.0,494.0,2378.0,381.0,0.0,66.0,0.0,0.0
Bell - 0401,4350.0,489.0,2311.0,1124.0,18.0,103.0,91.0,20.0
Bell - 0402,5015.0,1231.0,1865.0,1205.0,0.0,353.0,0.0,160.0
Bell - 0404,5998.0,1217.0,2300.0,2115.0,10.0,152.0,7.0,41.0
Bell - 0405,6584.0,1722.0,2062.0,2187.0,0.0,212.0,0.0,39.0
Bell - 0406,5571.0,1182.0,2376.0,1387.0,0.0,260.0,140.0,91.0
Bell - 0408,5687.0,1501.0,1478.0,2002.0,10.0,213.0,0.0,19.0
Bell - 0409,2700.0,700.0,969.0,822.0,24.0,40.0,0.0,27.0
Bell - 0410,5298.0,1129.0,1802.0,1896.0,15.0,111.0,134.0,30.0
Bell - 0412,4277.0,1103.0,1102.0,1735.0,11.0,132.0,61.0,14.0
Bell - 0413,5259.0,1642.0,1259.0,1675.0,0.0,446.0,55.0,17.0
Bell - 0414,6422.0,1345.0,1752.0,3032.0,6.0,57.0,19.0,26.0
Bell - 0415,5968.0,1570.0,1186.0,2715.0,0.0,272.0,0.0,100.0
Bell - 0419,1009.0,122.0,709.0,86.0,0.0,26.0,0.0,4.0
Camp - 1001,2061.0,324.0,1258.0,387.0,0.0,13.0,0.0,5.0
Camp - 2002,2384.0,331.0,1725.0,240.0,0.0,29.0,0.0,6.0
Camp - 3003,1755.0,205.0,947.0,558.0,0.0,0.0,0.0,1.0
Camp - 4004,2261.0,425.0,1546.0,257.0,0.0,47.0,0.0,1.0
Cass - 0001,3446.0,161.0,2634.0,546.0,4.0,0.0,0.0,6.0
Cass - 0002,380.0,0.0,315.0,57.0,2.0,0.0,0.0,6.0
Cass - 0004,822.0,27.0,622.0,108.0,2.0,2.0,0.0,1.0
Cass - 0005,697.0,23.0,485.0,202.0,0.0,0.0,0.0,0.0
Cass - 0006,392.0,0.0,352.0,29.0,0.0,0.0,0.0,0.0
Cass - 0007,2599.0,130.0,2047.0,379.0,0.0,0.0,0.0,0.0
Cass - 0009,1019.0,6.0,638.0,345.0,1.0,0.0,0.0,4.0
Cass - 0011,784.0,12.0,676.0,97.0,14.0,0.0,0.0,0.0
Cass - 0012,726.0,56.0,499.0,152.0,0.0,0.0,0.0,0.0
Cass - 0014,2724.0,35.0,2320.0,297.0,0.0,26.0,0.0,0.0
Cass - 0015,458.0,0.0,483.0,8.0,0.0,0.0,0.0,0.0
Cass - 0016,602.0,39.0,508.0,33.0,0.0,5.0,0.0,0.0
Cass - 0017,3360.0,88.0,2813.0,467.0,0.0,19.0,0.0,0.0
Cass - 0018,776.0,24.0,734.0,0.0,0.0,11.0,0.0,0.0
Cass - 0019,514.0,0.0,477.0,13.0,0.0,0.0,0.0,0.0
Cass - 0021,317.0,0.0,316.0,4.0,0.0,0.0,0.0,0.0
Cass - 013T,1934.0,35.0,985.0,784.0,20.0,0.0,0.0,0.0
Cass - 020E,209.0,0.0,205.0,0.0,0.0,0.0,0.0,0.0
Clay - 0001,1063.0,46.0,928.0,5.0,0.0,12.0,0.0,0.0
Clay - 0006,478.0,23.0,404.0,4.0,21.0,0.0,0.0,0.0
Clay - 0008,967.0,60.0,813.0,61.0,0.0,11.0,0.0,2.0
Clay - 0009,439.0,20.0,374.0,0.0,0.0,1.0,0.0,3.0
Clay - 0010,375.0,14.0,348.0,0.0,0.0,0.0,0.0,0.0
Clay - 0011,1017.0,111.0,870.0,4.0,13.0,0.0,0.0,4.0
Clay - 0012,379.0,67.0,299.0,8.0,0.0,0.0,0.0,0.0
Clay - 0013,134.0,0.0,123.0,3.0,0.0,0.0,0.0,0.0
Clay - 0014,162.0,3.0,155.0,2.0,1.0,0.0,0.0,0.0
Clay - 0015,521.0,38.0,495.0,0.0,0.0,3.0,0.0,0.0
Clay - 0017,915.0,50.0,826.0,0.0,0.0,0.0,0.0,0.0
Clay - 0020,542.0,16.0,516.0,6.0,0.0,0.0,0.0,0.0
Clay - 0024,434.0,1.0,413.0,11.0,0.0,0.0,0.0,5.0
Clay - 0026,235.0,3.0,223.0,0.0,0.0,0.0,0.0,2.0
Clay - 0027,409.0,15.0,390.0,0.0,3.0,0.0,0.0,0.0
Clay - 0032,288.0,9.0,265.0,0.0,0.0,0.0,0.0,0.0
Coke - 0001,610.0,137.0,494.0,0.0,5.0,3.0,0.0,0.0
Coke - 0002,647.0,94.0,517.0,0.0,0.0,0.0,0.0,0.0
Coke - 0003,731.0,123.0,566.0,0.0,0.0,4.0,0.0,0.0
Frio - 0001,1659.0,1273.0,105.0,183.0,0.0,0.0,0.0,0.0
Frio - 0002,1561.0,1101.0,295.0,110.0,10.0,12.0,0.0,0.0
Frio - 0003,1167.0,1183.0,8.0,0.0,0.0,0.0,0.0,0.0
Frio - 0004,1264.0,1063.0,224.0,0.0,0.0,0.0,0.0,0.0
Frio - 0005,832.0,514.0,240.0,45.0,0.0,0.0,0.0,0.0
Frio - 0006,700.0,458.0,181.0,89.0,0.0,0.0,0.0,0.0
Frio - 0008,1521.0,1247.0,254.0,0.0,0.0,0.0,0.0,0.0
Frio - 0009,1210.0,1154.0,51.0,0.0,0.0,0.0,0.0,0.0
Frio - 0010,2581.0,1375.0,701.0,388.0,11.0,76.0,7.0,0.0
Gray - 0001,536.0,15.0,485.0,11.0,0.0,0.0,0.0,6.0
Gray - 0002,3973.0,999.0,2342.0,560.0,5.0,27.0,0.0,15.0
Gray - 0003,121.0,2.0,119.0,0.0,11.0,0.0,0.0,0.0
Gray - 0004,586.0,65.0,491.0,0.0,21.0,0.0,0.0,0.0
Gray - 0005,2949.0,237.0,2562.0,44.0,73.0,16.0,0.0,0.0
Gray - 0006,2877.0,776.0,1983.0,18.0,0.0,86.0,0.0,0.0
Gray - 0007,3208.0,763.0,2017.0,254.0,12.0,52.0,0.0,0.0
Hale - 0101,392.0,284.0,81.0,2.0,0.0,0.0,0.0,0.0
Hale - 0102,179.0,128.0,28.0,11.0,0.0,0.0,0.0,0.0
Hale - 0103,981.0,905.0,85.0,10.0,0.0,0.0,4.0,0.0
Hale - 0104,944.0,632.0,225.0,48.0,6.0,0.0,0.0,51.0
Hale - 0105,398.0,237.0,128.0,54.0,0.0,1.0,0.0,0.0
Hale - 0108,185.0,72.0,40.0,2.0,0.0,0.0,0.0,0.0
Hale - 0110,405.0,178.0,194.0,0.0,0.0,2.0,0.0,4.0
Hale - 0111,1367.0,793.0,491.0,20.0,0.0,0.0,0.0,4.0
Hale - 0112,1866.0,732.0,724.0,411.0,0.0,11.0,0.0,6.0
Hale - 0202,548.0,434.0,87.0,9.0,0.0,0.0,0.0,0.0
Hale - 0203,930.0,761.0,128.0,50.0,0.0,1.0,0.0,0.0
Hale - 0204,1122.0,904.0,207.0,3.0,1.0,0.0,0.0,0.0
Hale - 0205,462.0,300.0,114.0,26.0,0.0,3.0,0.0,0.0
Hale - 0206,205.0,185.0,11.0,0.0,0.0,0.0,0.0,0.0
Hale - 0213,453.0,290.0,136.0,32.0,0.0,0.0,0.0,2.0
Hale - 0214,672.0,346.0,305.0,0.0,0.0,0.0,9.0,0.0
Hale - 0215,505.0,289.0,195.0,0.0,0.0,0.0,0.0,0.0
Hale - 0304,1154.0,416.0,590.0,136.0,0.0,10.0,0.0,0.0
Hale - 0305,837.0,285.0,502.0,7.0,0.0,14.0,0.0,0.0
Hale - 0306,176.0,102.0,41.0,40.0,0.0,3.0,0.0,0.0
Hale - 0307,509.0,160.0,242.0,71.0,0.0,0.0,0.0,0.0
Hale - 0316,1378.0,851.0,381.0,112.0,0.0,0.0,0.0,0.0
Hale - 0317,140.0,31.0,106.0,0.0,0.0,0.0,0.0,0.0
Hale - 0318,1223.0,352.0,880.0,0.0,0.0,5.0,0.0,0.0
Hale - 0406,961.0,614.0,251.0,47.0,0.0,14.0,0.0,0.0
Hale - 0407,1260.0,230.0,994.0,2.0,0.0,27.0,0.0,0.0
Hale - 0408,851.0,252.0,616.0,0.0,0.0,0.0,0.0,0.0
Hale - 0409,1207.0,845.0,284.0,60.0,0.0,0.0,0.0,0.0
Hale - 0419,215.0,95.0,127.0,0.0,0.0,0.0,0.0,0.0
Hale - 0420,388.0,130.0,245.0,8.0,0.0,0.0,0.0,0.0
Hall - 0101,496.0,189.0,232.0,31.0,5.0,6.0,0.0,0.0
Hall - 0201,70.0,17.0,53.0,0.0,0.0,0.0,0.0,0.0
Hall - 0202,471.0,155.0,282.0,11.0,0.0,0.0,0.0,0.0
Hall - 0301,126.0,38.0,74.0,7.0,0.0,0.0,0.0,0.0
Hall - 0302,418.0,71.0,273.0,18.0,16.0,0.0,0.0,0.0
Hall - 0401,283.0,75.0,199.0,3.0,0.0,0.0,0.0,0.0
Hall - 0402,236.0,75.0,149.0,7.0,0.0,0.0,0.0,0.0
Hays - 0100,0.0,0.0,0.0,0.0,0.0,0.0,0.0,0.0
Hays - 0101,0.0,0.0,0.0,0.0,0.0,0.0,0.0,0.0
Hays - 0102,0.0,0.0,0.0,0.0,0.0,0.0,0.0,0.0
Hays - 0103,0.0,0.0,0.0,0.0,0.0,0.0,0.0,0.0
Hays - 0110,2712.0,1824.0,666.0,25.0,0.0,40.0,0.0,0.0
Hays - 0112,3024.0,1538.0,1144.0,102.0,0.0,7.0,0.0,46.0
Hays - 0113,4254.0,1749.0,2249.0,157.0,0.0,4.0,0.0,0.0
Hays - 0114,2984.0,1254.0,1610.0,52.0,0.0,32.0,0.0,0.0
Hays - 0115,3917.0,1898.0,1800.0,36.0,0.0,34.0,0.0,0.0
Hays - 0120,4216.0,2154.0,1690.0,312.0,0.0,46.0,0.0,2.0
Hays - 0121,5482.0,2370.0,2692.0,164.0,0.0,68.0,0.0,4.0
Hays - 0125,1953.0,1241.0,456.0,160.0,0.0,2.0,0.0,6.0
Hays - 0128,763.0,489.0,208.0,10.0,1.0,0.0,0.0,0.0
Hays - 0132,842.0,243.0,362.0,159.0,0.0,0.0,0.0,0.0
Hays - 0134,2734.0,1839.0,602.0,351.0,0.0,0.0,0.0,1.0
Hays - 0136,4077.0,2891.0,896.0,236.0,0.0,20.0,22.0,0.0
Hays - 0140,5098.0,1918.0,2094.0,606.0,14.0,165.0,0.0,18.0
Hays - 0141,925.0,253.0,859.0,39.0,0.0,11.0,1.0,0.0
Hays - 0142,4483.0,1294.0,1763.0,923.0,9.0,209.0,9.0,8.0
Hays - 0146,22.0,11.0,3.0,10.0,0.0,0.0,0.0,0.0
Hays - 0200,1.0,0.0,0.0,0.0,0.0,0.0,0.0,0.0
Hays - 0203,4072.0,2070.0,1638.0,297.0,0.0,42.0,0.0,7.0
Hays - 0204,2368.0,1368.0,817.0,86.0,0.0,56.0,0.0,0.0
Hays - 0205,4134.0,2152.0,1641.0,123.0,0.0,136.0,0.0,0.0
Hays - 0206,4084.0,2038.0,1750.0,159.0,4.0,36.0,0.0,0.0
Hays - 0216,331.0,214.0,94.0,0.0,0.0,1.0,0.0,1.0
Hays - 0219,701.0,371.0,311.0,16.0,0.0,0.0,0.0,0.0
Hays - 0220,3665.0,1120.0,2281.0,59.0,0.0,7.0,0.0,5.0
Hays - 0221,4858.0,2117.0,2402.0,230.0,0.0,10.0,0.0,6.0
Hays - 0223,3475.0,1935.0,1470.0,48.0,0.0,6.0,0.0,0.0
Hays - 0225,107.0,28.0,74.0,3.0,0.0,0.0,0.0,0.0
Hays - 0227,3570.0,2002.0,1206.0,137.0,0.0,133.0,0.0,0.0
Hays - 0228,3176.0,1264.0,1431.0,166.0,0.0,56.0,0.0,0.0
Hays - 0231,4863.0,2521.0,1627.0,286.0,0.0,341.0,0.0,0.0
Hays - 0252,3932.0,2069.0,1258.0,411.0,19.0,44.0,0.0,0.0
Hays - 0253,4611.0,2058.0,2047.0,468.0,0.0,55.0,0.0,0.0
Hays - 0254,3587.0,1287.0,2085.0,153.0,0.0,43.0,0.0,0.0
Hays - 0314,2291.0,306.0,1920.0,21.0,0.0,0.0,0.0,1.0
Hays - 0315,1751.0,235.0,1439.0,32.0,0.0,25.0,0.0,0.0
Hays - 0316,4583.0,1293.0,2975.0,118.0,0.0,16.0,0.0,146.0
Hays - 0319,1821.0,416.0,1392.0,0.0,0.0,0.0,0.0,0.0
Hays - 0320,1844.0,244.0,1592.0,15.0,17.0,21.0,0.0,0.0
Hays - 0325,611.0,181.0,390.0,10.0,0.0,10.0,0.0,0.0
Hays - 0332,3770.0,1181.0,2424.0,2.0,0.0,63.0,0.0,7.0
Hays - 0333,2689.0,396.0,2193.0,27.0,0.0,5.0,0.0,0.0
Hays - 0335,3903.0,647.0,3206.0,1.0,0.0,0.0,0.0,19.0
Hays - 0336,3112.0,1104.0,1853.0,20.0,0.0,78.0,0.0,40.0
Hays - 0337,3225.0,365.0,2733.0,35.0,16.0,6.0,39.0,2.0
Hays - 0338,2500.0,152.0,2258.0,16.0,0.0,0.0,0.0,0.0
Hays - 0339,1274.0,229.0,1016.0,1.0,0.0,16.0,0.0,13.0
Hays - 0340,2738.0,722.0,1701.0,260.0,25.0,24.0,0.0,0.0
Hays - 0342,1462.0,408.0,958.0,73.0,2.0,7.0,0.0,4.0
Hays - 0344,3305.0,317.0,2923.0,0.0,0.0,28.0,27.0,8.0
Hays - 0347,2705.0,683.0,1841.0,112.0,0.0,24.0,0.0,22.0
Hays - 0351,2699.0,1120.0,1195.0,249.0,0.0,68.0,0.0,0.0
Hays - 0371,2962.0,932.0,1694.0,163.0,7.0,60.0,0.0,13.0
Hays - 0372,280.0,206.0,53.0,0.0,0.0,0.0,0.0,0.0
Hays - 0373,352.0,22.0,332.0,0.0,0.0,6.0,0.0,0.0
Hays - 0374,366.0,10.0,376.0,0.0,0.0,0.0,0.0,4.0
Hays - 0375,60.0,1.0,50.0,5.0,2.0,2.0,0.0,0.0
Hays - 0376,142.0,46.0,94.0,2.0,0.0,0.0,0.0,0.0
Hays - 0400,0.0,0.0,0.0,0.0,0.0,0.0,0.0,0.0
Hays - 0422,2288.0,681.0,1561.0,46.0,0.0,2.0,0.0,0.0
Hays - 0423,2259.0,1112.0,1033.0,65.0,0.0,8.0,0.0,0.0
Hays - 0424,2118.0,399.0,1512.0,156.0,0.0,21.0,4.0,0.0
Hays - 0425,773.0,172.0,563.0,0.0,0.0,33.0,0.0,0.0
Hays - 0426,2854.0,655.0,1812.0,110.0,0.0,22.0,0.0,0.0
Hays - 0430,1679.0,278.0,1347.0,17.0,0.0,67.0,0.0,2.0
Hays - 0432,1832.0,363.0,1323.0,35.0,0.0,31.0,0.0,0.0
Hays - 0435,3737.0,735.0,2984.0,5.0,0.0,36.0,0.0,0.0
Hays - 0436,2282.0,319.0,1877.0,87.0,0.0,28.0,0.0,5.0
Hays - 0438,524.0,79.0,333.0,0.0,0.0,46.0,0.0,0.0
Hays - 0440,684.0,59.0,595.0,0.0,3.0,1.0,0.0,6.0
Hays - 0441,2178.0,237.0,1800.0,0.0,0.0,116.0,17.0,0.0
Hays - 0442,3539.0,356.0,3042.0,71.0,0.0,63.0,0.0,4.0
Hays - 0443,3071.0,363.0,2355.0,46.0,0.0,147.0,0.0,45.0
Hays - 0444,912.0,71.0,734.0,0.0,0.0,58.0,0.0,0.0
Hays - 0445,2887.0,387.0,2454.0,0.0,0.0,27.0,0.0,0.0
Hays - 0446,3628.0,761.0,2642.0,6.0,0.0,130.0,0.0,40.0
Hays - 0448,2085.0,243.0,1730.0,32.0,0.0,0.0,0.0,0.0
Hays - 0449,2379.0,319.0,1859.0,51.0,5.0,41.0,0.0,6.0
Hays - 0450,1284.0,109.0,1128.0,0.0,11.0,59.0,0.0,0.0
Hays - 0451,1156.0,73.0,1028.0,0.0,0.0,35.0,0.0,0.0
Hays - 0452,1746.0,138.0,1496.0,32.0,0.0,28.0,0.0,0.0
Hays - 0453,12.0,6.0,4.0,1.0,0.0,0.0,0.0,0.0
Hays - 0455,0.0,0.0,0.0,0.0,0.0,0.0,0.0,0.0
Hays - 0456,0.0,0.0,0.0,0.0,0.0,0.0,0.0,0.0
Hill - 0001,1699.0,419.0,1197.0,62.0,0.0,0.0,0.0,0.0
Hill - 0002,2321.0,270.0,2042.0,10.0,9.0,0.0,0.0,0.0
Hill - 0003,2418.0,894.0,951.0,512.0,0.0,0.0,0.0,0.0
Hill - 0004,2750.0,165.0,2497.0,15.0,0.0,17.0,13.0,0.0
Hill - 0005,1494.0,128.0,1343.0,16.0,6.0,0.0,0.0,0.0
Hill - 0006,2219.0,455.0,1539.0,163.0,1.0,0.0,0.0,0.0
Hill - 0007,1088.0,85.0,985.0,20.0,0.0,0.0,0.0,0.0
Hill - 0008,2279.0,126.0,2018.0,48.0,7.0,0.0,0.0,0.0
Hill - 0009,1872.0,408.0,1263.0,101.0,8.0,0.0,0.0,5.0
Hill - 0010,3009.0,754.0,2004.0,169.0,7.0,13.0,0.0,0.0
Hill - 0011,1002.0,148.0,786.0,60.0,0.0,0.0,0.0,0.0
Hill - 0012,2065.0,261.0,1447.0,208.0,0.0,118.0,0.0,0.0
Hill - 0013,3025.0,430.0,2481.0,50.0,1.0,7.0,0.0,0.0
Hood - 0101,2648.0,204.0,2411.0,66.0,14.0,0.0,4.0,18.0
Hood - 0103,3677.0,351.0,3220.0,18.0,7.0,9.0,0.0,0.0
Hood - 0105,2928.0,155.0,2659.0,13.0,21.0,19.0,5.0,1.0
Hood - 0107,1067.0,57.0,998.0,0.0,0.0,0.0,0.0,0.0
Hood - 0112,2835.0,317.0,2428.0,13.0,9.0,0.0,4.0,0.0
Hood - 0202,4225.0,490.0,3451.0,8.0,36.0,73.0,0.0,9.0
Hood - 0211,2427.0,642.0,1735.0,3.0,7.0,3.0,0.0,0.0
Hood - 0216,2880.0,137.0,2714.0,0.0,0.0,23.0,0.0,0.0
Hood - 0218,2999.0,100.0,2846.0,2.0,0.0,12.0,0.0,0.0
Hood - 0310,2861.0,80.0,2807.0,8.0,0.0,7.0,0.0,0.0
Hood - 0313,3157.0,223.0,2881.0,30.0,0.0,0.0,13.0,0.0
Hood - 0314,4120.0,426.0,3414.0,33.0,35.0,19.0,5.0,0.0
Hood - 0317,2755.0,184.0,2487.0,25.0,0.0,4.0,0.0,0.0
Hood - 0404,3116.0,301.0,2703.0,70.0,0.0,21.0,9.0,8.0
Hood - 0408,2998.0,215.0,2625.0,16.0,9.0,2.0,0.0,0.0
Hood - 0409,5094.0,613.0,4146.0,48.0,0.0,122.0,0.0,0.0
Hood - 0415,943.0,114.0,698.0,183.0,0.0,0.0,0.0,0.0
Hunt - 0101,1312.0,117.0,1131.0,12.0,4.0,0.0,0.0,10.0
Hunt - 0102,467.0,40.0,392.0,9.0,4.0,0.0,0.0,0.0
Hunt - 0103,728.0,40.0,666.0,6.0,12.0,0.0,0.0,7.0
Hunt - 0104,1059.0,105.0,986.0,26.0,11.0,0.0,0.0,0.0
Hunt - 0105,1321.0,284.0,819.0,199.0,1.0,0.0,0.0,0.0
Hunt - 0106,3204.0,781.0,2092.0,363.0,0.0,15.0,0.0,0.0
Hunt - 0107,4460.0,419.0,3303.0,331.0,0.0,303.0,0.0,10.0
Hunt - 0108,2414.0,245.0,1878.0,282.0,13.0,16.0,0.0,0.0
Hunt - 0109,1451.0,164.0,1260.0,2.0,0.0,0.0,0.0,0.0
Hunt - 0110,1133.0,307.0,726.0,23.0,0.0,0.0,0.0,0.0
Hunt - 0111,1408.0,258.0,889.0,243.0,10.0,0.0,0.0,0.0
Hunt - 0212,515.0,116.0,388.0,8.0,0.0,0.0,0.0,0.0
Hunt - 0213,950.0,127.0,820.0,0.0,0.0,0.0,0.0,0.0
Hunt - 0216,2867.0,573.0,2178.0,30.0,1.0,0.0,0.0,0.0
Hunt - 0217,1390.0,134.0,1203.0,7.0,5.0,8.0,0.0,0.0
Hunt - 0318,747.0,50.0,684.0,0.0,0.0,0.0,0.0,0.0
Hunt - 0319,1642.0,106.0,1449.0,27.0,0.0,0.0,0.0,0.0
Hunt - 0320,3523.0,272.0,2946.0,149.0,12.0,47.0,0.0,9.0
Hunt - 0321,1718.0,127.0,1549.0,5.0,4.0,0.0,0.0,0.0
Hunt - 0322,1788.0,214.0,1405.0,42.0,0.0,0.0,0.0,31.0
Hunt - 0323,3428.0,337.0,2846.0,84.0,0.0,15.0,0.0,29.0
Hunt - 0324,3167.0,314.0,2417.0,324.0,23.0,50.0,0.0,0.0
Hunt - 0325,2386.0,108.0,2103.0,150.0,0.0,50.0,0.0,19.0
Hunt - 0426,725.0,103.0,598.0,1.0,0.0,1.0,0.0,0.0
Hunt - 0427,5152.0,991.0,2812.0,1040.0,37.0,68.0,0.0,17.0
Hunt - 0428,3268.0,528.0,2194.0,477.0,1.0,54.0,3.0,1.0
Hunt - 0429,474.0,11.0,457.0,8.0,1.0,0.0,0.0,0.0
Hunt - 0430,1102.0,147.0,800.0,114.0,0.0,3.0,0.0,0.0
Hunt - 0431,733.0,119.0,468.0,134.0,8.0,0.0,0.0,0.0
Hunt - 0432,1766.0,166.0,1476.0,87.0,11.0,29.0,5.0,4.0
Hunt - 0433,4217.0,1395.0,1377.0,1106.0,0.0,0.0,0.0,0.0
Hunt - 0434,1860.0,179.0,1606.0,41.0,3.0,0.0,0.0,0.0
Hunt - 214A,3604.0,382.0,3058.0,1.0,37.0,36.0,5.0,4.0
Hunt - 214B,1469.0,69.0,1322.0,0.0,9.0,14.0,0.0,0.0
Hunt - 215A,7015.0,1428.0,4637.0,680.0,24.0,9.0,0.0,0.0
Hunt - 215B,2467.0,263.0,2104.0,71.0,0.0,1.0,0.0,0.0
Jack - 0001,2325.0,513.0,1457.0,220.0,0.0,2.0,0.0,12.0
Jack - 0002,1045.0,50.0,987.0,0.0,0.0,2.0,0.0,0.0
Jack - 0003,209.0,45.0,159.0,0.0,0.0,2.0,1.0,0.0
Jack - 0004,793.0,70.0,691.0,0.0,0.0,8.0,4.0,0.0
Jack - 0005,729.0,20.0,711.0,0.0,0.0,0.0,0.0,0.0
Jack - 0006,1446.0,116.0,1327.0,0.0,0.0,1.0,0.0,0.0
Kent - 0101,240.0,33.0,192.0,0.0,0.0,0.0,0.0,0.0
Kent - 0201,33.0,0.0,29.0,0.0,0.0,0.0,0.0,0.0
Kent - 0202,98.0,20.0,80.0,0.0,0.0,0.0,0.0,0.0
Kent - 0301,69.0,18.0,51.0,4.0,0.0,0.0,0.0,0.0
Kent - 0302,41.0,2.0,36.0,0.0,0.0,0.0,0.0,0.0
Kent - 0401,158.0,37.0,115.0,5.0,0.0,0.0,0.0,0.0
Kerr - 0101,3330.0,561.0,2582.0,129.0,0.0,24.0,0.0,0.0
Kerr - 0107,1283.0,262.0,986.0,0.0,0.0,0.0,0.0,0.0
Kerr - 0109,1361.0,155.0,1254.0,19.0,0.0,25.0,0.0,0.0
Kerr - 0113,1615.0,205.0,1356.0,9.0,0.0,11.0,0.0,0.0
Kerr - 0118,856.0,107.0,685.0,75.0,4.0,13.0,0.0,0.0
Kerr - 0119,2560.0,632.0,1776.0,73.0,0.0,8.0,0.0,0.0
Kerr - 0202,2269.0,648.0,1538.0,1.0,11.0,0.0,0.0,10.0
Kerr - 0211,2018.0,588.0,1244.0,125.0,4.0,36.0,0.0,7.0
Kerr - 0215,3413.0,616.0,2626.0,9.0,0.0,27.0,0.0,0.0
Kerr - 0220,2656.0,133.0,2475.0,20.0,23.0,0.0,0.0,0.0
Kerr - 0303,1608.0,179.0,1405.0,0.0,1.0,41.0,6.0,13.0
Kerr - 0308,1039.0,453.0,578.0,0.0,0.0,0.0,0.0,0.0
Kerr - 0312,4154.0,1325.0,2750.0,16.0,6.0,24.0,2.0,4.0
Kerr - 0314,3839.0,1285.0,2140.0,231.0,4.0,85.0,0.0,0.0
Kerr - 0404,778.0,49.0,677.0,0.0,5.0,5.0,0.0,2.0
Kerr - 0405,1781.0,120.0,1596.0,49.0,0.0,9.0,0.0,3.0
Kerr - 0406,3461.0,681.0,2645.0,38.0,0.0,8.0,0.0,14.0
Kerr - 0410,223.0,15.0,183.0,0.0,0.0,16.0,0.0,0.0
Kerr - 0416,1832.0,300.0,1445.0,4.0,0.0,2.0,0.0,3.0
Kerr - 0417,1906.0,220.0,1635.0,4.0,0.0,10.0,0.0,0.0
King - 0001,53.0,6.0,39.0,0.0,0.0,0.0,0.0,0.0
King - 0002,40.0,11.0,25.0,0.0,0.0,0.0,0.0,0.0
King - 0003,53.0,7.0,41.0,0.0,0.0,0.0,0.0,0.0
King - 0004,37.0,0.0,32.0,0.0,0.0,0.0,0.0,0.0
Knox - 0101,584.0,120.0,430.0,20.0,0.0,6.0,0.0,0.0
Knox - 0201,176.0,16.0,152.0,1.0,0.0,3.0,0.0,0.0
Knox - 0202,340.0,89.0,194.0,30.0,0.0,3.0,0.0,0.0
Knox - 0301,592.0,195.0,335.0,28.0,0.0,0.0,0.0,0.0
Knox - 0302,55.0,7.0,44.0,1.0,0.0,0.0,0.0,0.0
Knox - 0401,601.0,197.0,357.0,37.0,0.0,0.0,0.0,0.0
Lamb - 0001,1062.0,671.0,373.0,7.0,0.0,0.0,0.0,0.0
Lamb - 0002,731.0,501.0,164.0,87.0,0.0,0.0,0.0,0.0
Lamb - 0003,772.0,462.0,280.0,30.0,0.0,1.0,0.0,0.0
Lamb - 0004,100.0,69.0,42.0,0.0,0.0,1.0,0.0,0.0
Lamb - 0005,466.0,246.0,204.0,17.0,0.0,0.0,0.0,0.0
Lamb - 0006,420.0,184.0,169.0,21.0,0.0,1.0,0.0,1.0
Lamb - 0008,2376.0,908.0,1343.0,83.0,0.0,0.0,0.0,2.0
Lamb - 0009,872.0,345.0,488.0,20.0,0.0,3.0,0.0,1.0
Lamb - 0010,460.0,221.0,185.0,7.0,0.0,35.0,0.0,0.0
Lamb - 0011,770.0,339.0,386.0,11.0,0.0,3.0,18.0,0.0
Lamb - 0012,126.0,23.0,95.0,6.0,0.0,0.0,0.0,0.0
Leon - 0001,1926.0,125.0,1567.0,235.0,0.0,4.0,0.0,8.0
Leon - 0002,415.0,15.0,404.0,0.0,0.0,3.0,0.0,8.0
Leon - 0003,815.0,56.0,737.0,18.0,0.0,4.0,0.0,0.0
Leon - 0004,1146.0,61.0,952.0,114.0,14.0,0.0,0.0,0.0
Leon - 0005,452.0,101.0,368.0,0.0,0.0,0.0,0.0,0.0
Leon - 0006,818.0,78.0,697.0,17.0,0.0,0.0,4.0,17.0
Leon - 0007,572.0,31.0,538.0,0.0,0.0,0.0,0.0,0.0
Leon - 0008,917.0,176.0,626.0,54.0,0.0,0.0,0.0,12.0
Leon - 0009,499.0,35.0,440.0,0.0,0.0,0.0,0.0,0.0
Leon - 0010,1299.0,229.0,925.0,78.0,0.0,0.0,0.0,0.0
Leon - 0011,1129.0,111.0,827.0,94.0,0.0,0.0,0.0,0.0
Leon - 0012,837.0,27.0,629.0,149.0,0.0,0.0,0.0,21.0
Leon - 0013,789.0,42.0,686.0,54.0,0.0,0.0,0.0,2.0
Leon - 0014,277.0,21.0,219.0,59.0,0.0,7.0,0.0,8.0
Lynn - 0001,775.0,440.0,270.0,35.0,0.0,0.0,1.0,7.0
Lynn - 0002,622.0,245.0,358.0,3.0,0.0,0.0,0.0,0.0
Lynn - 0003,533.0,280.0,243.0,0.0,0.0,0.0,0.0,0.0
Lynn - 0004,919.0,202.0,726.0,1.0,0.0,0.0,0.0,0.0
Lynn - 0005,83.0,29.0,53.0,0.0,0.0,0.0,0.0,0.0
Lynn - 0006,552.0,222.0,283.0,22.0,0.0,0.0,1.0,5.0
Lynn - 0009,69.0,23.0,45.0,0.0,0.0,0.0,0.0,0.0
Lynn - 0012,464.0,122.0,325.0,6.0,0.0,0.0,3.0,2.0
Polk - 0001,455.0,99.0,376.0,6.0,1.0,0.0,0.0,0.0
Polk - 0002,591.0,84.0,504.0,0.0,5.0,0.0,2.0,0.0
Polk - 0003,1926.0,118.0,1592.0,193.0,0.0,0.0,2.0,0.0
Polk - 0004,6114.0,1073.0,3260.0,1447.0,10.0,36.0,0.0,90.0
Polk - 0005,1732.0,254.0,1376.0,18.0,17.0,27.0,0.0,0.0
Polk - 0006,4961.0,615.0,4173.0,39.0,5.0,0.0,0.0,0.0
Polk - 0007,1032.0,169.0,592.0,162.0,0.0,86.0,0.0,0.0
Polk - 0008,1684.0,195.0,1269.0,184.0,0.0,2.0,0.0,0.0
Polk - 0009,918.0,153.0,600.0,122.0,3.0,0.0,0.0,0.0
Polk - 0010,3434.0,592.0,2129.0,458.0,4.0,14.0,0.0,10.0
Polk - 0011,537.0,78.0,371.0,103.0,2.0,6.0,0.0,0.0
Polk - 0012,622.0,17.0,125.0,8.0,229.0,9.0,0.0,0.0
Polk - 0013,394.0,27.0,341.0,0.0,5.0,0.0,0.0,0.0
Polk - 0014,2632.0,107.0,2451.0,28.0,68.0,5.0,0.0,0.0
Polk - 0015,2653.0,69.0,2370.0,126.0,5.0,0.0,0.0,44.0
Polk - 0016,2654.0,587.0,1826.0,42.0,0.0,30.0,0.0,13.0
Polk - 0017,2836.0,111.0,2675.0,6.0,0.0,10.0,0.0,0.0
Polk - 0018,1598.0,121.0,1109.0,283.0,0.0,0.0,0.0,0.0
Polk - 0019,927.0,15.0,868.0,0.0,0.0,0.0,0.0,0.0
Polk - 0020,573.0,13.0,525.0,0.0,0.0,0.0,0.0,0.0
Polk - 0021,2458.0,197.0,2154.0,38.0,0.0,0.0,0.0,0.0
Polk - 0022,139.0,2.0,127.0,0.0,0.0,0.0,0.0,0.0
Real - 0001,496.0,45.0,455.0,0.0,0.0,0.0,0.0,0.0
Real - 0002,500.0,53.0,439.0,0.0,0.0,0.0,0.0,0.0
Real - 0003,657.0,200.0,444.0,12.0,0.0,0.0,0.0,0.0
Real - 0004,91.0,10.0,79.0,0.0,0.0,0.0,0.0,0.0
Real - 0005,365.0,10.0,344.0,0.0,0.0,0.0,0.0,0.0
Rusk - 0111,2770.0,661.0,1208.0,796.0,0.0,0.0,0.0,0.0
Rusk - 0112,3285.0,408.0,2121.0,420.0,0.0,19.0,0.0,16.0
Rusk - 0113,3387.0,328.0,2341.0,473.0,0.0,17.0,0.0,15.0
Rusk - 0114,1702.0,47.0,1427.0,153.0,18.0,16.0,0.0,9.0
Rusk - 0201,3150.0,684.0,1566.0,749.0,0.0,0.0,0.0,18.0
Rusk - 0212,1075.0,174.0,844.0,35.0,0.0,0.0,0.0,0.0
Rusk - 0213,1648.0,110.0,1246.0,237.0,28.0,0.0,0.0,0.0
Rusk - 0214,2565.0,180.0,1908.0,298.0,0.0,37.0,0.0,0.0
Rusk - 0215,2329.0,485.0,1496.0,262.0,0.0,0.0,0.0,0.0
Rusk - 0302,988.0,301.0,441.0,203.0,0.0,0.0,0.0,0.0
Rusk - 0303,2589.0,322.0,1293.0,866.0,0.0,20.0,0.0,5.0
Rusk - 0315,913.0,32.0,834.0,9.0,0.0,0.0,0.0,0.0
Rusk - 0316,631.0,26.0,551.0,44.0,0.0,0.0,4.0,0.0
Rusk - 0317,814.0,3.0,473.0,276.0,0.0,0.0,12.0,2.0
Rusk - 0318,1090.0,28.0,806.0,128.0,10.0,0.0,27.0,25.0
Rusk - 0319,437.0,2.0,250.0,140.0,0.0,0.0,0.0,0.0
Rusk - 0404,1908.0,69.0,1558.0,235.0,0.0,44.0,0.0,0.0
Rusk - 0405,1684.0,105.0,1523.0,58.0,0.0,6.0,0.0,0.0
Rusk - 0416,1109.0,195.0,844.0,67.0,0.0,0.0,0.0,0.0
Rusk - 0417,1568.0,269.0,1025.0,222.0,0.0,5.0,0.0,0.0
Rusk - 0418,2468.0,343.0,1788.0,307.0,0.0,0.0,0.0,0.0
Ward - 0002,1958.0,937.0,902.0,61.0,25.0,17.0,0.0,0.0
Ward - 001E,1342.0,870.0,359.0,126.0,8.0,11.0,0.0,0.0
Ward - 001W,190.0,118.0,55.0,0.0,0.0,0.0,0.0,0.0
Ward - 003N,1637.0,687.0,824.0,81.0,5.0,0.0,0.0,0.0
Ward - 003S,319.0,140.0,161.0,0.0,0.0,0.0,0.0,0.0
Ward - 004E,1392.0,749.0,568.0,66.0,0.0,7.0,0.0,0.0
Ward - 004M,316.0,132.0,152.0,6.0,0.0,0.0,0.0,0.0
Ward - 004W,57.0,18.0,56.0,0.0,0.0,0.0,0.0,0.0
Webb - 0123,1198.0,1194.0,0.0,0.0,4.0,0.0,4.0,0.0
Webb - 0124,1894.0,1836.0,60.0,0.0,0.0,0.0,0.0,0.0
Webb - 0125,726.0,733.0,4.0,0.0,0.0,0.0,0.0,0.0
Webb - 0128,1847.0,1802.0,45.0,0.0,0.0,0.0,0.0,0.0
Webb - 0129,2295.0,2275.0,17.0,4.0,0.0,0.0,0.0,0.0
Webb - 0130,2389.0,2331.0,40.0,0.0,0.0,17.0,0.0,0.0
Webb - 0132,4529.0,4095.0,400.0,26.0,0.0,8.0,0.0,0.0
Webb - 0133,1957.0,1953.0,0.0,0.0,0.0,0.0,0.0,9.0
Webb - 0134,1971.0,1917.0,51.0,0.0,0.0,0.0,0.0,0.0
Webb - 0135,893.0,847.0,32.0,0.0,0.0,0.0,0.0,0.0
Webb - 0136,118.0,88.0,43.0,0.0,0.0,0.0,0.0,0.0
Webb - 0154,5227.0,5126.0,67.0,37.0,0.0,0.0,0.0,0.0
Webb - 0164,1140.0,1040.0,94.0,0.0,0.0,0.0,0.0,0.0
Webb - 0169,2300.0,2206.0,55.0,0.0,12.0,31.0,0.0,14.0
Webb - 0177,970.0,965.0,0.0,0.0,0.0,0.0,0.0,0.0
Webb - 0218,1995.0,1932.0,75.0,16.0,0.0,0.0,0.0,0.0
Webb - 0219,1468.0,1308.0,64.0,42.0,10.0,0.0,0.0,0.0
Webb - 0220,1197.0,1170.0,17.0,0.0,3.0,0.0,0.0,0.0
Webb - 0221,965.0,913.0,41.0,0.0,0.0,0.0,0.0,0.0
Webb - 0226,1092.0,1019.0,54.0,0.0,0.0,0.0,0.0,0.0
Webb - 0227,1021.0,1019.0,0.0,0.0,0.0,0.0,0.0,0.0
Webb - 0231,2268.0,2180.0,82.0,0.0,0.0,0.0,0.0,0.0
Webb - 0237,281.0,204.0,74.0,0.0,0.0,0.0,0.0,0.0
Webb - 0238,331.0,322.0,0.0,0.0,0.0,0.0,0.0,0.0
Webb - 0239,2182.0,2040.0,124.0,44.0,6.0,0.0,0.0,0.0
Webb - 0251,1272.0,1156.0,23.0,20.0,3.0,0.0,0.0,0.0
Webb - 0252,2892.0,2870.0,11.0,0.0,3.0,0.0,0.0,0.0
Webb - 0255,2543.0,2293.0,182.0,29.0,0.0,11.0,0.0,0.0
Webb - 0266,2044.0,1877.0,171.0,0.0,0.0,0.0,0.0,0.0
Webb - 0267,2699.0,2615.0,90.0,4.0,4.0,0.0,0.0,0.0
Webb - 0268,713.0,699.0,8.0,0.0,4.0,0.0,0.0,0.0
Webb - 0272,2478.0,1981.0,457.0,20.0,0.0,0.0,0.0,0.0
Webb - 0273,2515.0,2331.0,189.0,0.0,6.0,0.0,0.0,0.0
Webb - 0274,3217.0,3043.0,93.0,0.0,0.0,71.0,0.0,0.0
Webb - 0278,36.0,45.0,0.0,0.0,0.0,0.0,0.0,0.0
Webb - 0308,1104.0,922.0,188.0,0.0,0.0,0.0,0.0,0.0
Webb - 0309,3138.0,2888.0,250.0,0.0,0.0,0.0,0.0,0.0
Webb - 0310,339.0,340.0,1.0,0.0,0.0,0.0,0.0,0.0
Webb - 0311,1083.0,962.0,117.0,0.0,0.0,0.0,0.0,0.0
Webb - 0312,1381.0,1345.0,25.0,8.0,0.0,0.0,0.0,0.0
Webb - 0340,1589.0,1225.0,304.0,0.0,29.0,31.0,0.0,0.0
Webb - 0341,1681.0,1373.0,295.0,0.0,0.0,0.0,0.0,0.0
Webb - 0342,2384.0,2117.0,142.0,78.0,0.0,4.0,0.0,0.0
Webb - 0343,2364.0,2190.0,152.0,0.0,6.0,0.0,0.0,0.0
Webb - 0344,3536.0,3198.0,274.0,41.0,0.0,31.0,0.0,0.0
Webb - 0345,1878.0,1764.0,96.0,0.0,0.0,12.0,0.0,0.0
Webb - 0349,3871.0,3571.0,166.0,70.0,0.0,69.0,0.0,0.0
Webb - 0356,4714.0,4293.0,246.0,73.0,0.0,78.0,0.0,0.0
Webb - 0359,5119.0,4680.0,355.0,24.0,0.0,33.0,0.0,11.0
Webb - 0361,1721.0,1595.0,117.0,0.0,0.0,0.0,0.0,0.0
Webb - 0363,715.0,703.0,5.0,5.0,0.0,0.0,0.0,0.0
Webb - 0370,2049.0,1876.0,89.0,20.0,0.0,81.0,0.0,0.0
Webb - 0371,2082.0,1928.0,88.0,64.0,0.0,0.0,0.0,0.0
Webb - 0401,1422.0,1309.0,33.0,65.0,0.0,0.0,0.0,0.0
Webb - 0402,1299.0,1226.0,50.0,2.0,0.0,0.0,0.0,0.0
Webb - 0403,1008.0,957.0,76.0,7.0,0.0,0.0,0.0,0.0
Webb - 0404,1772.0,1719.0,40.0,0.0,0.0,0.0,0.0,0.0
Webb - 0405,1994.0,1931.0,58.0,0.0,2.0,0.0,0.0,0.0
Webb - 0406,828.0,820.0,7.0,0.0,0.0,0.0,0.0,0.0
Webb - 0407,818.0,671.0,55.0,88.0,0.0,0.0,0.0,0.0
Webb - 0413,1769.0,1742.0,17.0,7.0,0.0,0.0,0.0,0.0
Webb - 0414,1290.0,1217.0,70.0,0.0,0.0,0.0,0.0,0.0
Webb - 0415,1777.0,1622.0,114.0,16.0,4.0,0.0,4.0,0.0
Webb - 0416,934.0,918.0,5.0,0.0,0.0,0.0,0.0,0.0
Webb - 0417,924.0,822.0,104.0,4.0,0.0,0.0,1.0,0.0
Webb - 0422,656.0,637.0,25.0,0.0,0.0,0.0,0.0,0.0
Webb - 0446,3733.0,3396.0,303.0,29.0,0.0,0.0,0.0,0.0
Webb - 0447,3723.0,3485.0,240.0,0.0,0.0,0.0,0.0,0.0
Webb - 0448,478.0,271.0,184.0,0.0,0.0,0.0,0.0,0.0
Webb - 0453,476.0,471.0,6.0,0.0,0.0,0.0,0.0,0.0
Webb - 0457,240.0,81.0,180.0,0.0,0.0,0.0,0.0,0.0
Webb - 0458,4264.0,3999.0,237.0,2.0,0.0,31.0,0.0,0.0
Webb - 0460,839.0,632.0,209.0,0.0,0.0,0.0,0.0,0.0
Webb - 0462,526.0,510.0,13.0,0.0,0.0,0.0,0.0,0.0
Webb - 0465,724.0,695.0,28.0,0.0,3.0,0.0,0.0,0.0
Wise - 0001,1220.0,246.0,958.0,24.0,0.0,0.0,0.0,0.0
Wise - 0002,3850.0,845.0,2874.0,0.0,0.0,0.0,0.0,0.0
Wise - 0003,1369.0,88.0,1186.0,62.0,73.0,8.0,0.0,4.0
Wise - 0004,1430.0,160.0,1299.0,0.0,5.0,0.0,0.0,0.0
Wise - 0005,2301.0,282.0,1927.0,52.0,3.0,4.0,0.0,0.0
Wise - 0006,2398.0,548.0,1699.0,145.0,4.0,22.0,0.0,0.0
Wise - 0007,3388.0,564.0,2724.0,0.0,0.0,45.0,0.0,0.0
Wise - 0008,1818.0,152.0,1601.0,0.0,1.0,0.0,0.0,0.0
Wise - 0009,2354.0,89.0,2189.0,21.0,0.0,38.0,0.0,5.0
Wise - 0010,680.0,3.0,647.0,2.0,0.0,15.0,0.0,0.0
Wise - 0011,631.0,0.0,621.0,12.0,0.0,0.0,0.0,0.0
Wise - 0012,2251.0,89.0,2062.0,21.0,0.0,58.0,1.0,1.0
Wise - 0013,753.0,77.0,596.0,35.0,3.0,0.0,0.0,0.0
Wise - 0014,949.0,60.0,877.0,0.0,0.0,0.0,0.0,0.0
Wise - 0015,1800.0,145.0,1554.0,22.0,0.0,22.0,0.0,0.0
Wise - 0016,2241.0,320.0,1867.0,0.0,0.0,0.0,0.0,0.0
Wise - 0017,3326.0,331.0,2892.0,53.0,0.0,0.0,0.0,0.0
Wise - 0018,1948.0,621.0,1021.0,220.0,38.0,25.0,7.0,20.0
Wise - 0019,627.0,41.0,573.0,4.0,0.0,0.0,0.0,0.0
Wise - 0020,1695.0,99.0,1519.0,0.0,0.0,24.0,0.0,0.0
Wise - 0022,1249.0,185.0,1064.0,0.0,0.0,0.0,4.0,0.0
Wise - 0023,2548.0,232.0,2207.0,26.0,14.0,0.0,0.0,0.0
Wise - 0024,2302.0,293.0,1901.0,13.0,5.0,0.0,0.0,40.0
Wise - 0025,1260.0,356.0,895.0,11.0,4.0,0.0,0.0,0.0
Wise - 0027,3748.0,321.0,3342.0,0.0,13.0,0.0,0.0,0.0
Wise - 0028,2332.0,606.0,1528.0,4.0,7.0,14.0,0.0,1.0
Wise - 0029,312.0,97.0,205.0,0.0,0.0,0.0,0.0,0.0
Wise - 0030,2370.0,442.0,1647.0,134.0,9.0,19.0,0.0,0.0
Wood - 0011,3641.0,392.0,2955.0,97.0,0.0,62.0,3.0,9.0
Wood - 0012,2701.0,113.0,2489.0,6.0,0.0,10.0,0.0,0.0
Wood - 0013,2369.0,114.0,2154.0,0.0,0.0,0.0,0.0,22.0
Wood - 0014,925.0,53.0,817.0,0.0,0.0,0.0,0.0,27.0
Wood - 0021,606.0,14.0,624.0,0.0,0.0,0.0,0.0,0.0
Wood - 0022,5055.0,496.0,4273.0,131.0,0.0,35.0,0.0,0.0
Wood - 0023,3352.0,199.0,2941.0,230.0,0.0,0.0,0.0,0.0
Wood - 0031,1272.0,52.0,1216.0,20.0,0.0,0.0,0.0,0.0
Wood - 0032,3348.0,165.0,3155.0,1.0,0.0,0.0,0.0,0.0
Wood - 0033,4683.0,340.0,3524.0,729.0,0.0,46.0,0.0,0.0
Wood - 0041,1160.0,71.0,1029.0,42.0,0.0,0.0,0.0,0.0
Wood - 0042,2725.0,40.0,2549.0,7.0,0.0,51.0,0.0,34.0
Wood - 0043,3844.0,487.0,2980.0,157.0,0.0,13.0,0.0,14.0
Wood - 0044,1198.0,74.0,1045.0,11.0,0.0,0.0,6.0,0.0
Bexar - 1001,435.0,209.0,193.0,0.0,0.0,13.0,0.0,0.0
Bexar - 1002,656.0,400.0,138.0,55.0,0.0,12.0,0.0,49.0
Bexar - 1003,2645.0,1881.0,537.0,130.0,0.0,16.0,0.0,4.0
Bexar - 1004,1126.0,906.0,162.0,29.0,0.0,0.0,0.0,0.0
Bexar - 1005,751.0,689.0,44.0,21.0,0.0,0.0,4.0,0.0
Bexar - 1006,2554.0,2229.0,235.0,86.0,0.0,0.0,0.0,0.0
Bexar - 1007,2022.0,1859.0,155.0,0.0,0.0,0.0,0.0,0.0
Bexar - 1008,2040.0,1345.0,549.0,96.0,0.0,19.0,0.0,4.0
Bexar - 1009,1875.0,1280.0,363.0,140.0,0.0,5.0,0.0,20.0
Bexar - 1010,573.0,450.0,96.0,27.0,0.0,0.0,0.0,0.0
Bexar - 1011,1729.0,1627.0,107.0,0.0,0.0,0.0,0.0,0.0
Bexar - 1012,2560.0,2007.0,423.0,52.0,6.0,9.0,28.0,70.0
Bexar - 1013,2788.0,2653.0,110.0,5.0,0.0,0.0,5.0,0.0
Bexar - 1014,1259.0,1133.0,0.0,117.0,0.0,4.0,0.0,0.0
Bexar - 1015,1674.0,1624.0,9.0,0.0,0.0,0.0,0.0,0.0
Bexar - 1016,1214.0,1111.0,68.0,0.0,0.0,16.0,0.0,0.0
Bexar - 1017,308.0,232.0,43.0,10.0,0.0,0.0,0.0,0.0
Bexar - 1018,1158.0,1086.0,37.0,0.0,0.0,0.0,0.0,0.0
Bexar - 1019,1280.0,1093.0,184.0,25.0,0.0,0.0,0.0,0.0
Bexar - 1020,2397.0,1589.0,810.0,0.0,0.0,0.0,0.0,0.0
Bexar - 1021,2260.0,2007.0,245.0,0.0,0.0,0.0,0.0,0.0
Bexar - 1022,1651.0,1415.0,2.0,178.0,0.0,4.0,0.0,0.0
Bexar - 1023,3071.0,2879.0,177.0,36.0,0.0,0.0,0.0,0.0
Bexar - 1024,3700.0,2634.0,602.0,236.0,6.0,121.0,0.0,5.0
Bexar - 1025,979.0,976.0,2.0,0.0,0.0,0.0,0.0,0.0
Bexar - 1026,1552.0,1431.0,40.0,71.0,0.0,0.0,0.0,0.0
Bexar - 1027,563.0,343.0,84.0,91.0,0.0,23.0,0.0,25.0
Bexar - 1028,728.0,702.0,0.0,19.0,0.0,0.0,0.0,0.0
Bexar - 1029,2788.0,2227.0,364.0,197.0,0.0,0.0,0.0,0.0
Bexar - 1030,282.0,186.0,48.0,29.0,0.0,1.0,0.0,0.0
Bexar - 1031,1277.0,1153.0,83.0,18.0,0.0,0.0,0.0,0.0
Bexar - 1032,3212.0,3135.0,42.0,0.0,5.0,4.0,0.0,0.0
Bexar - 1033,3076.0,2666.0,352.0,36.0,0.0,0.0,0.0,0.0
Bexar - 1034,4976.0,1628.0,2062.0,592.0,24.0,180.0,0.0,261.0
Bexar - 1035,6578.0,903.0,3961.0,1011.0,15.0,254.0,73.0,99.0
Bexar - 1036,3865.0,2674.0,640.0,474.0,18.0,0.0,0.0,48.0
Bexar - 1037,3415.0,2568.0,548.0,115.0,0.0,14.0,0.0,3.0
Bexar - 1038,4664.0,3750.0,762.0,99.0,0.0,48.0,0.0,12.0
Bexar - 1039,4554.0,4125.0,290.0,41.0,27.0,26.0,15.0,0.0
Bexar - 1040,3196.0,3000.0,133.0,0.0,0.0,4.0,63.0,0.0
Bexar - 1041,2741.0,2472.0,214.0,6.0,4.0,0.0,5.0,0.0
Bexar - 1042,1621.0,1340.0,309.0,0.0,0.0,0.0,0.0,0.0
Bexar - 1043,1629.0,1341.0,201.0,8.0,38.0,40.0,0.0,0.0
Bexar - 1044,1815.0,1754.0,59.0,0.0,0.0,0.0,0.0,0.0
Bexar - 1045,4624.0,4090.0,393.0,0.0,0.0,14.0,0.0,0.0
Bexar - 1046,2311.0,2061.0,240.0,0.0,0.0,0.0,0.0,6.0
Bexar - 1047,1488.0,1361.0,121.0,0.0,0.0,0.0,0.0,0.0
Bexar - 1048,2352.0,2111.0,228.0,0.0,0.0,0.0,4.0,15.0
Bexar - 1049,3399.0,3040.0,352.0,4.0,0.0,0.0,0.0,0.0
Bexar - 1050,918.0,815.0,84.0,0.0,0.0,0.0,0.0,0.0
Bexar - 1051,2504.0,1913.0,513.0,0.0,74.0,0.0,0.0,0.0
Bexar - 1052,2719.0,2390.0,331.0,0.0,0.0,0.0,0.0,0.0
Bexar - 1053,210.0,109.0,76.0,14.0,0.0,0.0,0.0,0.0
Bexar - 1054,3766.0,2999.0,609.0,0.0,0.0,0.0,119.0,0.0
Bexar - 1055,2288.0,1371.0,594.0,238.0,0.0,27.0,4.0,0.0
Bexar - 1056,5514.0,4384.0,1003.0,122.0,0.0,0.0,0.0,0.0
Bexar - 1057,4922.0,3437.0,1385.0,27.0,0.0,36.0,0.0,0.0
Bexar - 1058,3414.0,2420.0,937.0,14.0,12.0,27.0,0.0,0.0
Bexar - 1059,1080.0,755.0,220.0,59.0,0.0,4.0,0.0,5.0
Bexar - 1060,3613.0,3240.0,293.0,83.0,2.0,0.0,0.0,0.0
Bexar - 1061,3171.0,2727.0,263.0,137.0,0.0,15.0,12.0,0.0
Bexar - 1062,475.0,268.0,176.0,33.0,0.0,0.0,0.0,0.0
Bexar - 1063,2578.0,2063.0,489.0,0.0,0.0,10.0,0.0,0.0
Bexar - 1064,1454.0,1189.0,244.0,0.0,15.0,0.0,0.0,0.0
Bexar - 1065,2673.0,2165.0,458.0,11.0,14.0,7.0,0.0,12.0
Bexar - 1066,896.0,736.0,121.0,2.0,0.0,7.0,0.0,3.0
Bexar - 1067,3747.0,2371.0,1320.0,10.0,0.0,9.0,0.0,2.0
Bexar - 1068,5093.0,3342.0,1051.0,493.0,26.0,61.0,0.0,23.0
Bexar - 1069,864.0,372.0,377.0,80.0,0.0,19.0,0.0,0.0
Bexar - 1070,1401.0,1064.0,87.0,63.0,4.0,24.0,65.0,42.0
Bexar - 1071,2135.0,1407.0,482.0,196.0,0.0,11.0,0.0,0.0
Bexar - 1072,1913.0,1218.0,222.0,452.0,0.0,0.0,0.0,0.0
Bexar - 1073,3598.0,1761.0,1157.0,381.0,0.0,171.0,0.0,18.0
Bexar - 1074,29.0,27.0,2.0,0.0,0.0,0.0,0.0,0.0
Bexar - 1075,3733.0,3031.0,475.0,90.0,0.0,9.0,27.0,88.0
Bexar - 1076,3149.0,2146.0,598.0,268.0,0.0,78.0,0.0,24.0
Bexar - 1077,1664.0,1466.0,103.0,105.0,0.0,0.0,0.0,0.0
Bexar - 1078,631.0,610.0,23.0,0.0,0.0,0.0,1.0,0.0
Bexar - 1079,4343.0,2893.0,643.0,375.0,0.0,90.0,0.0,0.0
Bexar - 1080,5008.0,3478.0,321.0,841.0,0.0,172.0,0.0,47.0
Bexar - 1081,3412.0,1339.0,1341.0,392.0,1.0,94.0,0.0,34.0
Bexar - 1082,4548.0,3035.0,1193.0,227.0,0.0,56.0,0.0,0.0
Bexar - 1083,2684.0,2091.0,411.0,178.0,0.0,0.0,0.0,4.0
Bexar - 1084,2527.0,1995.0,215.0,181.0,85.0,30.0,0.0,4.0
Bexar - 1085,2041.0,1492.0,386.0,0.0,46.0,0.0,0.0,0.0
Bexar - 1086,3011.0,2125.0,326.0,380.0,0.0,0.0,13.0,158.0
Bexar - 1087,2477.0,2113.0,151.0,132.0,0.0,78.0,12.0,0.0
Bexar - 1088,1114.0,1086.0,11.0,0.0,0.0,6.0,0.0,0.0
Bexar - 1089,40.0,36.0,2.0,0.0,0.0,0.0,0.0,0.0
Bexar - 1090,0.0,0.0,0.0,0.0,0.0,0.0,0.0,0.0
Bexar - 1091,2918.0,2527.0,371.0,20.0,1.0,15.0,0.0,0.0
Bexar - 1092,2402.0,2169.0,32.0,203.0,0.0,0.0,0.0,0.0
Bexar - 1093,2580.0,1044.0,1022.0,374.0,0.0,27.0,0.0,97.0
Bexar - 1094,4741.0,3218.0,952.0,257.0,0.0,110.0,0.0,0.0
Bexar - 1095,717.0,143.0,324.0,114.0,6.0,0.0,0.0,10.0
Bexar - 1096,238.0,169.0,48.0,9.0,0.0,0.0,0.0,0.0
Bexar - 1097,675.0,590.0,65.0,0.0,0.0,23.0,0.0,0.0
Bexar - 1098,1190.0,783.0,316.0,86.0,0.0,0.0,0.0,0.0
Bexar - 1099,2886.0,1613.0,621.0,289.0,0.0,129.0,0.0,75.0
Bexar - 1100,3133.0,1998.0,607.0,303.0,0.0,71.0,0.0,99.0
Bexar - 1101,1.0,1.0,0.0,0.0,0.0,0.0,0.0,0.0
Bexar - 1102,931.0,696.0,173.0,40.0,0.0,0.0,0.0,9.0
Bexar - 1103,1296.0,891.0,326.0,11.0,0.0,17.0,0.0,64.0
Bexar - 1104,3579.0,2272.0,861.0,348.0,0.0,10.0,4.0,17.0
Bexar - 1105,1486.0,1094.0,337.0,28.0,0.0,13.0,0.0,20.0
Bexar - 1106,0.0,0.0,0.0,0.0,0.0,0.0,0.0,0.0
Bexar - 1107,3873.0,3280.0,516.0,43.0,0.0,0.0,0.0,3.0
Bexar - 1108,1749.0,1024.0,553.0,130.0,0.0,17.0,0.0,0.0
Bexar - 1109,12.0,6.0,0.0,0.0,0.0,0.0,0.0,0.0
Bexar - 1110,3923.0,2186.0,722.0,737.0,0.0,210.0,0.0,19.0
Bexar - 1111,4160.0,2291.0,1320.0,389.0,0.0,113.0,0.0,0.0
Bexar - 1112,2793.0,1799.0,405.0,597.0,0.0,36.0,0.0,0.0
Bexar - 1113,3895.0,1743.0,1224.0,864.0,0.0,49.0,0.0,10.0
Bexar - 1114,284.0,190.0,33.0,34.0,0.0,0.0,0.0,0.0
Bexar - 1115,1801.0,1535.0,265.0,0.0,0.0,0.0,0.0,4.0
Bexar - 1116,1610.0,1054.0,416.0,29.0,0.0,19.0,0.0,44.0
Bexar - 1117,487.0,445.0,29.0,7.0,0.0,0.0,0.0,0.0
Bexar - 1118,5436.0,2428.0,1753.0,1002.0,19.0,115.0,0.0,50.0
Bexar - 1119,178.0,167.0,10.0,0.0,0.0,0.0,0.0,0.0
Bexar - 1120,224.0,220.0,10.0,19.0,0.0,0.0,0.0,5.0
Bexar - 1121,3871.0,2402.0,628.0,535.0,0.0,33.0,0.0,144.0
Bexar - 1123,720.0,572.0,152.0,0.0,0.0,1.0,0.0,0.0
Bexar - 1124,191.0,190.0,0.0,0.0,0.0,0.0,0.0,0.0
Bexar - 1125,2796.0,1247.0,1178.0,287.0,9.0,22.0,0.0,58.0
Bexar - 1126,0.0,0.0,0.0,0.0,0.0,0.0,0.0,0.0
Bexar - 1127,365.0,333.0,15.0,17.0,0.0,0.0,0.0,0.0
Bexar - 1128,5130.0,3335.0,1120.0,525.0,10.0,27.0,0.0,11.0
Bexar - 1129,3107.0,1180.0,1045.0,719.0,0.0,179.0,0.0,0.0
Bexar - 1130,1.0,0.0,0.0,1.0,0.0,0.0,0.0,0.0
Bexar - 1131,0.0,0.0,0.0,0.0,0.0,0.0,0.0,0.0
Bexar - 1132,500.0,271.0,236.0,0.0,0.0,0.0,0.0,0.0
Bexar - 1133,59.0,38.0,10.0,3.0,0.0,2.0,0.0,0.0
Bexar - 1134,4.0,3.0,1.0,0.0,0.0,0.0,0.0,0.0
Bexar - 1135,6.0,1.0,0.0,0.0,0.0,0.0,0.0,1.0
Bexar - 1136,283.0,184.0,69.0,17.0,0.0,13.0,0.0,6.0
Bexar - 1137,0.0,0.0,0.0,0.0,0.0,0.0,0.0,0.0
Bexar - 1138,2018.0,988.0,514.0,490.0,0.0,0.0,0.0,0.0
Bexar - 1139,3067.0,2288.0,628.0,0.0,45.0,18.0,0.0,0.0
Bexar - 1140,1868.0,1261.0,321.0,189.0,0.0,17.0,0.0,4.0
Bexar - 1141,3846.0,2513.0,702.0,429.0,0.0,70.0,0.0,11.0
Bexar - 1142,2357.0,1628.0,362.0,215.0,0.0,40.0,0.0,7.0
Bexar - 1143,3158.0,1235.0,1393.0,263.0,0.0,179.0,0.0,27.0
Bexar - 1144,2945.0,490.0,2205.0,93.0,0.0,55.0,34.0,7.0
Bexar - 1145,874.0,374.0,392.0,54.0,0.0,13.0,0.0,3.0
Bexar - 1146,427.0,235.0,184.0,56.0,0.0,0.0,0.0,0.0
Bexar - 1147,3153.0,1844.0,1016.0,135.0,0.0,129.0,0.0,0.0
Bexar - 1148,1231.0,825.0,276.0,91.0,0.0,16.0,0.0,5.0
Bexar - 1149,3579.0,2136.0,886.0,319.0,0.0,158.0,0.0,0.0
Bexar - 1150,2780.0,1396.0,561.0,529.0,0.0,236.0,0.0,13.0
Bexar - 1151,3629.0,1623.0,1119.0,428.0,0.0,266.0,21.0,8.0
Bexar - 1152,1568.0,763.0,733.0,18.0,0.0,28.0,0.0,0.0
Bexar - 1153,1913.0,899.0,605.0,300.0,6.0,32.0,0.0,14.0
Bexar - 1155,1751.0,1210.0,379.0,138.0,0.0,4.0,0.0,7.0
Bexar - 1156,2854.0,1348.0,1108.0,266.0,0.0,48.0,0.0,0.0
Bexar - 1157,3152.0,1733.0,859.0,476.0,0.0,22.0,0.0,0.0
Bexar - 1158,1460.0,952.0,179.0,168.0,0.0,81.0,0.0,22.0
Bexar - 1159,316.0,313.0,0.0,0.0,0.0,0.0,0.0,0.0
Bexar - 2001,1323.0,1010.0,145.0,96.0,0.0,60.0,0.0,0.0
Bexar - 2002,1224.0,1118.0,55.0,65.0,0.0,0.0,0.0,0.0
Bexar - 2003,2160.0,2089.0,66.0,0.0,0.0,0.0,0.0,0.0
Bexar - 2004,3161.0,2668.0,160.0,275.0,0.0,25.0,10.0,0.0
Bexar - 2005,1178.0,916.0,204.0,11.0,0.0,50.0,0.0,0.0
Bexar - 2006,89.0,79.0,12.0,0.0,0.0,0.0,0.0,0.0
Bexar - 2007,2015.0,1932.0,56.0,27.0,0.0,0.0,0.0,0.0
Bexar - 2008,1581.0,1464.0,80.0,26.0,0.0,7.0,0.0,0.0
Bexar - 2009,3420.0,1560.0,1056.0,451.0,4.0,268.0,0.0,0.0
Bexar - 2010,2861.0,1576.0,882.0,318.0,0.0,27.0,25.0,6.0
Bexar - 2011,1690.0,1545.0,110.0,27.0,0.0,0.0,0.0,0.0
Bexar - 2012,1840.0,1734.0,27.0,51.0,29.0,2.0,0.0,0.0
Bexar - 2013,1050.0,935.0,108.0,0.0,0.0,8.0,0.0,0.0
Bexar - 2014,1826.0,1729.0,74.0,0.0,0.0,23.0,0.0,0.0
Bexar - 2015,2181.0,2089.0,85.0,7.0,0.0,0.0,0.0,0.0
Bexar - 2016,1510.0,1438.0,67.0,0.0,0.0,0.0,0.0,0.0
Bexar - 2017,964.0,950.0,9.0,5.0,0.0,0.0,0.0,0.0
Bexar - 2018,1092.0,1051.0,33.0,0.0,0.0,0.0,0.0,0.0
Bexar - 2019,1708.0,1661.0,50.0,11.0,10.0,0.0,0.0,0.0
Bexar - 2020,5864.0,5143.0,205.0,396.0,11.0,0.0,0.0,12.0
Bexar - 2021,3293.0,2924.0,230.0,104.0,0.0,0.0,0.0,6.0
Bexar - 2022,1900.0,1692.0,156.0,0.0,0.0,4.0,0.0,0.0
Bexar - 2023,2964.0,2636.0,300.0,13.0,0.0,7.0,0.0,0.0
Bexar - 2024,2491.0,2251.0,195.0,33.0,8.0,0.0,0.0,0.0
Bexar - 2025,2994.0,2573.0,295.0,39.0,0.0,4.0,77.0,0.0
Bexar - 2026,2464.0,1655.0,714.0,48.0,0.0,42.0,0.0,0.0
Bexar - 2027,2080.0,1814.0,253.0,20.0,0.0,0.0,0.0,0.0
Bexar - 2028,3288.0,2290.0,781.0,62.0,0.0,0.0,0.0,0.0
Bexar - 2029,1527.0,1360.0,51.0,96.0,0.0,17.0,0.0,7.0
Bexar - 2030,1719.0,1611.0,74.0,29.0,0.0,1.0,0.0,0.0
Bexar - 2031,2528.0,2509.0,21.0,0.0,4.0,0.0,4.0,0.0
Bexar - 2032,728.0,690.0,30.0,0.0,0.0,0.0,0.0,0.0
Bexar - 2033,4470.0,2711.0,916.0,687.0,33.0,17.0,0.0,11.0
Bexar - 2034,2865.0,1622.0,588.0,476.0,55.0,14.0,0.0,10.0
Bexar - 2035,1507.0,557.0,773.0,124.0,0.0,61.0,0.0,0.0
Bexar - 2036,1695.0,494.0,1063.0,41.0,0.0,36.0,0.0,1.0
Bexar - 2037,1589.0,731.0,687.0,31.0,13.0,45.0,0.0,22.0
Bexar - 2038,1623.0,1045.0,466.0,1.0,40.0,0.0,0.0,0.0
Bexar - 2039,1769.0,1454.0,303.0,0.0,0.0,3.0,0.0,0.0
Bexar - 2040,3587.0,2771.0,543.0,221.0,0.0,16.0,0.0,0.0
Bexar - 2041,2865.0,2603.0,161.0,64.0,8.0,0.0,0.0,0.0
Bexar - 2042,2618.0,2371.0,37.0,210.0,0.0,0.0,0.0,0.0
Bexar - 2043,1201.0,1115.0,53.0,29.0,0.0,0.0,0.0,0.0
Bexar - 2044,2785.0,2504.0,102.0,85.0,22.0,4.0,0.0,0.0
Bexar - 2045,1531.0,922.0,574.0,7.0,0.0,0.0,0.0,0.0
Bexar - 2046,1682.0,1225.0,487.0,0.0,0.0,0.0,0.0,0.0
Bexar - 2047,1741.0,1326.0,312.0,103.0,0.0,0.0,0.0,0.0
Bexar - 2048,2071.0,1916.0,150.0,0.0,0.0,5.0,0.0,0.0
Bexar - 2049,3998.0,3354.0,402.0,154.0,13.0,7.0,0.0,0.0
Bexar - 2050,2469.0,2063.0,295.0,38.0,0.0,22.0,0.0,15.0
Bexar - 2051,941.0,441.0,495.0,1.0,0.0,1.0,0.0,0.0
Bexar - 2052,1398.0,1267.0,114.0,16.0,0.0,0.0,0.0,0.0
Bexar - 2053,1226.0,976.0,244.0,2.0,3.0,0.0,0.0,0.0
Bexar - 2054,2695.0,1862.0,794.0,0.0,0.0,28.0,0.0,0.0
Bexar - 2055,3161.0,1052.0,1600.0,169.0,0.0,190.0,0.0,5.0
Bexar - 2056,1622.0,1365.0,167.0,68.0,3.0,20.0,0.0,0.0
Bexar - 2057,2513.0,2356.0,46.0,102.0,3.0,0.0,0.0,0.0
Bexar - 2058,2654.0,2524.0,122.0,0.0,2.0,13.0,0.0,0.0
Bexar - 2059,3331.0,2685.0,520.0,90.0,10.0,26.0,0.0,0.0
Bexar - 2060,1532.0,1232.0,249.0,54.0,0.0,0.0,0.0,0.0
Bexar - 2061,1213.0,612.0,207.0,232.0,0.0,86.0,0.0,3.0
Bexar - 2062,743.0,566.0,162.0,0.0,0.0,0.0,0.0,15.0
Bexar - 2063,1743.0,688.0,815.0,72.0,0.0,20.0,0.0,3.0
Bexar - 2064,3092.0,2438.0,408.0,198.0,5.0,0.0,28.0,0.0
Bexar - 2066,4277.0,1990.0,1926.0,60.0,0.0,176.0,83.0,21.0
Bexar - 2067,337.0,256.0,75.0,0.0,0.0,15.0,0.0,0.0
Bexar - 2068,4016.0,1892.0,1393.0,479.0,0.0,203.0,0.0,31.0
Bexar - 2069,5215.0,3764.0,1018.0,391.0,0.0,58.0,0.0,0.0
Bexar - 2070,2346.0,2210.0,75.0,21.0,0.0,22.0,4.0,0.0
Bexar - 2071,937.0,907.0,18.0,7.0,0.0,0.0,0.0,27.0
Bexar - 2072,3350.0,2143.0,1009.0,139.0,0.0,16.0,0.0,8.0
Bexar - 2073,1108.0,969.0,147.0,0.0,0.0,0.0,0.0,0.0
Bexar - 2074,1253.0,1221.0,11.0,10.0,0.0,7.0,0.0,0.0
Bexar - 2075,1369.0,1233.0,23.0,135.0,0.0,0.0,3.0,0.0
Bexar - 2076,2302.0,1051.0,977.0,41.0,0.0,111.0,0.0,0.0
Bexar - 2077,2274.0,1022.0,919.0,126.0,0.0,52.0,0.0,11.0
Bexar - 2078,3239.0,2526.0,564.0,65.0,4.0,47.0,0.0,0.0
Bexar - 2079,870.0,752.0,52.0,44.0,0.0,0.0,0.0,0.0
Bexar - 2080,1296.0,878.0,352.0,66.0,0.0,0.0,0.0,0.0
Bexar - 2081,647.0,484.0,144.0,14.0,0.0,0.0,0.0,0.0
Bexar - 2082,2094.0,1528.0,399.0,122.0,4.0,28.0,4.0,9.0
Bexar - 2083,720.0,433.0,256.0,5.0,0.0,0.0,0.0,0.0
Bexar - 2084,3804.0,1198.0,2109.0,345.0,0.0,116.0,0.0,20.0
Bexar - 2085,1513.0,1145.0,195.0,0.0,113.0,4.0,0.0,0.0
Bexar - 2086,4969.0,2743.0,1714.0,387.0,0.0,18.0,19.0,0.0
Bexar - 2087,1902.0,1044.0,676.0,77.0,0.0,12.0,0.0,0.0
Bexar - 2088,4117.0,2719.0,1021.0,142.0,60.0,174.0,0.0,0.0
Bexar - 2089,543.0,535.0,5.0,0.0,0.0,0.0,0.0,0.0
Bexar - 2090,3009.0,1835.0,662.0,406.0,0.0,133.0,0.0,1.0
Bexar - 2091,4826.0,2649.0,837.0,781.0,0.0,415.0,0.0,30.0
Bexar - 2092,952.0,554.0,156.0,149.0,0.0,41.0,0.0,0.0
Bexar - 2093,2395.0,1359.0,615.0,238.0,0.0,65.0,0.0,8.0
Bexar - 2094,163.0,44.0,104.0,2.0,0.0,3.0,0.0,2.0
Bexar - 2095,2279.0,1210.0,758.0,43.0,6.0,94.0,0.0,0.0
Bexar - 2096,3999.0,2164.0,1101.0,637.0,0.0,47.0,0.0,0.0
Bexar - 2097,3178.0,2214.0,812.0,61.0,0.0,0.0,0.0,0.0
Bexar - 2098,2328.0,1716.0,326.0,23.0,0.0,310.0,0.0,0.0
Bexar - 2099,2393.0,1271.0,1019.0,13.0,0.0,38.0,0.0,0.0
Bexar - 2100,1773.0,1536.0,205.0,0.0,0.0,2.0,0.0,5.0
Bexar - 2101,93.0,48.0,32.0,4.0,0.0,0.0,0.0,0.0
Bexar - 2102,2414.0,1568.0,429.0,296.0,0.0,110.0,0.0,0.0
Bexar - 2103,257.0,259.0,0.0,1.0,0.0,0.0,0.0,0.0
Bexar - 2104,117.0,88.0,32.0,0.0,0.0,0.0,0.0,0.0
Bexar - 2105,691.0,640.0,7.0,27.0,0.0,0.0,0.0,0.0
Bexar - 2106,1272.0,821.0,268.0,160.0,0.0,0.0,0.0,0.0
Bexar - 2107,4055.0,2448.0,1233.0,207.0,0.0,38.0,0.0,0.0
Bexar - 2108,1534.0,804.0,722.0,0.0,0.0,0.0,0.0,0.0
Bexar - 2109,0.0,0.0,0.0,0.0,0.0,0.0,0.0,0.0
Bexar - 2110,1049.0,521.0,459.0,36.0,0.0,36.0,0.0,1.0
Bexar - 2111,1751.0,1210.0,326.0,239.0,0.0,0.0,0.0,0.0
Bexar - 2112,1867.0,1233.0,455.0,55.0,0.0,99.0,0.0,0.0
Bexar - 2113,116.0,32.0,27.0,8.0,0.0,19.0,0.0,0.0
Bexar - 2114,3690.0,2822.0,578.0,214.0,20.0,0.0,33.0,0.0
Bexar - 2115,5803.0,2899.0,1983.0,608.0,12.0,137.0,0.0,15.0
Bexar - 2116,0.0,0.0,0.0,0.0,0.0,0.0,0.0,0.0
Bexar - 2117,1221.0,1153.0,53.0,0.0,0.0,0.0,0.0,0.0
Bexar - 2118,46.0,44.0,0.0,0.0,0.0,0.0,0.0,0.0
Bexar - 2119,392.0,168.0,159.0,35.0,0.0,25.0,0.0,0.0
Bexar - 2120,3069.0,1984.0,835.0,141.0,0.0,70.0,0.0,15.0
Bexar - 2121,505.0,425.0,61.0,0.0,0.0,10.0,0.0,0.0
Bexar - 2122,2379.0,1567.0,597.0,179.0,0.0,62.0,0.0,11.0
Bexar - 2123,2300.0,1161.0,829.0,115.0,6.0,91.0,0.0,14.0
Bexar - 2124,681.0,284.0,417.0,0.0,0.0,0.0,0.0,0.0
Bexar - 2125,2953.0,1426.0,1146.0,118.0,0.0,135.0,0.0,46.0
Bexar - 2126,2101.0,1540.0,491.0,38.0,0.0,42.0,0.0,0.0
Bexar - 2127,2358.0,1141.0,937.0,144.0,0.0,41.0,0.0,0.0
Bexar - 2128,2248.0,1928.0,257.0,5.0,0.0,38.0,0.0,6.0
Bexar - 2129,0.0,0.0,0.0,0.0,0.0,0.0,0.0,0.0
Bexar - 2130,2385.0,1274.0,501.0,227.0,77.0,189.0,0.0,5.0
Bexar - 2131,898.0,486.0,352.0,53.0,0.0,7.0,0.0,0.0
Bexar - 2132,0.0,0.0,0.0,0.0,0.0,0.0,0.0,0.0
Bexar - 2133,353.0,171.0,151.0,27.0,0.0,0.0,0.0,0.0
Bexar - 2134,2278.0,1326.0,460.0,333.0,76.0,43.0,0.0,9.0
Bexar - 2135,940.0,570.0,281.0,29.0,0.0,21.0,0.0,0.0
Bexar - 2136,4264.0,1949.0,1728.0,143.0,0.0,116.0,0.0,0.0
Bexar - 2137,2213.0,1445.0,742.0,0.0,0.0,24.0,0.0,0.0
Bexar - 2138,1342.0,635.0,673.0,31.0,0.0,0.0,0.0,0.0
Bexar - 2139,1951.0,1003.0,702.0,43.0,0.0,186.0,0.0,10.0
Bexar - 2140,2587.0,1635.0,493.0,382.0,0.0,53.0,0.0,0.0
Bexar - 2141,1397.0,668.0,284.0,224.0,0.0,213.0,0.0,12.0
Bexar - 2142,1302.0,860.0,308.0,44.0,0.0,47.0,0.0,0.0
Bexar - 2143,2356.0,1292.0,765.0,181.0,0.0,118.0,0.0,0.0
Bexar - 2144,1923.0,1111.0,633.0,52.0,0.0,80.0,0.0,0.0
Bexar - 2145,390.0,201.0,120.0,21.0,0.0,39.0,0.0,8.0
Bexar - 2146,130.0,43.0,42.0,18.0,0.0,0.0,0.0,0.0
Bexar - 2147,822.0,467.0,278.0,31.0,0.0,15.0,0.0,0.0
Bexar - 2148,6518.0,3452.0,2014.0,602.0,0.0,164.0,16.0,55.0
Bexar - 2149,3552.0,1798.0,792.0,666.0,0.0,215.0,0.0,30.0
Bexar - 2150,24.0,15.0,3.0,3.0,0.0,0.0,0.0,0.0
Bexar - 2151,168.0,133.0,25.0,1.0,0.0,0.0,0.0,0.0
Bexar - 2152,560.0,423.0,86.0,11.0,25.0,2.0,9.0,0.0
Bexar - 2153,601.0,294.0,178.0,129.0,0.0,13.0,0.0,0.0
Bexar - 2154,4708.0,2484.0,1801.0,300.0,0.0,49.0,29.0,0.0
Bexar - 2155,0.0,0.0,0.0,0.0,0.0,0.0,0.0,0.0
Bexar - 2156,2330.0,1041.0,895.0,145.0,0.0,152.0,0.0,13.0
Bexar - 2157,0.0,0.0,0.0,0.0,0.0,0.0,0.0,0.0
Bexar - 2158,0.0,0.0,0.0,0.0,0.0,0.0,0.0,0.0
Bexar - 2159,273.0,156.0,71.0,12.0,0.0,22.0,0.0,0.0
Bexar - 2160,331.0,138.0,111.0,46.0,6.0,21.0,0.0,2.0
Bexar - 2161,132.0,42.0,86.0,0.0,0.0,1.0,0.0,0.0
Bexar - 2162,1348.0,907.0,243.0,152.0,0.0,46.0,0.0,0.0
Bexar - 2163,3202.0,1727.0,1296.0,65.0,0.0,34.0,0.0,21.0
Bexar - 2164,2820.0,1513.0,684.0,358.0,27.0,138.0,0.0,58.0
Bexar - 2165,2695.0,1464.0,1048.0,74.0,0.0,82.0,0.0,8.0
Bexar - 2166,1774.0,818.0,774.0,71.0,0.0,80.0,0.0,0.0
Bexar - 2167,89.0,64.0,21.0,21.0,0.0,0.0,0.0,0.0
Bexar - 2168,1916.0,840.0,797.0,165.0,0.0,64.0,0.0,0.0
Bexar - 2169,1482.0,962.0,492.0,15.0,0.0,5.0,0.0,2.0
Bexar - 2170,4909.0,1981.0,2160.0,144.0,0.0,250.0,0.0,42.0
Bexar - 2171,1722.0,714.0,738.0,163.0,0.0,128.0,0.0,0.0
Bexar - 2172,581.0,438.0,86.0,10.0,0.0,29.0,0.0,0.0
Bexar - 2173,1395.0,611.0,603.0,128.0,0.0,42.0,0.0,10.0
Bexar - 2174,2843.0,808.0,1229.0,468.0,0.0,331.0,0.0,0.0
Bexar - 2175,2733.0,1423.0,913.0,286.0,0.0,77.0,0.0,0.0
Bexar - 2176,856.0,283.0,361.0,128.0,0.0,86.0,0.0,0.0
Bexar - 2177,1.0,0.0,1.0,0.0,0.0,0.0,0.0,0.0
Bexar - 2178,1213.0,762.0,411.0,0.0,0.0,0.0,0.0,0.0
Bexar - 2179,132.0,69.0,25.0,26.0,0.0,6.0,0.0,0.0
Bexar - 3001,5640.0,2257.0,2990.0,67.0,0.0,104.0,0.0,6.0
Bexar - 3002,2510.0,1128.0,1075.0,54.0,0.0,73.0,0.0,16.0
Bexar - 3003,1572.0,753.0,668.0,64.0,0.0,45.0,0.0,16.0
Bexar - 3004,0.0,0.0,0.0,0.0,0.0,0.0,0.0,0.0
Bexar - 3005,3465.0,1027.0,2322.0,0.0,0.0,107.0,0.0,0.0
Bexar - 3006,971.0,346.0,560.0,0.0,0.0,2.0,0.0,0.0
Bexar - 3007,2912.0,1067.0,1316.0,216.0,0.0,269.0,0.0,0.0
Bexar - 3008,94.0,23.0,46.0,1.0,0.0,45.0,2.0,0.0
Bexar - 3009,13.0,5.0,7.0,0.0,0.0,1.0,0.0,0.0
Bexar - 3010,1185.0,583.0,218.0,275.0,0.0,92.0,0.0,24.0
Bexar - 3011,1182.0,547.0,463.0,9.0,0.0,102.0,0.0,0.0
Bexar - 3012,1058.0,277.0,712.0,42.0,2.0,34.0,0.0,2.0
Bexar - 3013,1332.0,530.0,491.0,237.0,0.0,34.0,0.0,0.0
Bexar - 3014,462.0,224.0,204.0,9.0,0.0,14.0,0.0,0.0
Bexar - 3015,1806.0,1145.0,488.0,89.0,0.0,27.0,0.0,18.0
Bexar - 3016,0.0,0.0,0.0,0.0,0.0,0.0,0.0,0.0
Bexar - 3017,2530.0,440.0,1994.0,7.0,4.0,85.0,0.0,8.0
Bexar - 3018,1630.0,174.0,1426.0,0.0,0.0,23.0,0.0,0.0
Bexar - 3019,0.0,0.0,0.0,0.0,0.0,0.0,0.0,0.0
Bexar - 3020,2164.0,521.0,1575.0,62.0,0.0,29.0,2.0,0.0
Bexar - 3021,1790.0,253.0,1412.0,0.0,0.0,108.0,0.0,0.0
Bexar - 3022,1633.0,341.0,1232.0,7.0,11.0,46.0,0.0,0.0
Bexar - 3023,68.0,4.0,65.0,0.0,0.0,0.0,0.0,11.0
Bexar - 3024,0.0,0.0,0.0,0.0,0.0,0.0,0.0,0.0
Bexar - 3025,1712.0,427.0,1188.0,18.0,11.0,18.0,0.0,0.0
Bexar - 3026,1527.0,157.0,1305.0,0.0,0.0,13.0,2.0,0.0
Bexar - 3027,1483.0,447.0,960.0,0.0,0.0,30.0,13.0,33.0
Bexar - 3028,2180.0,765.0,1210.0,101.0,0.0,29.0,0.0,0.0
Bexar - 3029,1563.0,744.0,661.0,91.0,0.0,24.0,0.0,5.0
Bexar - 3030,2141.0,676.0,1269.0,124.0,0.0,57.0,4.0,0.0
Bexar - 3031,17.0,5.0,7.0,0.0,0.0,0.0,0.0,0.0
Bexar - 3032,21.0,5.0,14.0,0.0,0.0,0.0,1.0,0.0
Bexar - 3033,2462.0,859.0,1367.0,128.0,0.0,108.0,0.0,0.0
Bexar - 3034,2399.0,215.0,2101.0,0.0,0.0,55.0,0.0,0.0
Bexar - 3035,739.0,390.0,295.0,20.0,0.0,31.0,0.0,0.0
Bexar - 3036,6582.0,3343.0,2117.0,495.0,0.0,241.0,39.0,109.0
Bexar - 3037,80.0,20.0,42.0,4.0,0.0,9.0,0.0,0.0
Bexar - 3038,1161.0,735.0,342.0,29.0,0.0,7.0,0.0,0.0
Bexar - 3039,4942.0,1376.0,2129.0,874.0,0.0,364.0,0.0,0.0
Bexar - 3040,2046.0,766.0,1129.0,49.0,15.0,70.0,0.0,0.0
Bexar - 3041,362.0,149.0,213.0,0.0,0.0,0.0,0.0,0.0
Bexar - 3042,2343.0,608.0,1312.0,18.0,0.0,334.0,0.0,0.0
Bexar - 3043,2776.0,666.0,1672.0,255.0,0.0,148.0,0.0,8.0
Bexar - 3044,1692.0,501.0,904.0,199.0,4.0,47.0,0.0,0.0
Bexar - 3045,1576.0,581.0,928.0,36.0,0.0,1.0,0.0,0.0
Bexar - 3046,1534.0,292.0,1176.0,35.0,0.0,65.0,0.0,0.0
Bexar - 3047,1279.0,290.0,955.0,3.0,3.0,14.0,0.0,0.0
Bexar - 3048,1721.0,173.0,1454.0,24.0,0.0,60.0,0.0,0.0
Bexar - 3049,2075.0,455.0,1402.0,218.0,1.0,0.0,0.0,5.0
Bexar - 3050,1345.0,394.0,822.0,66.0,3.0,0.0,0.0,0.0
Bexar - 3051,262.0,37.0,238.0,0.0,0.0,6.0,0.0,0.0
Bexar - 3052,1876.0,987.0,612.0,94.0,0.0,162.0,0.0,0.0
Bexar - 3053,2627.0,849.0,1487.0,81.0,0.0,175.0,0.0,0.0
Bexar - 3054,214.0,136.0,44.0,29.0,0.0,3.0,0.0,6.0
Bexar - 3055,3305.0,835.0,2222.0,36.0,0.0,205.0,0.0,0.0
Bexar - 3056,2482.0,1345.0,613.0,154.0,0.0,144.0,1.0,98.0
Bexar - 3057,718.0,393.0,289.0,6.0,0.0,18.0,0.0,0.0
Bexar - 3058,5171.0,2816.0,1679.0,397.0,0.0,106.0,0.0,0.0
Bexar - 3059,2883.0,1223.0,1261.0,239.0,0.0,95.0,0.0,0.0
Bexar - 3060,1815.0,587.0,1138.0,60.0,0.0,0.0,0.0,0.0
Bexar - 3061,2739.0,1762.0,821.0,139.0,1.0,50.0,0.0,0.0
Bexar - 3062,73.0,42.0,25.0,0.0,0.0,0.0,0.0,0.0
Bexar - 3063,2390.0,1172.0,1130.0,34.0,0.0,10.0,0.0,0.0
Bexar - 3064,474.0,209.0,238.0,6.0,0.0,0.0,0.0,0.0
Bexar - 3065,5310.0,1956.0,2456.0,625.0,0.0,185.0,0.0,0.0
Bexar - 3066,1534.0,719.0,792.0,13.0,0.0,8.0,0.0,0.0
Bexar - 3067,1231.0,432.0,706.0,8.0,6.0,79.0,0.0,0.0
Bexar - 3068,4412.0,2548.0,1038.0,518.0,0.0,87.0,0.0,180.0
Bexar - 3069,3950.0,1695.0,2072.0,35.0,28.0,132.0,0.0,0.0
Bexar - 3070,1980.0,475.0,1234.0,119.0,0.0,22.0,0.0,40.0
Bexar - 3071,3025.0,1749.0,1065.0,101.0,0.0,52.0,0.0,0.0
Bexar - 3072,4354.0,1439.0,2417.0,255.0,0.0,135.0,0.0,4.0
Bexar - 3073,1523.0,699.0,772.0,23.0,0.0,0.0,0.0,29.0
Bexar - 3074,2396.0,931.0,1338.0,58.0,0.0,54.0,0.0,0.0
Bexar - 3075,3056.0,1105.0,1819.0,43.0,5.0,43.0,0.0,0.0
Bexar - 3076,1528.0,518.0,975.0,22.0,0.0,3.0,0.0,0.0
Bexar - 3077,2596.0,750.0,1562.0,129.0,12.0,52.0,0.0,0.0
Bexar - 3078,2526.0,1158.0,1263.0,7.0,0.0,33.0,0.0,0.0
Bexar - 3079,3416.0,849.0,2171.0,239.0,19.0,32.0,0.0,0.0
Bexar - 3080,1406.0,406.0,947.0,18.0,0.0,8.0,5.0,0.0
Bexar - 3081,2933.0,1580.0,1028.0,116.0,0.0,196.0,0.0,0.0
Bexar - 3082,2514.0,883.0,1172.0,210.0,0.0,231.0,0.0,0.0
Bexar - 3083,1722.0,738.0,716.0,0.0,0.0,40.0,0.0,18.0
Bexar - 3084,4339.0,1997.0,2016.0,222.0,0.0,0.0,0.0,39.0
Bexar - 3085,1628.0,518.0,920.0,167.0,0.0,0.0,0.0,0.0
Bexar - 3086,1944.0,618.0,1014.0,241.0,0.0,85.0,0.0,0.0
Bexar - 3087,1955.0,688.0,1197.0,31.0,0.0,0.0,0.0,0.0
Bexar - 3088,3940.0,1020.0,2502.0,201.0,0.0,215.0,0.0,0.0
Bexar - 3089,3629.0,999.0,2270.0,335.0,0.0,43.0,0.0,2.0
Bexar - 3090,3403.0,1383.0,1793.0,49.0,31.0,43.0,0.0,0.0
Bexar - 3091,720.0,161.0,511.0,39.0,0.0,1.0,0.0,0.0
Bexar - 3092,2393.0,359.0,1965.0,66.0,0.0,9.0,0.0,16.0
Bexar - 3093,2207.0,461.0,1336.0,134.0,0.0,173.0,0.0,0.0
Bexar - 3094,4934.0,1796.0,2515.0,150.0,0.0,193.0,0.0,84.0
Bexar - 3095,4244.0,1540.0,1390.0,790.0,0.0,142.0,4.0,15.0
Bexar - 3096,2644.0,815.0,1477.0,101.0,4.0,150.0,0.0,0.0
Bexar - 3097,10.0,0.0,11.0,0.0,0.0,0.0,0.0,0.0
Bexar - 3098,1169.0,299.0,745.0,35.0,0.0,66.0,23.0,0.0
Bexar - 3099,3210.0,1283.0,1662.0,16.0,0.0,220.0,0.0,14.0
Bexar - 3100,4371.0,1496.0,2217.0,321.0,32.0,149.0,0.0,0.0
Bexar - 3101,2712.0,1310.0,1119.0,82.0,0.0,171.0,26.0,0.0
Bexar - 3102,3080.0,765.0,2115.0,158.0,0.0,7.0,0.0,0.0
Bexar - 3103,971.0,385.0,291.0,162.0,0.0,95.0,0.0,0.0
Bexar - 3104,2933.0,1371.0,1497.0,53.0,0.0,0.0,0.0,0.0
Bexar - 3105,3900.0,1659.0,1809.0,159.0,17.0,55.0,0.0,34.0
Bexar - 3106,1648.0,554.0,944.0,22.0,0.0,12.0,6.0,19.0
Bexar - 3107,937.0,294.0,498.0,86.0,0.0,9.0,0.0,6.0
Bexar - 3108,1529.0,334.0,1140.0,24.0,0.0,0.0,0.0,0.0
Bexar - 3109,3905.0,2192.0,1456.0,210.0,0.0,28.0,0.0,0.0
Bexar - 3110,3109.0,1172.0,1442.0,309.0,0.0,85.0,0.0,46.0
Bexar - 3111,0.0,0.0,0.0,0.0,0.0,0.0,0.0,0.0
Bexar - 3112,2156.0,891.0,955.0,95.0,0.0,26.0,0.0,12.0
Bexar - 3113,1397.0,766.0,577.0,0.0,0.0,22.0,0.0,13.0
Bexar - 3114,2322.0,582.0,1745.0,60.0,0.0,20.0,0.0,0.0
Bexar - 3115,1628.0,579.0,1023.0,0.0,0.0,0.0,0.0,0.0
Bexar - 3116,1775.0,558.0,875.0,66.0,0.0,117.0,0.0,16.0
Bexar - 3117,2873.0,765.0,1896.0,47.0,11.0,105.0,0.0,0.0
Bexar - 3118,1862.0,897.0,881.0,40.0,0.0,0.0,0.0,0.0
Bexar - 3119,2833.0,1399.0,1293.0,29.0,0.0,16.0,0.0,0.0
Bexar - 3120,3457.0,1764.0,1342.0,139.0,0.0,62.0,99.0,0.0
Bexar - 3121,3011.0,1150.0,1664.0,61.0,0.0,103.0,0.0,0.0
Bexar - 3122,3024.0,1003.0,1607.0,338.0,0.0,23.0,0.0,42.0
Bexar - 3123,765.0,393.0,284.0,41.0,0.0,28.0,0.0,0.0
Bexar - 3124,4873.0,1620.0,1967.0,959.0,23.0,281.0,0.0,15.0
Bexar - 3125,3527.0,956.0,1877.0,273.0,0.0,257.0,0.0,14.0
Bexar - 3126,1764.0,625.0,1018.0,26.0,1.0,57.0,0.0,4.0
Bexar - 3127,1599.0,301.0,969.0,59.0,20.0,168.0,31.0,9.0
Bexar - 3128,60.0,9.0,48.0,4.0,0.0,0.0,0.0,0.0
Bexar - 3129,3289.0,1701.0,1204.0,108.0,0.0,141.0,0.0,0.0
Bexar - 3130,1781.0,509.0,1164.0,46.0,0.0,30.0,0.0,11.0
Bexar - 3131,3.0,0.0,4.0,0.0,0.0,0.0,0.0,0.0
Bexar - 3132,2610.0,1415.0,923.0,273.0,0.0,7.0,0.0,0.0
Bexar - 3133,0.0,0.0,0.0,0.0,0.0,0.0,0.0,0.0
Bexar - 3134,3337.0,1754.0,1168.0,351.0,38.0,44.0,0.0,22.0
Bexar - 3135,1147.0,586.0,430.0,36.0,0.0,10.0,0.0,8.0
Bexar - 3136,2373.0,1491.0,808.0,14.0,0.0,0.0,0.0,0.0
Bexar - 3137,4022.0,1799.0,1337.0,306.0,6.0,137.0,0.0,4.0
Bexar - 3138,75.0,9.0,47.0,0.0,0.0,0.0,0.0,0.0
Bexar - 3140,45.0,40.0,7.0,0.0,0.0,0.0,0.0,6.0
Bexar - 3141,440.0,243.0,124.0,68.0,0.0,12.0,0.0,4.0
Bexar - 3142,968.0,420.0,433.0,29.0,0.0,41.0,0.0,9.0
Bexar - 3143,1784.0,887.0,550.0,180.0,0.0,169.0,0.0,3.0
Bexar - 3144,417.0,90.0,209.0,119.0,0.0,18.0,0.0,1.0
Bexar - 3145,3425.0,995.0,1906.0,29.0,0.0,397.0,37.0,98.0
Bexar - 3146,4584.0,1951.0,1552.0,750.0,0.0,108.0,3.0,53.0
Bexar - 3147,120.0,35.0,45.0,10.0,0.0,1.0,0.0,12.0
Bexar - 3148,1350.0,459.0,604.0,48.0,0.0,170.0,0.0,1.0
Bexar - 3149,4716.0,2111.0,1377.0,744.0,0.0,367.0,0.0,12.0
Bexar - 3150,49.0,36.0,8.0,0.0,0.0,0.0,0.0,0.0
Bexar - 3151,2939.0,1139.0,1320.0,19.0,0.0,174.0,0.0,0.0
Bexar - 3152,613.0,254.0,239.0,31.0,0.0,11.0,0.0,0.0
Bexar - 3153,1317.0,469.0,837.0,0.0,0.0,8.0,0.0,0.0
Bexar - 3154,1659.0,602.0,993.0,22.0,0.0,0.0,0.0,0.0
Bexar - 3155,2706.0,915.0,1474.0,102.0,9.0,103.0,0.0,58.0
Bexar - 3156,0.0,0.0,0.0,0.0,0.0,0.0,0.0,0.0
Bexar - 3157,2626.0,779.0,1651.0,131.0,0.0,51.0,0.0,0.0
Bexar - 3158,79.0,33.0,28.0,2.0,0.0,0.0,0.0,0.0
Bexar - 3159,2854.0,1910.0,608.0,326.0,0.0,0.0,0.0,0.0
Bexar - 3160,1910.0,903.0,807.0,60.0,0.0,53.0,12.0,0.0
Bexar - 3161,3170.0,1364.0,1414.0,249.0,28.0,13.0,0.0,44.0
Bexar - 3162,3721.0,1717.0,1525.0,89.0,0.0,208.0,1.0,0.0
Bexar - 3163,2583.0,859.0,1078.0,175.0,25.0,315.0,0.0,0.0
Bexar - 3164,1898.0,489.0,1300.0,0.0,0.0,50.0,0.0,0.0
Bexar - 3165,3590.0,1238.0,1769.0,211.0,5.0,179.0,0.0,7.0
Bexar - 3166,835.0,232.0,538.0,0.0,0.0,28.0,0.0,0.0
Bexar - 3167,47.0,27.0,10.0,27.0,0.0,0.0,0.0,0.0
Bexar - 3168,619.0,159.0,273.0,13.0,0.0,213.0,0.0,0.0
Bexar - 3169,139.0,44.0,84.0,2.0,0.0,3.0,0.0,0.0
Bexar - 3170,1.0,0.0,0.0,0.0,0.0,0.0,0.0,0.0
Bexar - 3171,0.0,0.0,0.0,0.0,0.0,0.0,0.0,0.0
Bexar - 3172,757.0,468.0,219.0,15.0,0.0,39.0,0.0,0.0
Bexar - 3173,3075.0,1148.0,1492.0,136.0,0.0,221.0,0.0,0.0
Bexar - 3174,4135.0,1517.0,2317.0,56.0,0.0,151.0,0.0,0.0
Bexar - 3175,578.0,165.0,367.0,46.0,0.0,0.0,0.0,0.0
Bexar - 3176,35.0,12.0,14.0,3.0,0.0,0.0,0.0,0.0
Bexar - 3177,0.0,0.0,0.0,0.0,0.0,0.0,0.0,0.0
Bexar - 3178,1.0,1.0,0.0,0.0,0.0,0.0,0.0,0.0
Bexar - 3179,0.0,0.0,0.0,0.0,0.0,0.0,0.0,0.0
Bexar - 3180,1361.0,586.0,775.0,0.0,0.0,0.0,0.0,0.0
Bexar - 3181,2802.0,832.0,1525.0,150.0,4.0,192.0,0.0,0.0
Bexar - 3182,923.0,521.0,325.0,1.0,0.0,82.0,0.0,0.0
Bexar - 3183,38.0,9.0,16.0,6.0,0.0,1.0,0.0,1.0
Bexar - 3184,480.0,386.0,153.0,0.0,0.0,0.0,0.0,0.0
Bexar - 3185,313.0,117.0,132.0,9.0,0.0,31.0,0.0,0.0
Bexar - 3186,0.0,0.0,0.0,0.0,0.0,0.0,0.0,0.0
Bexar - 3187,0.0,0.0,0.0,0.0,0.0,0.0,0.0,0.0
Bexar - 3188,0.0,0.0,0.0,0.0,0.0,0.0,0.0,0.0
Bexar - 3189,999.0,262.0,589.0,14.0,0.0,103.0,0.0,0.0
Bexar - 3190,630.0,207.0,246.0,36.0,5.0,74.0,3.0,0.0
Bexar - 3191,172.0,46.0,95.0,0.0,0.0,25.0,0.0,0.0
Bexar - 3192,0.0,0.0,0.0,0.0,0.0,0.0,0.0,0.0
Bexar - 3193,181.0,57.0,112.0,11.0,0.0,3.0,0.0,0.0
Bexar - 3194,5294.0,1525.0,3306.0,152.0,27.0,131.0,0.0,51.0
Bexar - 3195,3785.0,2036.0,1043.0,288.0,0.0,311.0,0.0,0.0
Bexar - 3196,19.0,8.0,9.0,0.0,0.0,0.0,0.0,0.0
Bexar - 3197,0.0,0.0,0.0,0.0,0.0,0.0,0.0,0.0
Bexar - 3198,702.0,162.0,307.0,30.0,0.0,162.0,15.0,0.0
Bexar - 3199,3032.0,948.0,1225.0,179.0,0.0,696.0,0.0,11.0
Bexar - 3200,0.0,0.0,0.0,0.0,0.0,0.0,0.0,0.0
Bexar - 3201,3807.0,980.0,2254.0,139.0,0.0,210.0,0.0,35.0
Bexar - 3202,1400.0,514.0,710.0,62.0,2.0,29.0,0.0,19.0
Bexar - 3203,425.0,158.0,239.0,9.0,1.0,11.0,0.0,3.0
Bexar - 3204,4.0,0.0,4.0,0.0,0.0,0.0,0.0,0.0
Bexar - 3205,0.0,0.0,0.0,0.0,0.0,0.0,0.0,0.0
Bexar - 4001,3071.0,1347.0,1324.0,223.0,26.0,58.0,0.0,0.0
Bexar - 4002,889.0,709.0,83.0,85.0,0.0,0.0,0.0,0.0
Bexar - 4003,1314.0,923.0,111.0,255.0,3.0,0.0,0.0,8.0
Bexar - 4004,736.0,231.0,522.0,43.0,2.0,11.0,0.0,4.0
Bexar - 4005,2068.0,1368.0,483.0,127.0,0.0,4.0,0.0,8.0
Bexar - 4006,720.0,403.0,192.0,49.0,0.0,7.0,0.0,25.0
Bexar - 4007,5122.0,1060.0,2586.0,850.0,42.0,268.0,80.0,64.0
Bexar - 4008,1229.0,506.0,542.0,103.0,1.0,35.0,0.0,15.0
Bexar - 4009,1755.0,999.0,157.0,543.0,9.0,28.0,0.0,0.0
Bexar - 4010,3080.0,1746.0,614.0,710.0,0.0,5.0,0.0,21.0
Bexar - 4011,1512.0,889.0,82.0,526.0,0.0,0.0,0.0,3.0
Bexar - 4012,978.0,722.0,83.0,158.0,0.0,0.0,0.0,8.0
Bexar - 4013,1216.0,1104.0,63.0,25.0,0.0,5.0,0.0,0.0
Bexar - 4014,517.0,454.0,40.0,24.0,3.0,0.0,0.0,0.0
Bexar - 4015,1783.0,1257.0,438.0,53.0,19.0,1.0,7.0,0.0
Bexar - 4016,3287.0,2934.0,267.0,28.0,2.0,28.0,0.0,0.0
Bexar - 4017,2476.0,1198.0,732.0,355.0,0.0,0.0,0.0,56.0
Bexar - 4018,980.0,433.0,528.0,2.0,0.0,15.0,0.0,0.0
Bexar - 4019,4658.0,3700.0,668.0,268.0,3.0,1.0,0.0,17.0
Bexar - 4020,2524.0,1584.0,528.0,116.0,5.0,262.0,0.0,0.0
Bexar - 4021,1305.0,737.0,407.0,103.0,0.0,26.0,0.0,0.0
Bexar - 4022,202.0,109.0,45.0,43.0,0.0,6.0,0.0,0.0
Bexar - 4023,2591.0,1886.0,648.0,56.0,1.0,2.0,0.0,0.0
Bexar - 4024,3444.0,2519.0,686.0,212.0,0.0,12.0,0.0,4.0
Bexar - 4025,1536.0,1187.0,336.0,7.0,0.0,0.0,0.0,0.0
Bexar - 4026,4793.0,4130.0,526.0,51.0,0.0,21.0,0.0,0.0
Bexar - 4027,1986.0,1368.0,319.0,239.0,0.0,52.0,0.0,0.0
Bexar - 4028,2413.0,1911.0,384.0,35.0,0.0,0.0,15.0,0.0
Bexar - 4029,2854.0,2227.0,214.0,379.0,13.0,0.0,5.0,0.0
Bexar - 4030,614.0,443.0,16.0,128.0,0.0,0.0,0.0,0.0
Bexar - 4031,2469.0,2221.0,199.0,31.0,7.0,0.0,5.0,0.0
Bexar - 4032,2260.0,1970.0,228.0,46.0,0.0,0.0,0.0,10.0
Bexar - 4033,4777.0,2778.0,925.0,967.0,0.0,17.0,0.0,0.0
Bexar - 4034,2356.0,1897.0,316.0,166.0,0.0,4.0,4.0,0.0
Bexar - 4035,19.0,10.0,7.0,0.0,0.0,0.0,0.0,10.0
Bexar - 4036,2830.0,1426.0,449.0,791.0,0.0,26.0,7.0,0.0
Bexar - 4037,2558.0,1624.0,98.0,731.0,4.0,63.0,0.0,6.0
Bexar - 4038,2902.0,812.0,1738.0,12.0,11.0,47.0,11.0,133.0
Bexar - 4039,1704.0,884.0,282.0,524.0,0.0,0.0,0.0,6.0
Bexar - 4040,1630.0,552.0,164.0,912.0,0.0,0.0,0.0,0.0
Bexar - 4041,2621.0,1011.0,228.0,1422.0,40.0,0.0,0.0,0.0
Bexar - 4042,413.0,165.0,101.0,84.0,0.0,61.0,0.0,0.0
Bexar - 4043,3769.0,1551.0,986.0,903.0,0.0,160.0,68.0,48.0
Bexar - 4044,2081.0,768.0,688.0,536.0,7.0,17.0,0.0,0.0
Bexar - 4045,3534.0,1673.0,1364.0,224.0,0.0,26.0,0.0,71.0
Bexar - 4046,3147.0,647.0,2083.0,282.0,0.0,64.0,0.0,0.0
Bexar - 4047,3590.0,2385.0,847.0,266.0,0.0,50.0,0.0,0.0
Bexar - 4048,2463.0,2213.0,139.0,91.0,0.0,0.0,4.0,0.0
Bexar - 4049,3973.0,1743.0,803.0,1239.0,9.0,100.0,0.0,0.0
Bexar - 4050,2248.0,679.0,1147.0,190.0,0.0,182.0,0.0,0.0
Bexar - 4051,1444.0,561.0,779.0,15.0,0.0,5.0,0.0,56.0
Bexar - 4052,2367.0,747.0,1319.0,202.0,0.0,66.0,0.0,0.0
Bexar - 4053,2478.0,1073.0,625.0,473.0,0.0,155.0,0.0,73.0
Bexar - 4054,4168.0,1798.0,1158.0,1035.0,5.0,91.0,0.0,16.0
Bexar - 4055,1806.0,618.0,1065.0,66.0,0.0,26.0,0.0,7.0
Bexar - 4056,3722.0,1297.0,1881.0,286.0,0.0,96.0,0.0,14.0
Bexar - 4057,1226.0,181.0,944.0,72.0,0.0,63.0,0.0,0.0
Bexar - 4058,2694.0,1245.0,1241.0,112.0,0.0,0.0,0.0,0.0
Bexar - 4059,2684.0,1079.0,1063.0,282.0,0.0,101.0,0.0,9.0
Bexar - 4060,2474.0,1364.0,703.0,235.0,0.0,120.0,0.0,0.0
Bexar - 4061,2819.0,1420.0,742.0,616.0,0.0,0.0,0.0,0.0
Bexar - 4062,850.0,581.0,148.0,106.0,0.0,5.0,0.0,0.0
Bexar - 4063,1175.0,700.0,262.0,67.0,0.0,58.0,0.0,23.0
Bexar - 4064,2479.0,906.0,917.0,356.0,0.0,48.0,0.0,0.0
Bexar - 4065,2468.0,1527.0,391.0,481.0,0.0,3.0,10.0,13.0
Bexar - 4066,4203.0,1799.0,980.0,1365.0,8.0,30.0,0.0,0.0
Bexar - 4067,3013.0,1035.0,888.0,782.0,0.0,98.0,0.0,158.0
Bexar - 4068,1013.0,449.0,250.0,237.0,0.0,18.0,0.0,21.0
Bexar - 4069,713.0,219.0,448.0,44.0,0.0,9.0,0.0,0.0
Bexar - 4070,3636.0,1580.0,1233.0,793.0,0.0,61.0,0.0,0.0
Bexar - 4071,1735.0,394.0,1199.0,22.0,0.0,20.0,0.0,27.0
Bexar - 4072,2403.0,733.0,1254.0,76.0,0.0,316.0,0.0,0.0
Bexar - 4073,2635.0,1530.0,910.0,89.0,0.0,25.0,0.0,0.0
Bexar - 4074,2950.0,1768.0,1084.0,34.0,0.0,36.0,0.0,0.0
Bexar - 4075,824.0,667.0,150.0,0.0,0.0,0.0,0.0,0.0
Bexar - 4076,5779.0,2992.0,2018.0,609.0,5.0,159.0,0.0,0.0
Bexar - 4077,6171.0,3842.0,1416.0,696.0,0.0,120.0,0.0,0.0
Bexar - 4078,1228.0,336.0,884.0,1.0,0.0,0.0,0.0,6.0
Bexar - 4079,2484.0,901.0,1285.0,219.0,0.0,79.0,0.0,0.0
Bexar - 4080,2692.0,1729.0,629.0,227.0,0.0,31.0,0.0,11.0
Bexar - 4081,770.0,97.0,493.0,103.0,0.0,45.0,0.0,0.0
Bexar - 4082,2518.0,1289.0,272.0,921.0,0.0,0.0,0.0,0.0
Bexar - 4083,802.0,207.0,327.0,186.0,0.0,17.0,0.0,24.0
Bexar - 4084,838.0,563.0,118.0,200.0,0.0,10.0,0.0,0.0
Bexar - 4085,46.0,20.0,26.0,1.0,0.0,0.0,0.0,0.0
Bexar - 4086,567.0,302.0,194.0,30.0,0.0,71.0,0.0,0.0
Bexar - 4087,2123.0,364.0,857.0,786.0,0.0,60.0,0.0,35.0
Bexar - 4088,4113.0,1161.0,1380.0,1119.0,4.0,160.0,2.0,35.0
Bexar - 4089,4196.0,1804.0,1278.0,607.0,11.0,333.0,27.0,0.0
Bexar - 4090,2837.0,1023.0,1071.0,333.0,0.0,191.0,0.0,96.0
Bexar - 4091,1188.0,635.0,430.0,30.0,0.0,25.0,22.0,0.0
Bexar - 4092,1531.0,436.0,927.0,179.0,0.0,0.0,0.0,0.0
Bexar - 4093,3365.0,1612.0,1177.0,379.0,0.0,94.0,16.0,6.0
Bexar - 4094,2209.0,1067.0,893.0,101.0,0.0,125.0,0.0,0.0
Bexar - 4095,1707.0,893.0,638.0,112.0,0.0,16.0,0.0,0.0
Bexar - 4096,4330.0,1876.0,1488.0,595.0,0.0,80.0,18.0,145.0
Bexar - 4097,2942.0,1038.0,1335.0,434.0,0.0,129.0,0.0,0.0
Bexar - 4098,2373.0,1129.0,554.0,367.0,0.0,20.0,0.0,0.0
Bexar - 4099,1540.0,934.0,452.0,24.0,0.0,139.0,0.0,0.0
Bexar - 4100,1443.0,620.0,413.0,254.0,0.0,118.0,0.0,0.0
Bexar - 4101,1489.0,606.0,705.0,80.0,0.0,0.0,0.0,4.0
Bexar - 4102,1377.0,674.0,240.0,510.0,0.0,13.0,0.0,0.0
Bexar - 4103,7.0,3.0,3.0,0.0,0.0,0.0,0.0,0.0
Bexar - 4104,1943.0,1026.0,681.0,192.0,0.0,53.0,0.0,0.0
Bexar - 4105,1608.0,369.0,331.0,516.0,19.0,66.0,0.0,0.0
Bexar - 4106,1006.0,702.0,198.0,108.0,0.0,0.0,0.0,0.0
Bexar - 4107,1319.0,320.0,393.0,457.0,0.0,184.0,0.0,16.0
Bexar - 4108,4961.0,2231.0,1447.0,970.0,0.0,40.0,76.0,0.0
Bexar - 4109,2313.0,847.0,486.0,818.0,0.0,138.0,0.0,93.0
Bexar - 4110,1681.0,709.0,898.0,0.0,11.0,83.0,0.0,0.0
Bexar - 4111,650.0,88.0,53.0,470.0,0.0,0.0,0.0,0.0
Bexar - 4112,656.0,134.0,478.0,27.0,0.0,10.0,0.0,0.0
Bexar - 4113,1737.0,600.0,162.0,905.0,0.0,0.0,0.0,0.0
Bexar - 4114,125.0,53.0,29.0,27.0,0.0,1.0,0.0,1.0
Bexar - 4115,204.0,118.0,85.0,4.0,1.0,2.0,0.0,0.0
Bexar - 4116,67.0,15.0,31.0,6.0,0.0,16.0,0.0,0.0
Bexar - 4117,542.0,268.0,182.0,22.0,0.0,1.0,0.0,0.0
Bexar - 4118,66.0,26.0,40.0,0.0,0.0,0.0,0.0,1.0
Bexar - 4119,979.0,403.0,502.0,32.0,0.0,22.0,0.0,0.0
Bexar - 4120,438.0,135.0,184.0,56.0,0.0,57.0,0.0,0.0
Bexar - 4121,267.0,117.0,109.0,30.0,0.0,0.0,0.0,0.0
Bexar - 4122,108.0,50.0,59.0,1.0,0.0,0.0,0.0,0.0
Bexar - 4123,149.0,116.0,29.0,5.0,0.0,0.0,0.0,0.0
Bexar - 4124,3596.0,2480.0,616.0,488.0,0.0,0.0,4.0,0.0
Bexar - 4125,158.0,100.0,23.0,8.0,0.0,0.0,0.0,0.0
Bexar - 4126,2569.0,1133.0,1103.0,234.0,0.0,25.0,0.0,42.0
Bexar - 4127,84.0,46.0,8.0,27.0,0.0,0.0,0.0,0.0
Bexar - 4128,226.0,122.0,93.0,13.0,0.0,0.0,0.0,0.0
Bexar - 4129,141.0,89.0,48.0,0.0,0.0,0.0,0.0,0.0
Bexar - 4130,1083.0,536.0,270.0,219.0,6.0,36.0,0.0,0.0
Bexar - 4131,433.0,246.0,116.0,21.0,0.0,7.0,0.0,0.0
Bexar - 4132,3190.0,1024.0,651.0,1240.0,0.0,124.0,0.0,76.0
Bexar - 4133,69.0,11.0,35.0,101.0,0.0,0.0,0.0,0.0
Bexar - 4134,13.0,8.0,4.0,0.0,0.0,0.0,0.0,0.0
Bexar - 4135,0.0,0.0,0.0,0.0,0.0,0.0,0.0,0.0
Bexar - 4136,3904.0,1434.0,1501.0,694.0,0.0,161.0,0.0,11.0
Bexar - 4137,438.0,67.0,332.0,0.0,0.0,20.0,0.0,3.0
Bexar - 4138,0.0,0.0,0.0,0.0,0.0,0.0,0.0,0.0
Bexar - 4139,14.0,7.0,5.0,0.0,0.0,0.0,0.0,0.0
Bexar - 4140,0.0,0.0,0.0,0.0,0.0,0.0,0.0,0.0
Bexar - 4141,657.0,426.0,53.0,134.0,0.0,0.0,0.0,29.0
Bexar - 4142,1434.0,343.0,377.0,667.0,0.0,20.0,0.0,0.0
Bexar - 4143,4347.0,1588.0,1116.0,1169.0,0.0,375.0,0.0,0.0
Bexar - 4144,938.0,454.0,398.0,76.0,0.0,0.0,0.0,0.0
Bexar - 4145,16.0,3.0,7.0,5.0,0.0,0.0,0.0,0.0
Bexar - 4146,59.0,31.0,24.0,4.0,0.0,2.0,0.0,0.0
Bexar - 4147,372.0,104.0,213.0,0.0,0.0,9.0,0.0,32.0
Bexar - 4148,164.0,137.0,38.0,2.0,0.0,0.0,0.0,0.0
Bexar - 4149,456.0,239.0,121.0,72.0,0.0,11.0,0.0,0.0
Bexar - 4150,2844.0,785.0,960.0,712.0,0.0,90.0,68.0,18.0
Bexar - 4151,830.0,243.0,502.0,5.0,0.0,39.0,0.0,6.0
Bexar - 4152,2068.0,1124.0,629.0,225.0,0.0,34.0,0.0,4.0
Bexar - 4153,326.0,176.0,153.0,3.0,35.0,0.0,0.0,0.0
Bexar - 4154,654.0,358.0,147.0,80.0,12.0,44.0,0.0,17.0
Bexar - 4155,2212.0,1322.0,745.0,71.0,15.0,0.0,1.0,0.0
Bexar - 4156,1425.0,659.0,390.0,174.0,8.0,144.0,0.0,0.0
Bexar - 4157,1832.0,1260.0,482.0,73.0,0.0,0.0,2.0,0.0
Bexar - 4158,1081.0,172.0,240.0,894.0,0.0,23.0,0.0,0.0
Bexar - 4159,140.0,66.0,52.0,0.0,0.0,0.0,0.0,0.0
Bexar - 4160,2523.0,1302.0,393.0,669.0,4.0,41.0,51.0,19.0
Bexar - 4161,1137.0,451.0,129.0,451.0,0.0,10.0,15.0,27.0
Bexar - 4162,3041.0,1030.0,1476.0,279.0,39.0,154.0,0.0,0.0
Bexar - 4163,2349.0,479.0,997.0,853.0,0.0,11.0,2.0,28.0
Bexar - 4164,2853.0,836.0,1509.0,173.0,111.0,133.0,20.0,0.0
Bexar - 4165,121.0,51.0,72.0,0.0,0.0,0.0,0.0,0.0
Bexar - 4166,612.0,435.0,137.0,41.0,0.0,20.0,0.0,0.0
Bexar - 4167,83.0,46.0,12.0,0.0,0.0,0.0,0.0,0.0
Bexar - 4168,2274.0,1394.0,417.0,446.0,0.0,34.0,0.0,0.0
Bexar - 4169,385.0,124.0,214.0,21.0,0.0,1.0,0.0,26.0
Bexar - 4170,263.0,115.0,125.0,0.0,11.0,12.0,0.0,0.0
Bexar - 4171,1645.0,999.0,586.0,54.0,0.0,0.0,0.0,0.0
Bexar - 4172,1955.0,1018.0,776.0,92.0,3.0,2.0,0.0,0.0
Bexar - 4173,2344.0,1020.0,1043.0,172.0,5.0,7.0,0.0,60.0
Bexar - 4174,2219.0,1172.0,759.0,268.0,3.0,31.0,0.0,0.0
Bexar - 4175,0.0,0.0,0.0,0.0,0.0,0.0,0.0,0.0
Bexar - 4176,954.0,404.0,499.0,10.0,2.0,4.0,0.0,7.0
Bexar - 4177,35.0,36.0,0.0,0.0,0.0,0.0,0.0,0.0
Bexar - 4178,7.0,1.0,0.0,0.0,0.0,5.0,0.0,0.0
Bexar - 4179,2880.0,1337.0,1088.0,155.0,0.0,138.0,92.0,0.0
Bexar - 4180,3.0,3.0,0.0,0.0,0.0,0.0,0.0,0.0
Bexar - 4181,13.0,6.0,0.0,0.0,0.0,0.0,0.0,0.0
Bexar - 4182,0.0,0.0,0.0,0.0,0.0,0.0,0.0,0.0
Bexar - 4183,76.0,41.0,37.0,0.0,0.0,0.0,0.0,0.0
Bexar - 4184,21.0,24.0,0.0,0.0,0.0,0.0,0.0,0.0
Bexar - 4185,3.0,1.0,0.0,1.0,0.0,0.0,0.0,0.0
Bexar - 4186,126.0,39.0,83.0,4.0,0.0,0.0,0.0,0.0
Bexar - 4187,0.0,0.0,0.0,0.0,0.0,0.0,0.0,0.0
Bexar - 4188,0.0,0.0,0.0,0.0,0.0,0.0,0.0,0.0
Bexar - 4189,1076.0,418.0,289.0,305.0,0.0,26.0,0.0,0.0
Bexar - 4190,13.0,2.0,5.0,2.0,0.0,0.0,0.0,0.0
Bexar - 4191,19.0,7.0,0.0,4.0,0.0,0.0,0.0,5.0
Bexar - 4192,1.0,0.0,1.0,0.0,0.0,0.0,0.0,0.0
Bexar - 4193,194.0,84.0,47.0,29.0,0.0,6.0,0.0,0.0
Bexar - 4194,778.0,335.0,396.0,0.0,0.0,47.0,0.0,0.0
Bexar - 4195,5.0,1.0,2.0,3.0,0.0,0.0,0.0,0.0
Bexar - 4196,0.0,0.0,0.0,0.0,0.0,0.0,0.0,0.0
Bexar - 4197,21.0,9.0,4.0,6.0,0.0,0.0,0.0,0.0
Bexar - 4198,2456.0,711.0,981.0,483.0,0.0,105.0,22.0,62.0
Bexar - 4199,2472.0,1256.0,508.0,674.0,0.0,19.0,0.0,0.0
Bexar - 4200,3060.0,2195.0,525.0,134.0,0.0,189.0,0.0,0.0
Bexar - 4201,62.0,9.0,62.0,0.0,0.0,0.0,0.0,0.0
Bexar - 4202,4.0,1.0,4.0,0.0,0.0,0.0,0.0,0.0
Bexar - 4203,312.0,130.0,155.0,11.0,0.0,7.0,0.0,0.0
Bexar - 4204,32.0,14.0,0.0,25.0,0.0,0.0,0.0,0.0
Bexar - 4205,205.0,124.0,77.0,3.0,0.0,2.0,0.0,0.0
Bexar - 4206,513.0,317.0,169.0,14.0,0.0,9.0,0.0,0.0
Bexar - 4207,0.0,0.0,0.0,0.0,0.0,0.0,0.0,0.0
Bexar - 4208,3.0,1.0,2.0,0.0,0.0,0.0,0.0,0.0
Bexar - 4209,34.0,17.0,12.0,13.0,0.0,0.0,0.0,0.0
Bexar - 4210,22.0,13.0,5.0,2.0,0.0,0.0,0.0,0.0
Bexar - 4211,47.0,15.0,23.0,0.0,0.0,5.0,0.0,0.0
Bexar - 4212,5.0,4.0,1.0,0.0,0.0,0.0,0.0,0.0
Bexar - 4213,3.0,0.0,3.0,0.0,0.0,0.0,0.0,0.0
Bexar - 4214,2871.0,2101.0,659.0,39.0,17.0,0.0,0.0,0.0
Bexar - 4215,230.0,162.0,68.0,0.0,0.0,0.0,0.0,0.0
Bexar - 4216,887.0,872.0,19.0,0.0,0.0,0.0,0.0,0.0
Bexar - 4217,153.0,74.0,40.0,28.0,0.0,0.0,0.0,0.0
Bexar - 4218,191.0,64.0,87.0,23.0,0.0,0.0,0.0,0.0
Bexar - 4219,0.0,0.0,0.0,0.0,0.0,0.0,0.0,0.0
Bexar - 4220,3.0,2.0,0.0,2.0,0.0,0.0,0.0,0.0
Bexar - 4221,0.0,0.0,0.0,0.0,0.0,0.0,0.0,0.0
Bexar - 4222,280.0,22.0,241.0,0.0,4.0,0.0,5.0,47.0
Bexar - 4223,48.0,6.0,40.0,4.0,0.0,0.0,0.0,0.0
Bexar - 4224,0.0,0.0,0.0,0.0,0.0,0.0,0.0,0.0
Bexar - 4225,485.0,134.0,290.0,29.0,0.0,4.0,0.0,0.0
Bexar - 4226,147.0,12.0,113.0,9.0,0.0,2.0,0.0,0.0
Bexar - 4227,0.0,0.0,0.0,0.0,0.0,0.0,0.0,0.0
Bexar - 4228,864.0,357.0,418.0,11.0,19.0,19.0,0.0,0.0
Bexar - 4229,4279.0,1532.0,859.0,1729.0,0.0,3.0,0.0,7.0
Bexar - 4230,2771.0,760.0,1009.0,760.0,0.0,18.0,62.0,62.0
Bowie - 0007,3953.0,190.0,2395.0,1185.0,10.0,99.0,0.0,0.0
Bowie - 0009,3543.0,167.0,1752.0,1481.0,26.0,40.0,0.0,22.0
Bowie - 0010,1857.0,41.0,1554.0,173.0,1.0,29.0,0.0,0.0
Bowie - 0011,1143.0,69.0,929.0,111.0,0.0,0.0,0.0,0.0
Bowie - 0012,2359.0,63.0,2152.0,135.0,0.0,2.0,0.0,0.0
Bowie - 0013,42.0,1.0,39.0,0.0,0.0,0.0,0.0,0.0
Bowie - 0014,886.0,1.0,778.0,54.0,0.0,0.0,0.0,0.0
Bowie - 0015,720.0,11.0,646.0,51.0,0.0,0.0,0.0,0.0
Bowie - 0016,1328.0,17.0,1154.0,93.0,0.0,50.0,0.0,0.0
Bowie - 0017,1846.0,55.0,1639.0,79.0,0.0,30.0,3.0,0.0
Bowie - 0018,5139.0,522.0,3310.0,1121.0,95.0,7.0,1.0,0.0
Bowie - 0019,634.0,0.0,571.0,22.0,0.0,17.0,0.0,0.0
Bowie - 001A,1609.0,91.0,315.0,1161.0,0.0,0.0,0.0,6.0
Bowie - 001B,1535.0,200.0,550.0,677.0,0.0,34.0,0.0,39.0
Bowie - 0020,340.0,17.0,212.0,91.0,0.0,8.0,0.0,0.0
Bowie - 0021,276.0,43.0,177.0,21.0,0.0,0.0,0.0,19.0
Bowie - 0022,147.0,27.0,82.0,55.0,0.0,0.0,0.0,0.0
Bowie - 0024,442.0,54.0,345.0,12.0,6.0,9.0,0.0,0.0
Bowie - 0025,1649.0,147.0,1265.0,149.0,19.0,17.0,0.0,6.0
Bowie - 0027,547.0,0.0,531.0,0.0,0.0,8.0,0.0,0.0
Bowie - 0028,624.0,14.0,595.0,1.0,23.0,2.0,0.0,0.0
Bowie - 0029,516.0,0.0,506.0,0.0,0.0,0.0,0.0,0.0
Bowie - 002A,1445.0,0.0,423.0,945.0,0.0,24.0,0.0,0.0
Bowie - 002B,441.0,0.0,183.0,246.0,0.0,0.0,0.0,0.0
Bowie - 002C,1644.0,151.0,241.0,1264.0,15.0,0.0,0.0,0.0
Bowie - 002D,99.0,0.0,56.0,54.0,0.0,0.0,0.0,0.0
Bowie - 0030,2544.0,83.0,1812.0,521.0,15.0,0.0,0.0,0.0
Bowie - 003A,1424.0,239.0,1126.0,161.0,0.0,0.0,0.0,4.0
Bowie - 003B,3124.0,352.0,1237.0,1309.0,0.0,0.0,0.0,12.0
Bowie - 004A,1346.0,141.0,421.0,751.0,5.0,0.0,0.0,0.0
Bowie - 004B,1572.0,60.0,1188.0,255.0,0.0,0.0,40.0,0.0
Bowie - 004C,1728.0,181.0,734.0,812.0,0.0,21.0,0.0,0.0
Bowie - 004D,84.0,5.0,44.0,18.0,0.0,0.0,0.0,0.0
Bowie - 005A,232.0,0.0,144.0,92.0,0.0,0.0,0.0,0.0
Bowie - 005B,4.0,2.0,1.0,1.0,0.0,0.0,0.0,0.0
Bowie - 005C,4827.0,137.0,3920.0,458.0,2.0,170.0,0.0,0.0
Bowie - 006A,3039.0,42.0,2098.0,842.0,9.0,9.0,0.0,0.0
Bowie - 006B,2033.0,45.0,1572.0,320.0,19.0,63.0,0.0,11.0
Bowie - 008A,1290.0,167.0,719.0,373.0,0.0,0.0,0.0,0.0
Bowie - 008B,3706.0,203.0,2869.0,503.0,0.0,2.0,0.0,11.0
Bowie - 008C,2263.0,188.0,1508.0,499.0,25.0,11.0,0.0,0.0
Bowie - 009A,236.0,9.0,209.0,9.0,0.0,0.0,0.0,0.0
Bowie - 011A,1521.0,25.0,1381.0,61.0,0.0,10.0,0.0,7.0
Bowie - 012A,39.0,0.0,41.0,0.0,0.0,0.0,0.0,0.0
Bowie - 014A,1614.0,37.0,1182.0,375.0,0.0,0.0,0.0,0.0
Bowie - 016A,74.0,0.0,70.0,0.0,0.0,0.0,0.0,0.0
Bowie - 018A,74.0,0.0,51.0,30.0,0.0,0.0,0.0,0.0
Bowie - 020A,316.0,72.0,94.0,166.0,0.0,0.0,0.0,0.0
Bowie - 022A,109.0,4.0,85.0,3.0,0.0,0.0,15.0,19.0
Brown - 0101,2930.0,478.0,2268.0,189.0,3.0,16.0,0.0,0.0
Brown - 0105,1614.0,235.0,1347.0,11.0,0.0,7.0,0.0,2.0
Brown - 0109,310.0,11.0,313.0,2.0,0.0,2.0,0.0,0.0
Brown - 0113,3171.0,713.0,2120.0,175.0,0.0,8.0,0.0,4.0
Brown - 0202,2168.0,525.0,1592.0,26.0,0.0,0.0,7.0,1.0
Brown - 0204,3030.0,880.0,1825.0,263.0,0.0,47.0,3.0,0.0
Brown - 0212,891.0,175.0,675.0,23.0,0.0,0.0,0.0,0.0
Brown - 0214,993.0,80.0,868.0,0.0,10.0,0.0,0.0,1.0
Brown - 0215,259.0,0.0,234.0,3.0,0.0,0.0,0.0,0.0
Brown - 0303,1518.0,322.0,1106.0,109.0,2.0,8.0,1.0,0.0
Brown - 0306,1957.0,298.0,1594.0,9.0,0.0,33.0,0.0,0.0
Brown - 0307,892.0,170.0,698.0,0.0,0.0,9.0,0.0,2.0
Brown - 0308,560.0,47.0,491.0,0.0,0.0,0.0,0.0,0.0
Brown - 0316,328.0,37.0,282.0,0.0,0.0,0.0,0.0,0.0
Brown - 0318,2188.0,366.0,1711.0,55.0,0.0,24.0,0.0,9.0
Brown - 0410,2888.0,551.0,2125.0,106.0,0.0,12.0,0.0,0.0
Brown - 0411,1616.0,466.0,1073.0,35.0,0.0,1.0,0.0,0.0
Brown - 0417,2414.0,246.0,2073.0,17.0,0.0,0.0,0.0,6.0
Coke - 0004A,620.0,145.0,459.0,0.0,1.0,1.0,0.0,0.0
Coke - 0004B,15.0,4.0,10.0,0.0,0.0,0.0,0.0,0.0
Comal - 0101,5138.0,1306.0,3731.0,58.0,19.0,39.0,0.0,7.0
Comal - 0102,4300.0,705.0,3445.0,46.0,0.0,28.0,0.0,0.0
Comal - 0103,5548.0,647.0,4473.0,50.0,0.0,153.0,0.0,15.0
Comal - 0104,2514.0,284.0,2069.0,49.0,6.0,33.0,0.0,0.0
Comal - 0105,4456.0,900.0,3321.0,109.0,23.0,41.0,0.0,7.0
Comal - 0106,3425.0,586.0,2587.0,78.0,0.0,75.0,0.0,0.0
Comal - 0107,3631.0,606.0,2825.0,88.0,0.0,66.0,0.0,38.0
Comal - 0108,2402.0,294.0,1992.0,64.0,0.0,4.0,0.0,0.0
Comal - 0110,2394.0,581.0,1684.0,17.0,0.0,53.0,0.0,0.0
Comal - 0201,6729.0,2195.0,4038.0,212.0,0.0,137.0,0.0,19.0
Comal - 0203,5143.0,764.0,4268.0,83.0,0.0,47.0,0.0,0.0
Comal - 0204,4617.0,1009.0,3405.0,56.0,0.0,104.0,0.0,0.0
Comal - 0205,4746.0,1150.0,2754.0,660.0,0.0,57.0,0.0,0.0
Comal - 0206,4098.0,1473.0,2188.0,216.0,11.0,137.0,0.0,18.0
Comal - 0207,2481.0,375.0,2012.0,13.0,0.0,40.0,15.0,0.0
Comal - 0302,3395.0,845.0,2350.0,70.0,0.0,19.0,0.0,0.0
Comal - 0303,932.0,416.0,530.0,0.0,0.0,0.0,0.0,5.0
Comal - 0304,4510.0,1654.0,2647.0,32.0,9.0,102.0,0.0,0.0
Comal - 0305,5592.0,1889.0,3150.0,53.0,0.0,60.0,0.0,330.0
Comal - 0306,5914.0,1786.0,3790.0,91.0,0.0,115.0,0.0,15.0
Comal - 0307,2412.0,964.0,1370.0,77.0,0.0,0.0,0.0,0.0
Comal - 0308,3487.0,895.0,2450.0,71.0,0.0,0.0,0.0,6.0
Comal - 0401,4512.0,1196.0,3023.0,177.0,0.0,0.0,0.0,31.0
Comal - 0402,4631.0,872.0,3642.0,63.0,0.0,21.0,0.0,0.0
Comal - 0403,4364.0,891.0,3206.0,206.0,0.0,20.0,0.0,0.0
Comal - 0404,4030.0,723.0,3055.0,45.0,8.0,100.0,0.0,28.0
Comal - 0406,5726.0,1406.0,4074.0,58.0,0.0,57.0,0.0,5.0
Comal - 0407,3897.0,704.0,3004.0,17.0,33.0,2.0,0.0,0.0
Comal - 0408,3235.0,346.0,2721.0,16.0,0.0,49.0,0.0,0.0
Cooke - 0001,444.0,57.0,368.0,0.0,3.0,0.0,0.0,0.0
Cooke - 0002,3700.0,942.0,2264.0,322.0,16.0,147.0,0.0,13.0
Cooke - 0003,603.0,35.0,537.0,0.0,0.0,0.0,0.0,0.0
Cooke - 0004,399.0,48.0,347.0,3.0,0.0,0.0,0.0,0.0
Cooke - 0006,2800.0,445.0,2301.0,0.0,0.0,9.0,0.0,0.0
Cooke - 0007,1441.0,90.0,1245.0,21.0,33.0,0.0,0.0,0.0
Cooke - 0008,1066.0,46.0,912.0,22.0,1.0,29.0,0.0,15.0
Cooke - 0010,1685.0,73.0,1556.0,0.0,1.0,59.0,0.0,0.0
Cooke - 0011,2852.0,486.0,2279.0,17.0,3.0,5.0,0.0,0.0
Cooke - 0012,1430.0,77.0,1273.0,6.0,0.0,0.0,0.0,0.0
Cooke - 0017,481.0,11.0,461.0,0.0,0.0,0.0,0.0,0.0
Cooke - 0018,1687.0,100.0,1520.0,0.0,0.0,1.0,0.0,0.0
Cooke - 001C,4777.0,551.0,3795.0,337.0,17.0,5.0,0.0,0.0
Cooke - 0021,1463.0,41.0,1365.0,0.0,0.0,5.0,0.0,0.0
Cooke - 0022,2248.0,17.0,2222.0,0.0,0.0,0.0,0.0,32.0
Cooke - 0033,531.0,27.0,496.0,1.0,0.0,9.0,0.0,0.0
Cooke - 004C,3385.0,839.0,2114.0,255.0,20.0,0.0,0.0,2.0
Crane - 0001,650.0,254.0,376.0,0.0,5.0,2.0,0.0,0.0
Crane - 0002,605.0,405.0,154.0,50.0,0.0,4.0,0.0,0.0
Crane - 0003,612.0,335.0,210.0,32.0,0.0,28.0,4.0,0.0
Crane - 0004,584.0,346.0,198.0,7.0,1.0,17.0,1.0,0.0
Delta - 0001,694.0,10.0,619.0,21.0,0.0,0.0,0.0,0.0
Delta - 0003,560.0,33.0,396.0,114.0,3.0,3.0,0.0,0.0
Delta - 0004,831.0,58.0,683.0,54.0,9.0,0.0,0.0,0.0
Delta - 0005,1036.0,102.0,788.0,115.0,0.0,5.0,0.0,3.0
Delta - 0007,251.0,30.0,219.0,0.0,0.0,1.0,0.0,0.0
Delta - 0009,267.0,24.0,241.0,0.0,0.0,1.0,0.0,0.0
Delta - 0010,431.0,21.0,379.0,17.0,0.0,0.0,0.0,1.0
Duval - 0001,1720.0,1437.0,145.0,0.0,0.0,111.0,0.0,17.0
Duval - 0002,1258.0,1003.0,253.0,0.0,0.0,0.0,0.0,0.0
Duval - 0003,166.0,144.0,17.0,0.0,0.0,0.0,0.0,0.0
Duval - 0004,66.0,46.0,24.0,0.0,0.0,0.0,0.0,0.0
Duval - 0005,524.0,453.0,94.0,0.0,0.0,0.0,0.0,8.0
Duval - 0006,78.0,68.0,10.0,0.0,0.0,0.0,0.0,0.0
Duval - 0007,188.0,133.0,59.0,0.0,0.0,0.0,0.0,0.0
Duval - 0008,1718.0,1341.0,369.0,0.0,0.0,0.0,0.0,0.0
Duval - 0009,1497.0,1087.0,284.0,63.0,0.0,0.0,0.0,3.0
Ector - 0101,4255.0,1847.0,2325.0,5.0,0.0,49.0,0.0,0.0
Ector - 0102,3781.0,2738.0,925.0,5.0,0.0,0.0,0.0,61.0
Ector - 0103,2107.0,766.0,1336.0,0.0,0.0,0.0,0.0,0.0
Ector - 0104,4066.0,2135.0,1561.0,230.0,0.0,0.0,4.0,0.0
Ector - 0108,2720.0,1121.0,1588.0,0.0,0.0,0.0,0.0,0.0
Ector - 0109,309.0,80.0,257.0,0.0,0.0,0.0,0.0,0.0
Ector - 0110,4099.0,2299.0,1191.0,330.0,0.0,99.0,0.0,0.0
Ector - 0111,3220.0,1969.0,887.0,311.0,0.0,72.0,0.0,0.0
Ector - 0201,4681.0,1537.0,2888.0,58.0,0.0,89.0,57.0,55.0
Ector - 0202,2649.0,1088.0,1393.0,61.0,0.0,0.0,0.0,0.0
Ector - 0203,5011.0,1514.0,3100.0,75.0,6.0,75.0,0.0,9.0
Ector - 0204,3179.0,1450.0,1575.0,20.0,16.0,23.0,0.0,0.0
Ector - 0205,2367.0,1104.0,979.0,231.0,0.0,11.0,0.0,0.0
Ector - 0206,2431.0,545.0,1328.0,501.0,0.0,30.0,0.0,0.0
Ector - 0207,1684.0,596.0,1030.0,6.0,0.0,0.0,64.0,0.0
Ector - 0208,4571.0,2194.0,2068.0,104.0,53.0,155.0,5.0,0.0
Ector - 0209,1987.0,807.0,763.0,427.0,0.0,0.0,0.0,0.0
Ector - 0301,3123.0,2101.0,900.0,9.0,21.0,7.0,0.0,0.0
Ector - 0302,1184.0,774.0,385.0,0.0,0.0,0.0,4.0,0.0
Ector - 0303,2041.0,1197.0,683.0,65.0,13.0,23.0,0.0,0.0
Ector - 0304,857.0,662.0,149.0,4.0,0.0,20.0,0.0,0.0
Ector - 0305,882.0,689.0,144.0,0.0,0.0,35.0,0.0,0.0
Ector - 0306,1773.0,1263.0,421.0,101.0,0.0,0.0,0.0,0.0
Ector - 0307,2847.0,1820.0,686.0,241.0,0.0,16.0,67.0,0.0
Ector - 0308,913.0,476.0,369.0,19.0,12.0,27.0,0.0,0.0
Ector - 0309,1118.0,631.0,485.0,0.0,0.0,0.0,0.0,0.0
Ector - 0310,1912.0,1265.0,557.0,50.0,0.0,58.0,0.0,0.0
Ector - 0311,1408.0,901.0,365.0,96.0,0.0,34.0,0.0,0.0
Ector - 0312,1733.0,929.0,618.0,161.0,0.0,0.0,0.0,0.0
Ector - 0313,2265.0,1121.0,964.0,42.0,10.0,0.0,0.0,0.0
Ector - 0314,1338.0,513.0,702.0,33.0,0.0,0.0,0.0,0.0
Ector - 0401,1185.0,742.0,297.0,142.0,0.0,18.0,0.0,0.0
Ector - 0402,3429.0,2234.0,508.0,480.0,54.0,20.0,0.0,3.0
Ector - 0403,3511.0,2949.0,46.0,464.0,10.0,0.0,0.0,0.0
Ector - 0404,2568.0,1823.0,717.0,0.0,0.0,0.0,0.0,0.0
Ector - 0405,1474.0,1338.0,140.0,30.0,0.0,0.0,0.0,0.0
Ector - 0406,3173.0,2478.0,501.0,184.0,0.0,0.0,0.0,0.0
Ector - 0407,3398.0,2216.0,1120.0,0.0,0.0,0.0,0.0,0.0
Ector - 0408,815.0,666.0,151.0,13.0,0.0,19.0,0.0,0.0
Ector - 0409,1900.0,1465.0,355.0,9.0,0.0,0.0,0.0,8.0
Ector - 0412,1282.0,828.0,281.0,135.0,0.0,39.0,0.0,0.0
Ellis - 1001,3333.0,837.0,526.0,1996.0,20.0,0.0,2.0,54.0
Ellis - 1002,143.0,15.0,110.0,0.0,0.0,0.0,0.0,0.0
Ellis - 1003,2578.0,754.0,1186.0,526.0,11.0,0.0,10.0,0.0
Ellis - 1004,0.0,0.0,0.0,0.0,0.0,0.0,0.0,0.0
Ellis - 1005,4490.0,212.0,3246.0,932.0,10.0,16.0,0.0,0.0
Ellis - 1006,3923.0,572.0,2510.0,753.0,0.0,64.0,1.0,0.0
Ellis - 1007,2048.0,305.0,1432.0,198.0,0.0,0.0,91.0,0.0
Ellis - 1008,200.0,56.0,97.0,8.0,0.0,3.0,0.0,0.0
Ellis - 1009,3713.0,779.0,3032.0,35.0,0.0,22.0,0.0,0.0
Ellis - 1010,1958.0,313.0,1446.0,56.0,0.0,90.0,0.0,0.0
Ellis - 1011,3120.0,711.0,1890.0,445.0,0.0,0.0,0.0,0.0
Ellis - 1012,4202.0,1342.0,1801.0,729.0,0.0,12.0,0.0,0.0
Ellis - 1013,1998.0,876.0,930.0,81.0,24.0,12.0,0.0,0.0
Ellis - 1014,1961.0,274.0,1627.0,0.0,10.0,85.0,0.0,0.0
Ellis - 1015,4297.0,1191.0,2659.0,351.0,5.0,9.0,0.0,0.0
Ellis - 1016,2388.0,925.0,905.0,576.0,10.0,0.0,0.0,0.0
Ellis - 1017,3328.0,745.0,2325.0,236.0,0.0,0.0,0.0,0.0
Ellis - 1018,3823.0,2134.0,1078.0,537.0,0.0,0.0,0.0,20.0
Ellis - 1019,3422.0,647.0,2666.0,86.0,0.0,0.0,4.0,12.0
Ellis - 1020,2577.0,617.0,1768.0,140.0,11.0,39.0,0.0,0.0
Ellis - 1021,1795.0,418.0,1145.0,72.0,0.0,23.0,0.0,0.0
Ellis - 1022,4017.0,1184.0,2229.0,385.0,3.0,34.0,0.0,0.0
Ellis - 1023,0.0,0.0,0.0,0.0,0.0,0.0,0.0,0.0
Ellis - 1024,2370.0,578.0,1502.0,193.0,0.0,13.0,7.0,0.0
Ellis - 1025,3318.0,472.0,2211.0,551.0,0.0,36.0,0.0,0.0
Ellis - 1026,3164.0,730.0,2088.0,225.0,9.0,29.0,0.0,23.0
Ellis - 1027,3420.0,689.0,2216.0,394.0,0.0,44.0,0.0,1.0
Ellis - 1028,2615.0,791.0,1692.0,42.0,2.0,0.0,0.0,0.0
Ellis - 1029,826.0,422.0,430.0,26.0,0.0,27.0,0.0,0.0
Ellis - 1030,2249.0,350.0,1594.0,318.0,0.0,2.0,0.0,0.0
Ellis - 1031,913.0,110.0,588.0,185.0,0.0,6.0,0.0,0.0
Ellis - 1032,3702.0,782.0,2680.0,15.0,3.0,0.0,2.0,43.0
Ellis - 1033,2351.0,486.0,1088.0,914.0,2.0,6.0,0.0,0.0
Ellis - 1034,3567.0,558.0,2703.0,61.0,0.0,87.0,0.0,0.0
Ellis - 1035,3082.0,1006.0,1567.0,308.0,0.0,4.0,0.0,0.0
Ellis - 1036,3601.0,599.0,2331.0,559.0,0.0,21.0,0.0,14.0
Ellis - 1037,1724.0,221.0,1260.0,184.0,0.0,3.0,0.0,13.0
Ellis - 1038,4592.0,466.0,3330.0,489.0,8.0,15.0,0.0,0.0
Ellis - 1039,4974.0,551.0,3664.0,588.0,22.0,39.0,0.0,17.0
Ellis - 1040,293.0,23.0,261.0,8.0,0.0,0.0,0.0,0.0
Ellis - 1041,2954.0,252.0,2307.0,187.0,3.0,15.0,0.0,2.0
Ellis - 1042,526.0,117.0,285.0,151.0,0.0,0.0,0.0,0.0
Ellis - 1043,4170.0,742.0,2895.0,473.0,0.0,32.0,0.0,1.0
Ellis - 1044,591.0,99.0,379.0,80.0,0.0,0.0,34.0,0.0
Ellis - 1045,137.0,9.0,134.0,0.0,0.0,0.0,0.0,0.0
Ellis - 1046,270.0,20.0,258.0,0.0,0.0,0.0,0.0,0.0
Ellis - 1047,375.0,111.0,251.0,0.0,0.0,3.0,0.0,0.0
Ellis - 1048,2264.0,509.0,1533.0,176.0,0.0,0.0,0.0,0.0
Ellis - 1049,631.0,144.0,432.0,31.0,0.0,14.0,0.0,0.0
Ellis - 1050,3668.0,393.0,1375.0,1757.0,0.0,14.0,0.0,0.0
Ellis - 1051,4507.0,1268.0,1830.0,1356.0,0.0,55.0,0.0,0.0
Ellis - 1052,3371.0,653.0,985.0,1664.0,0.0,79.0,0.0,2.0
Ellis - 1053,2325.0,476.0,1346.0,403.0,0.0,43.0,0.0,3.0
Ellis - 1054,3430.0,842.0,617.0,1784.0,0.0,78.0,0.0,10.0
Ellis - 1055,3145.0,449.0,2383.0,362.0,0.0,56.0,0.0,13.0
Ellis - 1056,2899.0,336.0,2194.0,327.0,0.0,7.0,0.0,0.0
Ellis - 1057,3105.0,407.0,2006.0,702.0,0.0,70.0,0.0,0.0
Ellis - 1058,1725.0,613.0,945.0,150.0,4.0,0.0,0.0,0.0
Ellis - 1059,962.0,314.0,634.0,3.0,0.0,0.0,2.0,0.0
Erath - 0010,2298.0,267.0,1874.0,77.0,7.0,16.0,0.0,0.0
Erath - 0011,809.0,160.0,599.0,28.0,5.0,0.0,0.0,0.0
Erath - 0012,1349.0,186.0,1197.0,48.0,0.0,2.0,0.0,9.0
Erath - 0018,1977.0,206.0,1669.0,6.0,3.0,40.0,0.0,5.0
Erath - 0019,1848.0,421.0,1391.0,22.0,0.0,6.0,0.0,22.0
Erath - 0020,1172.0,407.0,713.0,0.0,5.0,6.0,0.0,0.0
Erath - 0021,1720.0,480.0,1156.0,10.0,0.0,6.0,0.0,0.0
Erath - 0023,766.0,155.0,554.0,0.0,0.0,0.0,0.0,0.0
Erath - 0024,2225.0,129.0,1926.0,64.0,0.0,43.0,0.0,3.0
Erath - 0025,846.0,133.0,678.0,6.0,0.0,0.0,0.0,3.0
Erath - 0030,870.0,46.0,810.0,0.0,1.0,0.0,0.0,0.0
Erath - 0031,1619.0,242.0,1329.0,0.0,0.0,0.0,0.0,0.0
Erath - 0032,2647.0,568.0,1992.0,31.0,19.0,0.0,0.0,0.0
Erath - 0033,1626.0,368.0,1189.0,18.0,4.0,23.0,0.0,0.0
Erath - 0034,1539.0,90.0,1437.0,0.0,5.0,0.0,0.0,0.0
Erath - 0035,349.0,79.0,219.0,36.0,0.0,0.0,0.0,0.0
Erath - 0041,808.0,31.0,771.0,0.0,2.0,4.0,0.0,0.0
Erath - 0044,2530.0,209.0,2288.0,0.0,5.0,17.0,0.0,11.0
Erath - 0045,4400.0,924.0,3095.0,251.0,11.0,20.0,0.0,27.0
Erath - 0046,1220.0,187.0,977.0,6.0,28.0,6.0,0.0,0.0
Erath - 0047,463.0,33.0,413.0,5.0,0.0,10.0,0.0,0.0
Falls - 0101,1011.0,219.0,403.0,351.0,0.0,44.0,0.0,3.0
Falls - 0102,660.0,32.0,484.0,113.0,0.0,12.0,0.0,0.0
Falls - 0103,955.0,35.0,845.0,11.0,0.0,0.0,0.0,0.0
Falls - 0201,840.0,62.0,636.0,45.0,0.0,0.0,0.0,0.0
Falls - 0202,1585.0,346.0,342.0,939.0,0.0,7.0,0.0,0.0
Falls - 0203,2076.0,538.0,694.0,756.0,0.0,0.0,0.0,9.0
Falls - 0301,984.0,172.0,679.0,59.0,0.0,0.0,0.0,7.0
Falls - 0302,1496.0,435.0,886.0,162.0,0.0,0.0,0.0,0.0
Falls - 0303,473.0,22.0,456.0,16.0,0.0,0.0,0.0,0.0
Falls - 0401,739.0,63.0,655.0,2.0,0.0,0.0,0.0,12.0
Falls - 0402,1099.0,249.0,677.0,82.0,0.0,12.0,0.0,0.0
Falls - 0403,991.0,341.0,522.0,163.0,0.0,14.0,0.0,0.0
Floyd - 0001,858.0,201.0,619.0,19.0,0.0,0.0,0.0,0.0
Floyd - 0002,1076.0,439.0,620.0,0.0,5.0,0.0,0.0,0.0
Floyd - 0003,967.0,642.0,226.0,33.0,1.0,0.0,0.0,0.0
Floyd - 0004,578.0,421.0,126.0,25.0,0.0,0.0,0.0,0.0
Foard - 0101,210.0,28.0,172.0,0.0,0.0,1.0,0.0,0.0
Foard - 0201,205.0,20.0,173.0,0.0,0.0,1.0,0.0,0.0
Foard - 0301,211.0,25.0,177.0,0.0,0.0,1.0,0.0,0.0
Foard - 0401,211.0,18.0,184.0,0.0,0.0,1.0,0.0,0.0
Garza - 0001,744.0,211.0,537.0,2.0,0.0,0.0,0.0,0.0
Garza - 0002,704.0,314.0,372.0,11.0,0.0,0.0,0.0,0.0
Garza - 0003,1651.0,594.0,496.0,437.0,10.0,3.0,0.0,7.0
Garza - 0004,559.0,475.0,81.0,9.0,0.0,1.0,0.0,0.0
Garza - 0005,72.0,7.0,57.0,0.0,0.0,0.0,0.0,0.0
Garza - 0006,82.0,9.0,72.0,2.0,0.0,0.0,0.0,0.0
Gregg - 0001,2734.0,304.0,1872.0,514.0,4.0,15.0,0.0,2.0
Gregg - 0002,4798.0,248.0,3672.0,679.0,0.0,29.0,0.0,7.0
Gregg - 0003,2888.0,182.0,1793.0,818.0,0.0,43.0,0.0,2.0
Gregg - 0004,3858.0,258.0,3407.0,107.0,0.0,106.0,0.0,0.0
Gregg - 0005,5184.0,352.0,4028.0,438.0,12.0,57.0,0.0,0.0
Gregg - 0006,2593.0,183.0,2048.0,242.0,7.0,32.0,0.0,0.0
Gregg - 0007,3831.0,296.0,2968.0,461.0,0.0,16.0,0.0,11.0
Gregg - 0008,6320.0,232.0,4703.0,978.0,29.0,94.0,0.0,0.0
Gregg - 0009,4193.0,272.0,3217.0,729.0,0.0,19.0,0.0,0.0
Gregg - 0010,7430.0,1585.0,3782.0,1566.0,0.0,4.0,1.0,72.0
Gregg - 0011,4333.0,515.0,3273.0,364.0,1.0,19.0,0.0,0.0
Gregg - 0012,4847.0,617.0,3610.0,249.0,32.0,0.0,0.0,38.0
Gregg - 0013,3545.0,212.0,2660.0,444.0,0.0,0.0,0.0,0.0
Gregg - 0014,4797.0,204.0,3843.0,456.0,61.0,29.0,0.0,7.0
Gregg - 0015,2503.0,326.0,1254.0,709.0,31.0,10.0,0.0,0.0
Gregg - 0016,4821.0,614.0,3301.0,556.0,37.0,29.0,17.0,37.0
Gregg - 0017,1158.0,258.0,550.0,208.0,0.0,0.0,1.0,0.0
Gregg - 0018,3557.0,348.0,1714.0,1335.0,28.0,0.0,0.0,6.0
Gregg - 0019,4120.0,757.0,972.0,2161.0,20.0,73.0,0.0,0.0
Gregg - 0020,3450.0,958.0,810.0,1440.0,13.0,49.0,19.0,2.0
Gregg - 0021,5672.0,1353.0,2237.0,1568.0,43.0,63.0,4.0,43.0
Irion - 0100,246.0,91.0,147.0,0.0,0.0,0.0,0.0,0.0
Irion - 0200,273.0,56.0,202.0,0.0,1.0,0.0,0.0,0.0
Irion - 0300,255.0,76.0,175.0,0.0,33.0,0.0,0.0,0.0
Irion - 0400,271.0,36.0,207.0,0.0,4.0,0.0,0.0,0.0
Jones - 0001,2859.0,1017.0,1796.0,84.0,0.0,0.0,0.0,0.0
Jones - 0002,2773.0,676.0,1755.0,120.0,0.0,16.0,0.0,0.0
Jones - 0003,8064.0,2109.0,3768.0,1789.0,39.0,34.0,0.0,57.0
Jones - 0004,2635.0,414.0,2147.0,3.0,0.0,9.0,0.0,0.0
Lamar - 001C,234.0,6.0,250.0,5.0,0.0,0.0,0.0,0.0
Lamar - 001E,722.0,85.0,567.0,3.0,0.0,0.0,0.0,7.0
Lamar - 001F,1745.0,286.0,1442.0,26.0,0.0,6.0,0.0,0.0
Lamar - 001H,559.0,16.0,540.0,6.0,0.0,0.0,0.0,0.0
Lamar - 001I,410.0,50.0,307.0,0.0,0.0,4.0,0.0,0.0
Lamar - 002D,627.0,12.0,521.0,69.0,9.0,0.0,0.0,0.0
Lamar - 002E,677.0,21.0,648.0,12.0,0.0,0.0,0.0,0.0
Lamar - 002F,284.0,22.0,248.0,2.0,0.0,0.0,0.0,0.0
Lamar - 002G,839.0,68.0,703.0,68.0,0.0,0.0,0.0,0.0
Lamar - 003D,1087.0,46.0,995.0,17.0,1.0,0.0,0.0,0.0
Lamar - 003E,1111.0,31.0,987.0,95.0,6.0,0.0,0.0,0.0
Lamar - 003F,811.0,66.0,623.0,33.0,0.0,0.0,0.0,0.0
Lamar - 003G,468.0,2.0,465.0,2.0,0.0,0.0,0.0,0.0
Lamar - 003I,1526.0,104.0,1346.0,38.0,36.0,0.0,0.0,0.0
Lamar - 004B,1981.0,32.0,1789.0,93.0,20.0,0.0,0.0,0.0
Lamar - 004D,1384.0,84.0,1210.0,37.0,6.0,0.0,0.0,3.0
Lamar - 004E,1302.0,27.0,1215.0,1.0,1.0,15.0,0.0,0.0
Lamar - 004F,2023.0,38.0,1731.0,52.0,59.0,82.0,0.0,5.0
Lamar - 1A3B,4207.0,165.0,3197.0,680.0,33.0,44.0,0.0,26.0
Lamar - 1A5A,1038.0,55.0,655.0,188.0,7.0,0.0,0.0,0.0
Lamar - 2A1A,1632.0,188.0,491.0,943.0,0.0,0.0,0.0,0.0
Lamar - 2C3A,5908.0,817.0,3029.0,1682.0,0.0,71.0,89.0,50.0
Lamar - 3C7G,2577.0,40.0,1937.0,419.0,19.0,4.0,0.0,0.0
Lamar - 3H3C,1679.0,121.0,1418.0,173.0,0.0,0.0,0.0,1.0
Lamar - 4A6E,1707.0,26.0,1386.0,37.0,14.0,80.0,0.0,0.0
Llano - 0101,248.0,0.0,219.0,0.0,1.0,4.0,0.0,0.0
Llano - 0102,721.0,59.0,655.0,0.0,0.0,3.0,0.0,0.0
Llano - 0108,1119.0,28.0,1073.0,14.0,0.0,0.0,4.0,0.0
Llano - 0109,3330.0,98.0,3186.0,0.0,0.0,0.0,0.0,0.0
Llano - 0203,3088.0,396.0,2578.0,0.0,23.0,28.0,0.0,0.0
Llano - 0204,950.0,40.0,869.0,19.0,0.0,8.0,0.0,0.0
Llano - 0205,517.0,19.0,459.0,0.0,0.0,15.0,0.0,0.0
Llano - 0307,3926.0,572.0,3223.0,15.0,23.0,21.0,0.0,0.0
Llano - 0410,4373.0,221.0,3972.0,13.0,7.0,24.0,0.0,5.0
Mason - 0101,958.0,142.0,799.0,0.0,0.0,0.0,0.0,0.0
Mason - 0210,505.0,171.0,328.0,0.0,0.0,0.0,0.0,0.0
Mason - 0302,943.0,89.0,851.0,0.0,0.0,12.0,0.0,0.0
Mason - 0405,649.0,62.0,579.0,0.0,0.0,0.0,0.0,0.0
Milam - 0101,2889.0,840.0,1802.0,249.0,0.0,5.0,0.0,0.0
Milam - 0105,1470.0,262.0,1189.0,10.0,0.0,0.0,0.0,0.0
Milam - 0203,518.0,55.0,450.0,4.0,0.0,0.0,0.0,0.0
Milam - 0207,927.0,128.0,760.0,2.0,0.0,0.0,0.0,0.0
Milam - 0210,579.0,37.0,430.0,145.0,0.0,0.0,0.0,0.0
Milam - 0212,2563.0,900.0,1136.0,427.0,0.0,0.0,0.0,0.0
Milam - 0316,921.0,69.0,698.0,110.0,0.0,0.0,0.0,0.0
Milam - 0317,1469.0,78.0,1150.0,207.0,0.0,0.0,4.0,0.0
Milam - 0318,3132.0,399.0,2454.0,223.0,1.0,6.0,0.0,0.0
Milam - 0419,2262.0,546.0,1538.0,96.0,4.0,0.0,0.0,0.0
Milam - 0420,2261.0,489.0,1568.0,114.0,7.0,0.0,0.0,28.0
Mills - 0001,801.0,174.0,614.0,3.0,0.0,0.0,0.0,0.0
Mills - 0002,116.0,4.0,113.0,0.0,0.0,0.0,0.0,0.0
Mills - 0004,799.0,123.0,650.0,0.0,0.0,7.0,0.0,0.0
Mills - 0006,248.0,6.0,226.0,0.0,0.0,0.0,0.0,0.0
Mills - 0008,657.0,57.0,582.0,9.0,0.0,0.0,0.0,0.0
Mills - 0009,639.0,120.0,493.0,1.0,0.0,0.0,0.0,0.0
Mills - 0011,197.0,10.0,171.0,0.0,0.0,0.0,0.0,0.0
Moore - 0101,2473.0,1495.0,872.0,88.0,0.0,0.0,0.0,0.0
Moore - 0201,1369.0,521.0,853.0,27.0,2.0,0.0,0.0,0.0
Moore - 0202,1982.0,572.0,1314.0,1.0,0.0,0.0,0.0,0.0
Moore - 0203,71.0,8.0,62.0,0.0,0.0,0.0,0.0,0.0
Moore - 0301,2772.0,1420.0,781.0,50.0,7.0,5.0,0.0,0.0
Moore - 0401,1325.0,461.0,859.0,0.0,5.0,12.0,0.0,0.0
Moore - 0402,575.0,441.0,27.0,72.0,16.0,0.0,0.0,0.0
Nolan - 0001,1474.0,414.0,942.0,65.0,60.0,11.0,0.0,17.0
Nolan - 0002,878.0,206.0,637.0,1.0,0.0,0.0,0.0,6.0
Nolan - 0003,2509.0,898.0,1447.0,103.0,35.0,0.0,0.0,0.0
Nolan - 0004,2119.0,1013.0,895.0,90.0,3.0,0.0,0.0,6.0
Nolan - 0005,98.0,3.0,88.0,0.0,0.0,0.0,0.0,0.0
Nolan - 0006,1285.0,480.0,732.0,27.0,4.0,4.0,0.0,0.0
Nolan - 0007,227.0,29.0,190.0,0.0,0.0,0.0,0.0,0.0
Nolan - 0008,129.0,9.0,123.0,0.0,0.0,0.0,0.0,0.0
Nolan - 0009,1820.0,518.0,1225.0,17.0,0.0,0.0,0.0,22.0
Pecos - 0001,3696.0,2300.0,907.0,308.0,16.0,120.0,8.0,0.0
Pecos - 0002,2145.0,1528.0,492.0,82.0,0.0,93.0,0.0,0.0
Pecos - 0003,94.0,34.0,47.0,19.0,0.0,0.0,0.0,0.0
Pecos - 0004,504.0,193.0,302.0,0.0,0.0,0.0,0.0,0.0
Pecos - 0005,59.0,26.0,25.0,0.0,0.0,41.0,0.0,0.0
Pecos - 0006,168.0,110.0,46.0,0.0,0.0,0.0,0.0,0.0
Pecos - 0007,1910.0,1352.0,485.0,0.0,0.0,42.0,0.0,0.0
Pecos - 0009,172.0,71.0,93.0,0.0,0.0,0.0,0.0,0.0
Pecos - 0010,1619.0,1132.0,329.0,94.0,0.0,0.0,0.0,0.0
Rains - 0101,1809.0,53.0,1651.0,28.0,10.0,0.0,0.0,0.0
Rains - 0102,799.0,47.0,707.0,10.0,0.0,8.0,0.0,0.0
Rains - 0203,1385.0,42.0,1278.0,6.0,13.0,0.0,0.0,0.0
Rains - 0204,889.0,23.0,819.0,23.0,8.0,17.0,0.0,0.0
Rains - 0305,1183.0,250.0,811.0,24.0,0.0,6.0,0.0,0.0
Rains - 0306,1660.0,228.0,1285.0,141.0,2.0,3.0,0.0,0.0
Rains - 0407,1204.0,39.0,1113.0,16.0,20.0,6.0,0.0,0.0
Rains - 0408,1153.0,79.0,1031.0,23.0,0.0,3.0,0.0,0.0
Rusk - 0314A,848.0,122.0,627.0,28.0,0.0,0.0,0.0,0.0
Rusk - 0314B,110.0,45.0,35.0,5.0,0.0,0.0,0.0,0.0
Smith - 0001,881.0,737.0,164.0,86.0,0.0,0.0,0.0,0.0
Smith - 0002,1035.0,729.0,62.0,237.0,0.0,13.0,0.0,0.0
Smith - 0003,2741.0,185.0,2347.0,167.0,0.0,16.0,0.0,0.0
Smith - 0004,3699.0,2150.0,1135.0,452.0,0.0,14.0,0.0,0.0
Smith - 0005,2382.0,69.0,2107.0,21.0,0.0,160.0,10.0,0.0
Smith - 0006,834.0,104.0,662.0,53.0,0.0,23.0,0.0,0.0
Smith - 0007,3572.0,572.0,2233.0,656.0,0.0,10.0,0.0,2.0
Smith - 0008,1506.0,64.0,1207.0,122.0,0.0,31.0,0.0,2.0
Smith - 0009,196.0,103.0,55.0,15.0,0.0,0.0,0.0,0.0
Smith - 0010,3027.0,509.0,1445.0,953.0,0.0,0.0,0.0,6.0
Smith - 0011,2397.0,847.0,251.0,1157.0,1.0,3.0,0.0,15.0
Smith - 0012,2001.0,636.0,204.0,1324.0,4.0,0.0,0.0,3.0
Smith - 0013,1824.0,219.0,20.0,1528.0,0.0,3.0,0.0,0.0
Smith - 0014,1684.0,290.0,817.0,447.0,0.0,35.0,0.0,0.0
Smith - 0015,3244.0,187.0,2976.0,29.0,14.0,1.0,0.0,0.0
Smith - 0016,1516.0,646.0,216.0,638.0,0.0,0.0,0.0,0.0
Smith - 0017,1435.0,19.0,1305.0,39.0,14.0,0.0,0.0,0.0
Smith - 0018,2185.0,223.0,208.0,1588.0,0.0,2.0,0.0,0.0
Smith - 0019,4741.0,135.0,4127.0,381.0,8.0,17.0,0.0,24.0
Smith - 0020,934.0,490.0,169.0,197.0,0.0,0.0,0.0,0.0
Smith - 0021,1611.0,81.0,1381.0,58.0,0.0,109.0,0.0,0.0
Smith - 0022,1249.0,156.0,780.0,291.0,0.0,0.0,0.0,0.0
Smith - 0023,2449.0,155.0,1808.0,444.0,0.0,0.0,0.0,0.0
Smith - 0024,2463.0,458.0,1945.0,118.0,1.0,21.0,0.0,0.0
Smith - 0025,2636.0,150.0,1934.0,488.0,0.0,20.0,0.0,0.0
Smith - 0026,2795.0,69.0,2329.0,269.0,0.0,0.0,0.0,1.0
Smith - 0027,3104.0,409.0,2108.0,404.0,10.0,84.0,0.0,0.0
Smith - 0028,4573.0,403.0,3624.0,364.0,10.0,16.0,0.0,0.0
Smith - 0029,2283.0,184.0,1607.0,445.0,9.0,12.0,0.0,24.0
Smith - 0030,4392.0,106.0,3863.0,296.0,65.0,0.0,0.0,0.0
Smith - 0031,4462.0,503.0,3729.0,160.0,3.0,9.0,0.0,0.0
Smith - 0032,1175.0,102.0,729.0,212.0,0.0,97.0,0.0,0.0
Smith - 0033,1241.0,66.0,901.0,262.0,0.0,13.0,1.0,0.0
Smith - 0034,1586.0,374.0,392.0,788.0,4.0,0.0,0.0,0.0
Smith - 0035,3289.0,219.0,1366.0,1691.0,0.0,139.0,0.0,0.0
Smith - 0036,4239.0,900.0,1373.0,1824.0,3.0,12.0,0.0,34.0
Smith - 0037,2028.0,101.0,1612.0,260.0,0.0,49.0,0.0,0.0
Smith - 0038,2854.0,209.0,2108.0,500.0,4.0,6.0,0.0,0.0
Smith - 0039,328.0,92.0,50.0,221.0,0.0,2.0,0.0,0.0
Smith - 0040,4437.0,347.0,3718.0,277.0,0.0,34.0,0.0,0.0
Smith - 0041,2718.0,228.0,1865.0,347.0,7.0,3.0,0.0,8.0
Smith - 0042,3861.0,285.0,3137.0,427.0,0.0,0.0,1.0,0.0
Smith - 0043,1912.0,483.0,1446.0,58.0,0.0,0.0,0.0,0.0
Smith - 0044,4224.0,1028.0,2307.0,758.0,17.0,44.0,0.0,0.0
Smith - 0045,1925.0,25.0,1888.0,15.0,17.0,0.0,0.0,0.0
Smith - 0046,1768.0,200.0,1160.0,367.0,0.0,0.0,0.0,8.0
Smith - 0047,348.0,27.0,183.0,137.0,0.0,0.0,0.0,1.0
Smith - 0048,1814.0,382.0,890.0,287.0,0.0,4.0,0.0,0.0
Smith - 0049,1315.0,97.0,1122.0,45.0,8.0,5.0,0.0,0.0
Smith - 0050,2352.0,275.0,1743.0,203.0,4.0,66.0,0.0,8.0
Smith - 0051,4490.0,363.0,3068.0,738.0,9.0,109.0,0.0,139.0
Smith - 0052,2633.0,171.0,2201.0,210.0,0.0,0.0,0.0,0.0
Smith - 0053,372.0,72.0,162.0,84.0,0.0,0.0,0.0,0.0
Smith - 0054,3914.0,216.0,2835.0,746.0,0.0,32.0,51.0,4.0
Smith - 0055,2720.0,189.0,1611.0,722.0,0.0,151.0,0.0,0.0
Smith - 0056,4150.0,718.0,3068.0,259.0,0.0,32.0,0.0,12.0
Smith - 0057,526.0,10.0,477.0,7.0,0.0,17.0,0.0,0.0
Smith - 0058,4370.0,363.0,3143.0,545.0,0.0,333.0,4.0,0.0
Smith - 0059,3808.0,341.0,3113.0,261.0,0.0,21.0,0.0,4.0
Smith - 0060,923.0,377.0,294.0,230.0,0.0,5.0,0.0,0.0
Smith - 0061,3358.0,445.0,2002.0,694.0,0.0,3.0,0.0,0.0
Smith - 0062,2008.0,73.0,1743.0,51.0,3.0,28.0,31.0,0.0
Smith - 0063,741.0,93.0,606.0,51.0,7.0,0.0,0.0,0.0
Smith - 0064,2161.0,130.0,1501.0,611.0,0.0,6.0,0.0,0.0
Smith - 0066,768.0,347.0,279.0,214.0,0.0,0.0,0.0,2.0
Smith - 0071,4012.0,272.0,3008.0,384.0,1.0,339.0,0.0,0.0
Smith - 0073,743.0,181.0,292.0,247.0,0.0,0.0,0.0,0.0
Smith - 0074,778.0,27.0,582.0,131.0,0.0,0.0,2.0,0.0
Smith - 0075,3486.0,205.0,3174.0,68.0,0.0,0.0,0.0,0.0
Smith - 0076,1455.0,771.0,254.0,500.0,0.0,9.0,0.0,3.0
Smith - 0077,1050.0,155.0,426.0,269.0,0.0,5.0,0.0,0.0
Smith - 0079,4228.0,481.0,2918.0,870.0,0.0,9.0,0.0,0.0
Smith - 0081,419.0,97.0,117.0,196.0,0.0,0.0,0.0,0.0
Smith - 0082,44.0,15.0,24.0,7.0,0.0,0.0,0.0,0.0
Smith - 0085,1284.0,117.0,1077.0,48.0,0.0,2.0,0.0,0.0
Starr - 0001,1657.0,1506.0,147.0,0.0,0.0,1.0,3.0,0.0
Starr - 0002,3024.0,2733.0,244.0,38.0,0.0,0.0,0.0,0.0
Starr - 0003,1752.0,1704.0,45.0,0.0,0.0,0.0,0.0,0.0
Starr - 0004,493.0,471.0,22.0,0.0,0.0,0.0,0.0,0.0
Starr - 0005,87.0,89.0,0.0,0.0,0.0,0.0,0.0,0.0
Starr - 0006,3706.0,3645.0,45.0,0.0,0.0,0.0,0.0,0.0
Starr - 0007,720.0,718.0,0.0,0.0,0.0,0.0,0.0,0.0
Starr - 0008,3513.0,3171.0,302.0,5.0,8.0,26.0,0.0,0.0
Starr - 0009,2487.0,2400.0,32.0,69.0,0.0,0.0,0.0,0.0
Starr - 0010,3110.0,3079.0,17.0,0.0,0.0,0.0,0.0,0.0
Starr - 0011,3154.0,3033.0,138.0,0.0,0.0,0.0,0.0,0.0
Starr - 0012,3988.0,3779.0,194.0,10.0,0.0,13.0,0.0,0.0
Starr - 0013,2908.0,2904.0,3.0,0.0,0.0,4.0,2.0,0.0
Starr - 0014,2616.0,2559.0,26.0,0.0,0.0,0.0,0.0,0.0
Terry - 0101,2390.0,884.0,1285.0,120.0,49.0,3.0,0.0,0.0
Terry - 0201,1624.0,790.0,678.0,72.0,0.0,0.0,0.0,0.0
Terry - 0202,390.0,245.0,142.0,0.0,4.0,0.0,0.0,0.0
Terry - 0301,1766.0,1191.0,482.0,49.0,0.0,0.0,0.0,0.0
Terry - 0401,1175.0,641.0,482.0,35.0,0.0,0.0,0.0,0.0
Terry - 0402,240.0,46.0,182.0,0.0,0.0,8.0,0.0,0.0
Titus - 0001,721.0,277.0,87.0,301.0,0.0,0.0,0.0,0.0
Titus - 0002,661.0,156.0,395.0,23.0,1.0,0.0,0.0,0.0
Titus - 0003,799.0,139.0,655.0,7.0,4.0,0.0,0.0,0.0
Titus - 0004,564.0,115.0,421.0,0.0,9.0,0.0,0.0,0.0
Titus - 0005,271.0,14.0,297.0,0.0,2.0,0.0,0.0,0.0
Titus - 0006,1558.0,139.0,1349.0,96.0,0.0,0.0,4.0,17.0
Titus - 0007,1316.0,283.0,865.0,121.0,0.0,0.0,0.0,28.0
Titus - 0008,1708.0,991.0,193.0,543.0,6.0,0.0,0.0,0.0
Titus - 0009,420.0,30.0,342.0,42.0,10.0,0.0,0.0,0.0
Titus - 0010,893.0,93.0,819.0,5.0,0.0,0.0,0.0,0.0
Titus - 0011,352.0,165.0,141.0,0.0,2.0,0.0,0.0,0.0
Titus - 0012,311.0,65.0,241.0,0.0,0.0,0.0,0.0,0.0
Titus - 0014,2173.0,632.0,939.0,557.0,16.0,0.0,0.0,1.0
Titus - 0015,1014.0,228.0,637.0,82.0,0.0,0.0,0.0,0.0
Titus - 0016,2755.0,575.0,1947.0,281.0,0.0,0.0,0.0,0.0
Titus - 0017,676.0,332.0,219.0,89.0,0.0,0.0,0.0,0.0
Titus - 0018,226.0,90.0,118.0,11.0,0.0,0.0,0.0,0.0
Titus - 0019,802.0,288.0,374.0,94.0,0.0,0.0,1.0,7.0
Titus - 0020,1539.0,564.0,840.0,135.0,0.0,0.0,0.0,0.0
Tyler - 0001,411.0,29.0,382.0,6.0,0.0,0.0,1.0,0.0
Tyler - 0002,1516.0,97.0,849.0,500.0,0.0,14.0,0.0,0.0
Tyler - 0003,1772.0,91.0,1448.0,195.0,0.0,7.0,1.0,0.0
Tyler - 0004,1130.0,78.0,997.0,6.0,0.0,0.0,0.0,0.0
Tyler - 0005,198.0,1.0,146.0,46.0,0.0,0.0,0.0,0.0
Tyler - 0006,346.0,25.0,325.0,1.0,0.0,0.0,0.0,0.0
Tyler - 0007,622.0,7.0,604.0,0.0,0.0,0.0,0.0,0.0
Tyler - 0008,203.0,0.0,201.0,0.0,0.0,0.0,0.0,0.0
Tyler - 0009,399.0,0.0,380.0,5.0,0.0,0.0,0.0,0.0
Tyler - 0010,1278.0,21.0,1165.0,57.0,0.0,15.0,0.0,0.0
Tyler - 0011,123.0,0.0,113.0,0.0,0.0,0.0,0.0,0.0
Tyler - 0013,665.0,15.0,619.0,2.0,0.0,0.0,0.0,13.0
Tyler - 0014,1717.0,69.0,1584.0,36.0,0.0,7.0,1.0,4.0
Tyler - 0015,1271.0,30.0,1193.0,41.0,0.0,10.0,0.0,0.0
Tyler - 0016,483.0,26.0,473.0,0.0,4.0,0.0,1.0,0.0
Tyler - 0017,2536.0,432.0,1048.0,954.0,0.0,13.0,1.0,0.0
Tyler - 0018,1366.0,62.0,1220.0,56.0,0.0,0.0,0.0,0.0
Upton - 0001,543.0,154.0,391.0,5.0,0.0,0.0,0.0,0.0
Upton - 0002,262.0,120.0,127.0,8.0,3.0,0.0,0.0,0.0
Upton - 0003,531.0,356.0,160.0,11.0,0.0,0.0,0.0,0.0
Upton - 0004,490.0,246.0,215.0,10.0,0.0,0.0,0.0,0.0
Upton - 0005,150.0,77.0,65.0,0.0,5.0,0.0,0.0,0.0
Upton - 0006,335.0,204.0,114.0,9.0,0.0,5.0,0.0,0.0
Webb - 0176A,2168.0,2047.0,36.0,0.0,6.0,15.0,0.0,32.0
Webb - 0176B,68.0,65.0,0.0,0.0,0.0,16.0,0.0,2.0
Webb - 0250A,3827.0,3596.0,218.0,0.0,0.0,0.0,0.0,0.0
Webb - 0250B,8.0,8.0,0.0,0.0,0.0,0.0,0.0,0.0
Webb - 0250C,150.0,137.0,0.0,0.0,0.0,20.0,0.0,0.0
Webb - 0275A,1306.0,1296.0,0.0,0.0,1.0,0.0,0.0,0.0
Webb - 0275B,61.0,58.0,2.0,0.0,0.0,0.0,0.0,0.0
Young - 0005,3172.0,558.0,2595.0,23.0,0.0,0.0,0.0,0.0
Young - 0006,188.0,24.0,151.0,0.0,0.0,0.0,0.0,0.0
Young - 0007,145.0,5.0,138.0,0.0,0.0,0.0,0.0,5.0
Young - 0010,658.0,31.0,611.0,0.0,0.0,0.0,0.0,15.0
Young - 0016,631.0,8.0,606.0,0.0,5.0,0.0,0.0,0.0
Young - 0022,3678.0,240.0,3179.0,57.0,24.0,63.0,0.0,12.0
Young - 0023,2561.0,251.0,2194.0,9.0,0.0,0.0,0.0,2.0
Young - 0024,2089.0,685.0,1303.0,11.0,15.0,0.0,0.0,0.0
Archer - 0001,1473.0,105.0,1287.0,65.0,18.0,0.0,0.0,0.0
Archer - 0002,906.0,24.0,813.0,6.0,0.0,33.0,0.0,0.0
Archer - 0003,509.0,53.0,443.0,0.0,6.0,0.0,0.0,0.0
Archer - 0004,793.0,135.0,642.0,0.0,2.0,0.0,0.0,0.0
Archer - 0005,133.0,1.0,136.0,0.0,0.0,0.0,0.0,0.0
Archer - 0006,996.0,12.0,938.0,15.0,0.0,0.0,0.0,0.0
Archer - 0007,275.0,49.0,214.0,0.0,0.0,0.0,0.0,0.0
Archer - 0008,365.0,11.0,330.0,0.0,0.0,0.0,0.0,0.0
Archer - 0009,209.0,10.0,182.0,0.0,0.0,0.0,0.0,0.0
Archer - 0010,756.0,53.0,681.0,14.0,0.0,1.0,0.0,0.0
Archer - 0011,26.0,1.0,24.0,0.0,0.0,0.0,0.0,0.0
Archer - 0012,102.0,0.0,95.0,0.0,0.0,13.0,0.0,0.0
Archer - 0013,178.0,0.0,175.0,0.0,0.0,0.0,0.0,0.0
Austin - 0101,1255.0,0.0,984.0,150.0,0.0,11.0,0.0,0.0
Austin - 0102,1254.0,182.0,929.0,116.0,0.0,0.0,0.0,0.0
Austin - 0103,1380.0,108.0,1130.0,80.0,0.0,0.0,0.0,0.0
Austin - 0104,892.0,135.0,651.0,61.0,0.0,1.0,0.0,0.0
Austin - 0205,3237.0,400.0,2793.0,129.0,0.0,3.0,0.0,0.0
Austin - 0206,1077.0,94.0,895.0,15.0,0.0,2.0,0.0,0.0
Austin - 0207,678.0,78.0,528.0,50.0,0.0,0.0,0.0,0.0
Austin - 0208,693.0,63.0,533.0,138.0,0.0,2.0,0.0,0.0
Austin - 0309,711.0,68.0,650.0,56.0,0.0,0.0,0.0,0.0
Austin - 0310,3288.0,628.0,2114.0,408.0,32.0,15.0,0.0,0.0
Austin - 0311,1294.0,592.0,441.0,139.0,0.0,47.0,0.0,0.0
Austin - 0412,892.0,75.0,545.0,263.0,0.0,0.0,0.0,0.0
Austin - 0413,1801.0,272.0,1472.0,34.0,0.0,0.0,0.0,0.0
Austin - 0414,1889.0,816.0,940.0,67.0,0.0,68.0,0.0,0.0
Austin - 0415,1621.0,410.0,883.0,290.0,0.0,0.0,0.0,0.0
Bailey - 0001,1093.0,620.0,471.0,0.0,0.0,3.0,0.0,0.0
Bailey - 0002,1112.0,426.0,638.0,0.0,0.0,16.0,1.0,0.0
Bailey - 0003,1117.0,718.0,377.0,26.0,0.0,2.0,2.0,25.0
Baylor - 0001,718.0,68.0,618.0,3.0,0.0,0.0,0.0,0.0
Baylor - 0002,723.0,112.0,584.0,11.0,0.0,0.0,0.0,0.0
Baylor - 0003,596.0,49.0,504.0,29.0,0.0,0.0,0.0,5.0
Baylor - 0004,668.0,47.0,596.0,8.0,0.0,0.0,0.0,0.0
Bexar - 1122A,2920.0,1126.0,1253.0,261.0,3.0,153.0,0.0,0.0
Bexar - 1122B,129.0,29.0,48.0,34.0,0.0,1.0,0.0,0.0
Bexar - 1154A,2283.0,949.0,826.0,302.0,0.0,173.0,35.0,2.0
Bexar - 1154B,23.0,10.0,7.0,0.0,0.0,3.0,0.0,0.0
Bexar - 1154C,27.0,12.0,9.0,1.0,1.0,4.0,0.0,0.0
Bexar - 2065A,2223.0,1415.0,491.0,164.0,0.0,24.0,0.0,0.0
Bexar - 2065B,141.0,88.0,50.0,4.0,0.0,0.0,0.0,0.0
Bexar - 2180A,3359.0,2075.0,875.0,92.0,0.0,334.0,0.0,0.0
Bexar - 2180B,79.0,57.0,12.0,3.0,0.0,0.0,0.0,0.0
Bexar - 2181A,862.0,449.0,245.0,124.0,2.0,18.0,0.0,4.0
Bexar - 2181B,201.0,107.0,68.0,8.0,4.0,3.0,0.0,0.0
Bexar - 2181C,173.0,104.0,51.0,13.0,0.0,2.0,0.0,0.0
Bexar - 2181D,334.0,176.0,95.0,32.0,1.0,18.0,0.0,1.0
Bexar - 2181E,88.0,52.0,7.0,16.0,0.0,9.0,0.0,0.0
Bexar - 2181F,84.0,37.0,26.0,6.0,2.0,5.0,0.0,0.0
Bexar - 2181G,28.0,19.0,10.0,0.0,0.0,0.0,0.0,0.0
Bexar - 2182A,137.0,34.0,83.0,11.0,0.0,5.0,0.0,0.0
Bexar - 2182B,207.0,80.0,79.0,41.0,0.0,3.0,0.0,1.0
Bexar - 2182C,568.0,321.0,140.0,75.0,0.0,16.0,0.0,1.0
Bexar - 3139A,1682.0,506.0,756.0,257.0,0.0,40.0,0.0,43.0
Bexar - 3139B,70.0,13.0,45.0,0.0,0.0,15.0,0.0,0.0
Bexar - 3139C,106.0,44.0,53.0,14.0,0.0,2.0,0.0,0.0
Blanco - 0102,2691.0,521.0,2079.0,42.0,3.0,0.0,0.0,0.0
Blanco - 0201,2053.0,206.0,1739.0,29.0,0.0,1.0,0.0,0.0
Blanco - 0302,1795.0,247.0,1531.0,21.0,0.0,8.0,0.0,0.0
Blanco - 0303,1031.0,45.0,958.0,0.0,0.0,0.0,0.0,0.0
Blanco - 0401,2323.0,381.0,1911.0,8.0,1.0,0.0,0.0,4.0
Borden - 0002,123.0,13.0,109.0,1.0,0.0,0.0,0.0,0.0
Borden - 0003,114.0,18.0,91.0,2.0,0.0,0.0,0.0,0.0
Borden - 0004,103.0,14.0,88.0,2.0,0.0,0.0,0.0,0.0
Borden - 001A,51.0,2.0,49.0,1.0,0.0,0.0,0.0,0.0
Borden - 001B,64.0,4.0,60.0,1.0,0.0,0.0,0.0,0.0
Bosque - 0001,636.0,39.0,593.0,0.0,0.0,0.0,0.0,0.0
Bosque - 0002,1229.0,352.0,812.0,0.0,8.0,0.0,0.0,0.0
Bosque - 0003,1469.0,212.0,1175.0,54.0,0.0,9.0,0.0,0.0
Bosque - 0004,554.0,80.0,464.0,10.0,0.0,0.0,0.0,0.0
Bosque - 0005,1979.0,97.0,1864.0,0.0,15.0,0.0,0.0,0.0
Bosque - 0006,1447.0,3.0,1409.0,0.0,0.0,22.0,0.0,0.0
Bosque - 0007,771.0,43.0,716.0,0.0,0.0,0.0,0.0,0.0
Bosque - 0008,2692.0,414.0,2119.0,25.0,0.0,14.0,0.0,0.0
Bosque - 0009,982.0,233.0,682.0,50.0,0.0,8.0,0.0,0.0
Bosque - 0010,1494.0,187.0,1271.0,18.0,0.0,7.0,0.0,0.0
Bosque - 0011,810.0,64.0,691.0,35.0,0.0,0.0,0.0,0.0
Brazos - 0001,2521.0,230.0,2109.0,60.0,3.0,5.0,0.0,0.0
Brazos - 0002,3024.0,434.0,2432.0,50.0,0.0,51.0,0.0,0.0
Brazos - 0003,1256.0,419.0,692.0,127.0,6.0,0.0,0.0,0.0
Brazos - 0004,2995.0,923.0,536.0,1393.0,0.0,8.0,0.0,26.0
Brazos - 0005,2055.0,456.0,1541.0,49.0,0.0,1.0,0.0,0.0
Brazos - 0006,1197.0,177.0,989.0,18.0,0.0,3.0,0.0,0.0
Brazos - 0007,864.0,101.0,731.0,8.0,0.0,23.0,0.0,0.0
Brazos - 0008,2881.0,654.0,1979.0,180.0,0.0,26.0,0.0,7.0
Brazos - 0009,2665.0,357.0,2034.0,111.0,0.0,28.0,0.0,0.0
Brazos - 0010,5394.0,753.0,4002.0,205.0,0.0,239.0,0.0,121.0
Brazos - 0011,4314.0,1280.0,2370.0,383.0,0.0,194.0,0.0,5.0
Brazos - 0012,5064.0,986.0,3573.0,417.0,0.0,13.0,4.0,0.0
Brazos - 0013,2345.0,362.0,1838.0,126.0,0.0,0.0,0.0,0.0
Brazos - 0014,4854.0,2159.0,945.0,1510.0,3.0,0.0,0.0,54.0
Brazos - 0015,2059.0,487.0,1476.0,96.0,0.0,8.0,0.0,22.0
Brazos - 0016,2306.0,1098.0,522.0,651.0,8.0,0.0,0.0,0.0
Brazos - 0017,4704.0,2142.0,1897.0,610.0,4.0,24.0,0.0,39.0
Brazos - 0018,587.0,197.0,191.0,216.0,0.0,0.0,0.0,0.0
Brazos - 0019,598.0,357.0,155.0,57.0,0.0,0.0,0.0,0.0
Brazos - 0020,9671.0,2599.0,5385.0,401.0,17.0,926.0,0.0,25.0
Brazos - 0021,4343.0,1058.0,2276.0,170.0,13.0,632.0,0.0,5.0
Brazos - 0022,466.0,188.0,184.0,94.0,7.0,0.0,0.0,0.0
Brazos - 0023,95.0,21.0,55.0,10.0,0.0,0.0,0.0,0.0
Brazos - 0024,3432.0,508.0,2407.0,398.0,0.0,35.0,15.0,19.0
Brazos - 0025,1059.0,292.0,59.0,652.0,0.0,4.0,0.0,0.0
Brazos - 0026,4433.0,933.0,2823.0,734.0,0.0,50.0,0.0,0.0
Brazos - 0027,2497.0,181.0,2178.0,9.0,0.0,67.0,0.0,0.0
Brazos - 0028,664.0,20.0,709.0,0.0,0.0,12.0,0.0,0.0
Brazos - 0029,883.0,75.0,616.0,248.0,0.0,3.0,0.0,0.0
Brazos - 0030,3105.0,1478.0,917.0,713.0,0.0,0.0,0.0,0.0
Brazos - 0031,5014.0,988.0,3251.0,359.0,0.0,127.0,0.0,12.0
Brazos - 0032,506.0,122.0,357.0,0.0,0.0,0.0,0.0,0.0
Brazos - 0033,2825.0,533.0,1603.0,649.0,0.0,100.0,0.0,1.0
Brazos - 0034,4405.0,592.0,3006.0,350.0,5.0,404.0,0.0,0.0
Brazos - 0035,10002.0,1589.0,7533.0,642.0,19.0,260.0,0.0,0.0
Brazos - 0036,5576.0,1301.0,3012.0,917.0,0.0,151.0,10.0,14.0
Brazos - 0037,153.0,19.0,115.0,8.0,0.0,0.0,0.0,0.0
Brazos - 0038,633.0,368.0,43.0,195.0,0.0,0.0,0.0,4.0
Brazos - 0039,2088.0,328.0,1500.0,96.0,0.0,140.0,0.0,0.0
Brazos - 0040,3754.0,329.0,3142.0,39.0,0.0,180.0,0.0,0.0
Brazos - 0041,1257.0,70.0,1123.0,15.0,0.0,31.0,5.0,0.0
Brazos - 0042,0.0,0.0,0.0,0.0,0.0,0.0,0.0,0.0
Brazos - 0043,1092.0,409.0,314.0,364.0,5.0,0.0,0.0,0.0
Brazos - 0044,148.0,37.0,111.0,1.0,0.0,0.0,0.0,7.0
Brazos - 0045,161.0,59.0,105.0,2.0,0.0,0.0,0.0,6.0
Brazos - 0046,500.0,196.0,264.0,15.0,0.0,0.0,0.0,0.0
Brazos - 0047,467.0,203.0,228.0,25.0,0.0,0.0,0.0,0.0
Brazos - 0048,306.0,87.0,209.0,2.0,0.0,0.0,0.0,0.0
Brazos - 0049,446.0,128.0,270.0,22.0,0.0,27.0,0.0,0.0
Brazos - 0050,6.0,1.0,4.0,0.0,0.0,2.0,0.0,0.0
Brazos - 0051,0.0,0.0,0.0,0.0,0.0,0.0,0.0,0.0
Brazos - 0052,19.0,3.0,6.0,0.0,0.0,0.0,0.0,5.0
Brazos - 0053,316.0,65.0,216.0,21.0,0.0,7.0,0.0,0.0
Brazos - 0054,663.0,91.0,532.0,27.0,0.0,6.0,0.0,0.0
Brazos - 0055,4840.0,999.0,2729.0,649.0,0.0,82.0,84.0,94.0
Brazos - 0056,15.0,0.0,17.0,0.0,0.0,0.0,0.0,0.0
Brazos - 0057,302.0,73.0,54.0,140.0,0.0,0.0,0.0,12.0
Brazos - 0058,1359.0,132.0,1011.0,131.0,0.0,63.0,0.0,0.0
Brazos - 0059,29.0,2.0,20.0,0.0,0.0,0.0,0.0,0.0
Brazos - 0060,127.0,15.0,97.0,5.0,0.0,0.0,0.0,0.0
Brazos - 0061,44.0,0.0,38.0,2.0,0.0,0.0,0.0,0.0
Brazos - 0062,1916.0,592.0,1039.0,223.0,6.0,29.0,0.0,0.0
Brazos - 0063,2481.0,644.0,1785.0,10.0,0.0,14.0,0.0,0.0
Brazos - 0064,3398.0,191.0,2590.0,111.0,0.0,448.0,8.0,0.0
Brazos - 0065,210.0,12.0,157.0,15.0,0.0,12.0,0.0,0.0
Brazos - 0066,1698.0,505.0,989.0,85.0,4.0,0.0,0.0,8.0
Brazos - 0067,550.0,197.0,269.0,18.0,31.0,0.0,0.0,0.0
Brazos - 0068,0.0,0.0,0.0,0.0,0.0,0.0,0.0,0.0
Brazos - 0069,4406.0,336.0,3260.0,425.0,7.0,325.0,9.0,13.0
Brazos - 0070,1708.0,282.0,1166.0,169.0,0.0,0.0,0.0,41.0
Brazos - 0071,149.0,15.0,121.0,0.0,0.0,4.0,0.0,0.0
Brazos - 0072,36.0,4.0,26.0,0.0,0.0,1.0,0.0,0.0
Brazos - 0073,3147.0,348.0,2604.0,51.0,0.0,88.0,0.0,32.0
Brazos - 0074,3027.0,635.0,1834.0,58.0,0.0,383.0,0.0,10.0
Brazos - 0075,6863.0,1158.0,4581.0,906.0,0.0,116.0,0.0,30.0
Brazos - 0076,3143.0,448.0,1974.0,286.0,4.0,343.0,0.0,0.0
Brazos - 0077,571.0,232.0,333.0,0.0,0.0,0.0,0.0,0.0
Brazos - 0078,282.0,139.0,153.0,5.0,0.0,0.0,0.0,0.0
Brazos - 0079,102.0,31.0,49.0,12.0,0.0,0.0,0.0,0.0
Brazos - 0080,3978.0,519.0,2885.0,102.0,4.0,406.0,45.0,5.0
Brazos - 0081,56.0,16.0,35.0,2.0,0.0,0.0,0.0,0.0
Brazos - 0082,300.0,16.0,296.0,0.0,0.0,0.0,0.0,0.0
Brazos - 0083,12.0,1.0,12.0,0.0,0.0,0.0,0.0,0.0
Brazos - 0084,8.0,4.0,3.0,0.0,0.0,0.0,0.0,0.0
Brazos - 0085,0.0,0.0,0.0,0.0,0.0,0.0,0.0,0.0
Brazos - 0087,0.0,0.0,0.0,0.0,0.0,0.0,0.0,0.0
Brazos - 0088,3330.0,334.0,2252.0,424.0,0.0,66.0,9.0,30.0
Brazos - 0090,21.0,2.0,12.0,3.0,0.0,0.0,0.0,6.0
Brazos - 0092,0.0,0.0,0.0,0.0,0.0,0.0,0.0,0.0
Brazos - 0093,0.0,0.0,0.0,0.0,0.0,0.0,0.0,0.0
Brazos - 0094,0.0,0.0,0.0,0.0,0.0,0.0,0.0,0.0
Brazos - 0095,0.0,0.0,0.0,0.0,0.0,0.0,0.0,0.0
Brazos - 0096,7.0,1.0,9.0,0.0,0.0,0.0,0.0,0.0
Brazos - 0097,0.0,0.0,0.0,0.0,0.0,0.0,0.0,0.0
Brazos - 0098,12.0,3.0,9.0,0.0,0.0,0.0,0.0,0.0
Brazos - 0099,4.0,3.0,0.0,0.0,5.0,0.0,0.0,0.0
Brazos - 0100,1823.0,140.0,1352.0,161.0,0.0,170.0,0.0,37.0
Brazos - 0101,70.0,28.0,23.0,16.0,0.0,1.0,0.0,0.0
Brazos - 0102,4.0,0.0,4.0,0.0,0.0,0.0,0.0,0.0
Brazos - 0103,688.0,62.0,629.0,0.0,0.0,13.0,0.0,0.0
Brazos - 0105,128.0,26.0,59.0,39.0,0.0,4.0,0.0,0.0
Brazos - 0106,707.0,152.0,276.0,264.0,0.0,0.0,5.0,0.0
Brazos - 0107,417.0,14.0,410.0,18.0,0.0,0.0,0.0,0.0
Brazos - 0108,0.0,0.0,0.0,0.0,0.0,0.0,0.0,0.0
Brazos - 0109,0.0,0.0,0.0,0.0,0.0,0.0,0.0,0.0
Brooks - 0001,1282.0,1093.0,188.0,0.0,0.0,0.0,3.0,0.0
Brooks - 0002,1473.0,1152.0,212.0,16.0,49.0,0.0,12.0,0.0
Brooks - 0003,877.0,844.0,17.0,0.0,0.0,0.0,3.0,0.0
Brooks - 0004,1294.0,1259.0,43.0,0.0,0.0,0.0,3.0,0.0
Brooks - 003S,312.0,223.0,61.0,23.0,0.0,0.0,0.0,4.0
Burnet - 0001,1670.0,191.0,1452.0,3.0,0.0,0.0,0.0,9.0
Burnet - 0002,4356.0,659.0,3280.0,226.0,0.0,42.0,0.0,0.0
Burnet - 0003,1766.0,412.0,1301.0,13.0,17.0,0.0,0.0,0.0
Burnet - 0004,2696.0,332.0,2244.0,39.0,0.0,5.0,25.0,0.0
Burnet - 0005,1080.0,85.0,972.0,0.0,0.0,8.0,0.0,0.0
Burnet - 0006,497.0,34.0,470.0,0.0,0.0,0.0,0.0,0.0
Burnet - 0007,684.0,50.0,615.0,0.0,0.0,0.0,0.0,0.0
Burnet - 0008,1553.0,195.0,1334.0,0.0,0.0,0.0,0.0,9.0
Burnet - 0009,2428.0,277.0,2023.0,77.0,5.0,8.0,0.0,0.0
Burnet - 0010,1885.0,198.0,1657.0,1.0,0.0,0.0,0.0,16.0
Burnet - 0011,429.0,17.0,402.0,0.0,0.0,2.0,0.0,0.0
Burnet - 0012,2609.0,494.0,1837.0,44.0,0.0,4.0,0.0,17.0
Burnet - 0013,1264.0,271.0,963.0,0.0,16.0,3.0,0.0,5.0
Burnet - 0014,565.0,48.0,496.0,0.0,0.0,0.0,0.0,16.0
Burnet - 0015,959.0,106.0,824.0,0.0,0.0,0.0,0.0,1.0
Burnet - 0016,642.0,40.0,563.0,0.0,6.0,0.0,0.0,32.0
Burnet - 0017,2132.0,156.0,1929.0,6.0,0.0,0.0,0.0,4.0
Burnet - 0018,2068.0,548.0,1477.0,50.0,0.0,9.0,0.0,0.0
Burnet - 0019,4494.0,630.0,3733.0,0.0,0.0,59.0,0.0,0.0
Burnet - 0020,5285.0,1072.0,4032.0,90.0,0.0,4.0,0.0,0.0
Carson - 0101,512.0,9.0,499.0,0.0,0.0,0.0,0.0,0.0
Carson - 0102,106.0,5.0,100.0,0.0,0.0,0.0,0.0,0.0
Carson - 0103,516.0,30.0,429.0,17.0,0.0,2.0,27.0,15.0
Carson - 0201,1114.0,136.0,912.0,10.0,8.0,4.0,1.0,24.0
Carson - 0301,717.0,84.0,585.0,6.0,16.0,0.0,5.0,8.0
Carson - 0302,259.0,24.0,198.0,0.0,0.0,0.0,0.0,21.0
Carson - 0401,881.0,93.0,790.0,0.0,0.0,0.0,0.0,0.0
Carson - 0402,310.0,41.0,242.0,9.0,0.0,5.0,0.0,0.0
Castro - 0101,688.0,549.0,128.0,7.0,0.0,0.0,0.0,0.0
Castro - 0105,218.0,123.0,69.0,4.0,0.0,0.0,0.0,0.0
Castro - 0201,965.0,572.0,335.0,32.0,5.0,13.0,0.0,0.0
Castro - 0206,142.0,42.0,97.0,0.0,0.0,0.0,0.0,0.0
Castro - 0301,903.0,405.0,474.0,37.0,21.0,0.0,0.0,0.0
Castro - 0307,162.0,126.0,43.0,0.0,0.0,0.0,0.0,0.0
Castro - 0401,647.0,431.0,202.0,2.0,20.0,0.0,0.0,0.0
Castro - 0408,497.0,69.0,390.0,5.0,11.0,0.0,0.0,0.0
Collin - 0001,3154.0,327.0,2680.0,236.0,0.0,7.0,0.0,8.0
Collin - 0002,6296.0,995.0,4191.0,397.0,31.0,441.0,0.0,25.0
Collin - 0003,3955.0,1526.0,1236.0,979.0,0.0,22.0,0.0,6.0
Collin - 0004,2873.0,349.0,1889.0,218.0,5.0,183.0,3.0,0.0
Collin - 0005,1115.0,182.0,972.0,42.0,0.0,3.0,0.0,0.0
Collin - 0006,2862.0,206.0,554.0,1665.0,0.0,461.0,0.0,0.0
Collin - 0007,1621.0,146.0,1053.0,370.0,0.0,43.0,0.0,0.0
Collin - 0008,5628.0,1580.0,3170.0,604.0,39.0,155.0,0.0,7.0
Collin - 0009,4123.0,802.0,2091.0,1002.0,4.0,123.0,0.0,0.0
Collin - 0010,756.0,114.0,587.0,1.0,0.0,4.0,0.0,3.0
Collin - 0011,4998.0,744.0,4015.0,122.0,0.0,15.0,0.0,0.0
Collin - 0012,2014.0,144.0,1657.0,121.0,0.0,42.0,9.0,10.0
Collin - 0013,2606.0,98.0,1843.0,1.0,0.0,420.0,63.0,114.0
Collin - 0014,3155.0,245.0,1558.0,306.0,9.0,983.0,0.0,0.0
Collin - 0015,1850.0,410.0,737.0,482.0,0.0,205.0,0.0,12.0
Collin - 0016,5172.0,417.0,4069.0,443.0,5.0,212.0,0.0,0.0
Collin - 0017,5702.0,1267.0,3614.0,654.0,0.0,44.0,43.0,0.0
Collin - 0018,820.0,74.0,663.0,19.0,0.0,0.0,0.0,6.0
Collin - 0019,1805.0,76.0,1408.0,212.0,0.0,109.0,0.0,0.0
Collin - 0020,1217.0,97.0,998.0,25.0,0.0,61.0,0.0,0.0
Collin - 0021,4192.0,462.0,3084.0,185.0,0.0,398.0,0.0,0.0
Collin - 0022,6789.0,506.0,4666.0,1070.0,56.0,25.0,1.0,210.0
Collin - 0023,5008.0,1165.0,2103.0,1073.0,0.0,607.0,0.0,36.0
Collin - 0024,3055.0,375.0,1467.0,817.0,5.0,236.0,0.0,79.0
Collin - 0025,3413.0,136.0,1811.0,185.0,21.0,1194.0,0.0,0.0
Collin - 0026,1958.0,343.0,954.0,520.0,0.0,58.0,0.0,0.0
Collin - 0027,2731.0,319.0,1822.0,436.0,0.0,86.0,0.0,0.0
Collin - 0028,3678.0,485.0,2877.0,169.0,0.0,75.0,0.0,0.0
Collin - 0029,3611.0,359.0,2375.0,208.0,0.0,582.0,0.0,39.0
Collin - 0030,5651.0,889.0,3820.0,657.0,0.0,196.0,0.0,0.0
Collin - 0031,2041.0,95.0,1691.0,83.0,0.0,123.0,0.0,0.0
Collin - 0032,2199.0,153.0,1872.0,0.0,7.0,91.0,0.0,0.0
Collin - 0033,5673.0,1064.0,3571.0,427.0,73.0,404.0,64.0,0.0
Collin - 0034,3979.0,185.0,1646.0,251.0,0.0,1789.0,0.0,30.0
Collin - 0035,1978.0,582.0,1299.0,32.0,21.0,21.0,0.0,0.0
Collin - 0036,1824.0,61.0,1467.0,26.0,0.0,220.0,0.0,4.0
Collin - 0037,2715.0,269.0,2339.0,10.0,0.0,76.0,0.0,17.0
Collin - 0038,3736.0,446.0,2097.0,369.0,66.0,729.0,0.0,0.0
Collin - 0039,3191.0,514.0,1805.0,244.0,15.0,557.0,0.0,0.0
Collin - 0040,3444.0,553.0,2113.0,522.0,19.0,131.0,0.0,0.0
Collin - 0041,4213.0,872.0,2056.0,302.0,0.0,866.0,0.0,0.0
Collin - 0042,2897.0,589.0,1653.0,478.0,41.0,111.0,0.0,0.0
Collin - 0043,4099.0,1761.0,1304.0,944.0,3.0,52.0,0.0,0.0
Collin - 0044,2467.0,592.0,1375.0,336.0,0.0,48.0,0.0,0.0
Collin - 0045,3395.0,320.0,2238.0,514.0,20.0,234.0,0.0,80.0
Collin - 0046,4146.0,1529.0,2096.0,472.0,0.0,248.0,0.0,0.0
Collin - 0047,2627.0,563.0,1495.0,421.0,0.0,148.0,0.0,8.0
Collin - 0048,4898.0,562.0,2914.0,746.0,0.0,477.0,0.0,41.0
Collin - 0049,1991.0,178.0,1661.0,98.0,0.0,24.0,0.0,6.0
Collin - 0050,4070.0,526.0,1642.0,779.0,0.0,901.0,0.0,40.0
Collin - 0051,2192.0,1064.0,918.0,90.0,0.0,117.0,0.0,0.0
Collin - 0052,4710.0,1099.0,1634.0,239.0,0.0,1486.0,0.0,84.0
Collin - 0053,2486.0,307.0,1835.0,144.0,0.0,139.0,0.0,0.0
Collin - 0054,4735.0,719.0,2416.0,1078.0,0.0,460.0,0.0,35.0
Collin - 0055,7095.0,1115.0,2722.0,652.0,35.0,2230.0,0.0,10.0
Collin - 0056,3613.0,420.0,2214.0,486.0,9.0,409.0,0.0,0.0
Collin - 0057,5967.0,901.0,3963.0,775.0,0.0,222.0,25.0,0.0
Collin - 0058,4191.0,504.0,2101.0,988.0,10.0,515.0,0.0,15.0
Collin - 0059,4003.0,188.0,2945.0,413.0,4.0,323.0,0.0,0.0
Collin - 0060,3222.0,233.0,2035.0,279.0,0.0,515.0,0.0,1.0
Collin - 0061,1495.0,116.0,1174.0,53.0,5.0,123.0,0.0,0.0
Collin - 0062,2975.0,466.0,2125.0,215.0,0.0,134.0,0.0,0.0
Collin - 0063,2540.0,252.0,2074.0,17.0,0.0,113.0,0.0,0.0
Collin - 0064,2807.0,131.0,1750.0,338.0,0.0,466.0,0.0,43.0
Collin - 0065,1045.0,111.0,724.0,128.0,0.0,51.0,0.0,0.0
Collin - 0066,2466.0,449.0,1773.0,56.0,0.0,164.0,0.0,0.0
Collin - 0067,3468.0,375.0,2280.0,209.0,65.0,355.0,0.0,134.0
Collin - 0068,2152.0,758.0,1179.0,131.0,14.0,53.0,0.0,0.0
Collin - 0069,3791.0,411.0,2715.0,141.0,0.0,426.0,0.0,4.0
Collin - 0070,1844.0,292.0,1386.0,93.0,0.0,61.0,0.0,6.0
Collin - 0071,1715.0,196.0,1301.0,8.0,6.0,136.0,0.0,32.0
Collin - 0072,1436.0,127.0,1042.0,70.0,0.0,162.0,0.0,0.0
Collin - 0073,2416.0,461.0,1368.0,208.0,4.0,250.0,0.0,3.0
Collin - 0074,1945.0,130.0,1413.0,264.0,0.0,121.0,0.0,8.0
Collin - 0075,2925.0,205.0,2066.0,143.0,0.0,445.0,0.0,0.0
Collin - 0076,4499.0,422.0,2842.0,378.0,0.0,721.0,0.0,0.0
Collin - 0077,3584.0,459.0,1849.0,584.0,0.0,583.0,0.0,1.0
Collin - 0078,5942.0,734.0,3522.0,535.0,0.0,726.0,0.0,0.0
Collin - 0079,3220.0,470.0,2108.0,370.0,11.0,173.0,0.0,0.0
Collin - 0080,3669.0,633.0,1887.0,507.0,0.0,380.0,12.0,0.0
Collin - 0081,2821.0,451.0,1915.0,226.0,0.0,172.0,0.0,0.0
Collin - 0082,2931.0,455.0,1518.0,748.0,4.0,49.0,0.0,0.0
Collin - 0083,4634.0,675.0,2563.0,971.0,0.0,408.0,0.0,0.0
Collin - 0084,2848.0,349.0,1811.0,411.0,0.0,176.0,0.0,0.0
Collin - 0085,3166.0,355.0,2008.0,309.0,0.0,457.0,0.0,0.0
Collin - 0086,2581.0,211.0,1726.0,167.0,0.0,374.0,0.0,0.0
Collin - 0087,3546.0,164.0,358.0,192.0,0.0,2330.0,0.0,16.0
Collin - 0088,3074.0,628.0,1007.0,1116.0,0.0,270.0,0.0,0.0
Collin - 0089,3037.0,96.0,1542.0,230.0,0.0,1002.0,3.0,72.0
Collin - 0090,2883.0,86.0,2293.0,4.0,12.0,480.0,0.0,0.0
Collin - 0091,3108.0,645.0,2192.0,132.0,0.0,93.0,0.0,3.0
Collin - 0092,4594.0,847.0,2783.0,609.0,0.0,253.0,0.0,8.0
Collin - 0093,231.0,8.0,226.0,3.0,0.0,0.0,0.0,0.0
Collin - 0094,3842.0,223.0,1828.0,258.0,0.0,1392.0,0.0,24.0
Collin - 0095,3797.0,446.0,2399.0,437.0,0.0,380.0,0.0,1.0
Collin - 0096,1792.0,382.0,915.0,528.0,0.0,43.0,19.0,5.0
Collin - 0097,902.0,23.0,716.0,0.0,0.0,76.0,0.0,0.0
Collin - 0098,2167.0,590.0,1159.0,108.0,0.0,215.0,3.0,19.0
Collin - 0099,323.0,113.0,185.0,30.0,0.0,1.0,0.0,0.0
Collin - 0100,101.0,44.0,20.0,6.0,0.0,7.0,0.0,0.0
Collin - 0101,4206.0,595.0,2537.0,533.0,0.0,440.0,0.0,0.0
Collin - 0102,2530.0,252.0,2027.0,78.0,0.0,144.0,0.0,0.0
Collin - 0103,1605.0,514.0,843.0,157.0,0.0,35.0,0.0,0.0
Collin - 0104,3589.0,511.0,1478.0,1411.0,0.0,117.0,0.0,42.0
Collin - 0105,26.0,0.0,19.0,0.0,0.0,0.0,0.0,0.0
Collin - 0106,2305.0,387.0,1548.0,174.0,6.0,150.0,0.0,0.0
Collin - 0107,3452.0,143.0,2159.0,305.0,0.0,669.0,0.0,141.0
Collin - 0108,2533.0,193.0,1196.0,382.0,6.0,732.0,0.0,0.0
Collin - 0109,4066.0,399.0,2515.0,371.0,0.0,624.0,0.0,10.0
Collin - 0110,2772.0,187.0,1757.0,307.0,0.0,480.0,0.0,11.0
Collin - 0111,2383.0,64.0,1780.0,321.0,0.0,176.0,0.0,0.0
Collin - 0112,3249.0,151.0,1688.0,122.0,5.0,720.0,0.0,0.0
Collin - 0113,4190.0,630.0,2556.0,738.0,0.0,202.0,0.0,0.0
Collin - 0114,2290.0,324.0,1594.0,168.0,0.0,100.0,0.0,0.0
Collin - 0115,3306.0,299.0,2408.0,271.0,13.0,345.0,0.0,7.0
Collin - 0116,3635.0,245.0,2407.0,190.0,21.0,706.0,0.0,5.0
Collin - 0117,5635.0,624.0,3135.0,1125.0,0.0,723.0,4.0,0.0
Collin - 0118,3813.0,487.0,2511.0,120.0,0.0,612.0,0.0,28.0
Collin - 0119,2294.0,159.0,1548.0,20.0,0.0,516.0,0.0,0.0
Collin - 0120,3940.0,216.0,2282.0,484.0,6.0,913.0,0.0,0.0
Collin - 0121,2398.0,236.0,710.0,210.0,25.0,1149.0,0.0,0.0
Collin - 0122,4624.0,294.0,3462.0,406.0,0.0,273.0,18.0,0.0
Collin - 0123,2463.0,285.0,1846.0,166.0,0.0,150.0,0.0,0.0
Collin - 0124,2845.0,419.0,1874.0,208.0,5.0,318.0,0.0,0.0
Collin - 0125,6960.0,530.0,3946.0,1092.0,0.0,1285.0,0.0,22.0
Collin - 0126,5658.0,1493.0,2631.0,954.0,5.0,416.0,0.0,0.0
Collin - 0127,4430.0,554.0,2544.0,530.0,0.0,638.0,0.0,0.0
Collin - 0128,2957.0,151.0,2419.0,181.0,0.0,136.0,0.0,0.0
Collin - 0129,5520.0,694.0,3465.0,1079.0,0.0,199.0,0.0,0.0
Collin - 0130,3697.0,533.0,2048.0,197.0,0.0,832.0,0.0,13.0
Collin - 0131,3016.0,257.0,2206.0,314.0,8.0,177.0,0.0,13.0
Collin - 0132,3174.0,297.0,2209.0,365.0,10.0,249.0,0.0,12.0
Collin - 0133,3066.0,433.0,1809.0,600.0,0.0,174.0,1.0,0.0
Collin - 0134,3537.0,436.0,1798.0,516.0,0.0,726.0,0.0,30.0
Collin - 0135,4210.0,378.0,1849.0,586.0,0.0,1319.0,0.0,28.0
Collin - 0136,2039.0,186.0,1515.0,204.0,0.0,103.0,0.0,15.0
Collin - 0137,1823.0,297.0,1070.0,178.0,0.0,263.0,0.0,0.0
Collin - 0138,2465.0,188.0,2017.0,113.0,0.0,163.0,0.0,0.0
Collin - 0139,4387.0,323.0,2101.0,801.0,26.0,1132.0,4.0,0.0
Collin - 0140,4004.0,376.0,3406.0,9.0,13.0,125.0,0.0,11.0
Collin - 0141,3361.0,305.0,1723.0,561.0,0.0,710.0,0.0,4.0
Collin - 0142,3001.0,210.0,1828.0,497.0,10.0,439.0,0.0,4.0
Collin - 0143,1998.0,331.0,1057.0,149.0,0.0,391.0,0.0,0.0
Collin - 0144,2718.0,154.0,2022.0,137.0,0.0,369.0,0.0,0.0
Collin - 0145,1628.0,200.0,893.0,350.0,0.0,221.0,0.0,0.0
Collin - 0146,5032.0,1119.0,2618.0,852.0,0.0,698.0,0.0,13.0
Collin - 0147,2621.0,222.0,1558.0,434.0,0.0,240.0,0.0,30.0
Collin - 0148,532.0,12.0,527.0,25.0,0.0,12.0,8.0,0.0
Collin - 0149,5435.0,842.0,3084.0,635.0,0.0,751.0,0.0,60.0
Collin - 0150,2065.0,327.0,1241.0,265.0,0.0,246.0,0.0,0.0
Collin - 0151,1958.0,245.0,977.0,420.0,0.0,321.0,0.0,13.0
Collin - 0152,381.0,50.0,107.0,6.0,0.0,0.0,0.0,0.0
Collin - 0153,5847.0,441.0,3244.0,797.0,0.0,1069.0,65.0,0.0
Collin - 0154,3245.0,283.0,2165.0,109.0,0.0,676.0,0.0,0.0
Collin - 0155,2758.0,278.0,1747.0,225.0,0.0,317.0,0.0,6.0
Collin - 0156,4475.0,971.0,2796.0,451.0,0.0,177.0,0.0,33.0
Collin - 0157,4183.0,239.0,1482.0,341.0,0.0,2056.0,0.0,34.0
Collin - 0158,2649.0,263.0,1085.0,312.0,0.0,877.0,23.0,0.0
Collin - 0159,4385.0,706.0,2486.0,779.0,23.0,248.0,0.0,0.0
Collin - 0160,500.0,33.0,438.0,0.0,0.0,0.0,0.0,0.0
Collin - 0161,485.0,44.0,380.0,11.0,0.0,36.0,0.0,0.0
Collin - 0162,374.0,34.0,302.0,0.0,0.0,21.0,0.0,0.0
Collin - 0163,2356.0,286.0,1246.0,145.0,0.0,509.0,0.0,4.0
Collin - 0164,1923.0,81.0,1422.0,0.0,8.0,335.0,33.0,39.0
Collin - 0165,842.0,72.0,534.0,58.0,3.0,171.0,0.0,0.0
Collin - 0166,4760.0,220.0,2160.0,543.0,0.0,1721.0,0.0,79.0
Collin - 0167,4698.0,408.0,2051.0,561.0,8.0,1417.0,0.0,20.0
Collin - 0168,1821.0,77.0,1210.0,70.0,5.0,414.0,0.0,15.0
Collin - 0169,3625.0,309.0,1830.0,470.0,11.0,830.0,0.0,0.0
Collin - 0170,2226.0,604.0,1278.0,231.0,0.0,113.0,0.0,0.0
Collin - 0171,3015.0,221.0,1444.0,117.0,0.0,1106.0,42.0,0.0
Collin - 0172,2136.0,216.0,1682.0,215.0,21.0,13.0,0.0,0.0
Collin - 0173,424.0,20.0,397.0,0.0,0.0,0.0,0.0,0.0
Collin - 0174,4450.0,831.0,2440.0,659.0,10.0,405.0,0.0,69.0
Collin - 0175,2052.0,155.0,1178.0,202.0,0.0,274.0,0.0,0.0
Collin - 0176,6472.0,1005.0,3549.0,1358.0,5.0,305.0,57.0,21.0
Collin - 0177,3988.0,391.0,2468.0,619.0,0.0,229.0,0.0,78.0
Collin - 0178,2887.0,695.0,1873.0,122.0,0.0,136.0,0.0,0.0
Collin - 0179,4325.0,165.0,3981.0,48.0,16.0,28.0,1.0,41.0
Collin - 0180,4170.0,871.0,2005.0,668.0,17.0,499.0,0.0,0.0
Collin - 0181,3449.0,410.0,2189.0,801.0,7.0,1.0,0.0,0.0
Collin - 0182,4080.0,535.0,2584.0,376.0,0.0,510.0,0.0,61.0
Collin - 0183,58.0,1.0,58.0,0.0,0.0,0.0,0.0,0.0
Collin - 0184,4248.0,426.0,2228.0,876.0,4.0,584.0,4.0,43.0
Collin - 0185,45.0,1.0,48.0,0.0,0.0,0.0,0.0,0.0
Collin - 0186,111.0,8.0,100.0,0.0,0.0,0.0,0.0,0.0
Collin - 0187,483.0,61.0,388.0,0.0,0.0,6.0,0.0,5.0
Collin - 0188,197.0,40.0,109.0,31.0,0.0,6.0,0.0,6.0
Collin - 0189,845.0,43.0,679.0,69.0,0.0,0.0,0.0,0.0
Collin - 0190,97.0,17.0,70.0,6.0,0.0,0.0,0.0,0.0
Collin - 0191,747.0,191.0,485.0,5.0,0.0,18.0,0.0,11.0
Collin - 0192,6371.0,1123.0,4477.0,485.0,10.0,153.0,32.0,17.0
Collin - 0193,988.0,94.0,741.0,77.0,0.0,0.0,0.0,0.0
Collin - 0194,29.0,4.0,22.0,0.0,0.0,0.0,0.0,0.0
Collin - 0195,853.0,111.0,675.0,7.0,1.0,2.0,0.0,8.0
Collin - 0196,2033.0,134.0,1144.0,433.0,0.0,262.0,0.0,0.0
Collin - 0197,983.0,159.0,378.0,111.0,0.0,318.0,0.0,0.0
Collin - 0198,204.0,51.0,139.0,1.0,0.0,0.0,0.0,0.0
Collin - 0199,3955.0,192.0,2784.0,273.0,0.0,685.0,0.0,29.0
Collin - 0200,2057.0,386.0,1454.0,344.0,2.0,23.0,1.0,0.0
Collin - 0201,0.0,0.0,0.0,0.0,0.0,0.0,0.0,0.0
Collin - 0202,0.0,0.0,0.0,0.0,0.0,0.0,0.0,0.0
Collin - 0203,2609.0,341.0,2156.0,12.0,4.0,17.0,0.0,14.0
Collin - 0204,374.0,55.0,234.0,32.0,0.0,85.0,0.0,0.0
Collin - 0205,22.0,1.0,12.0,0.0,2.0,0.0,0.0,0.0
Collin - 0206,2128.0,256.0,1543.0,81.0,0.0,192.0,0.0,3.0
Collin - 0207,4220.0,316.0,2832.0,676.0,6.0,275.0,0.0,4.0
Collin - 0208,2454.0,141.0,1874.0,32.0,9.0,261.0,0.0,8.0
Collin - 0209,925.0,178.0,476.0,53.0,0.0,240.0,0.0,0.0
Collin - 0210,1313.0,47.0,592.0,140.0,0.0,543.0,0.0,0.0
Collin - 0211,3783.0,380.0,2839.0,223.0,0.0,251.0,0.0,0.0
Collin - 0212,1923.0,104.0,1142.0,37.0,0.0,609.0,0.0,0.0
Collin - 0213,3539.0,575.0,1592.0,558.0,0.0,776.0,0.0,40.0
Collin - 0214,3922.0,266.0,3120.0,263.0,29.0,178.0,0.0,0.0
Collin - 0215,4096.0,844.0,2576.0,512.0,13.0,143.0,0.0,0.0
Collin - 0216,4596.0,681.0,3053.0,586.0,0.0,188.0,0.0,0.0
Collin - 0217,2625.0,409.0,1697.0,97.0,32.0,272.0,0.0,42.0
Collin - 0218,3462.0,622.0,1507.0,396.0,0.0,856.0,0.0,19.0
Collin - 0219,4331.0,604.0,2346.0,482.0,0.0,849.0,0.0,0.0
Collin - 0220,5442.0,606.0,1720.0,846.0,0.0,1973.0,0.0,30.0
Collin - 0221,5419.0,592.0,3689.0,605.0,23.0,293.0,0.0,26.0
Collin - 0222,3384.0,166.0,1668.0,346.0,0.0,1154.0,0.0,13.0
Collin - 0223,1590.0,135.0,915.0,120.0,0.0,389.0,0.0,21.0
Collin - 0224,3340.0,323.0,2404.0,407.0,11.0,172.0,0.0,0.0
Collin - 0225,3299.0,393.0,1560.0,295.0,4.0,974.0,0.0,7.0
Collin - 0226,4642.0,600.0,2959.0,402.0,9.0,508.0,0.0,64.0
Collin - 0227,3731.0,285.0,2697.0,141.0,0.0,491.0,0.0,10.0
Collin - 0228,6605.0,1657.0,2951.0,1689.0,0.0,336.0,0.0,0.0
Collin - 0229,1913.0,101.0,1040.0,421.0,0.0,295.0,0.0,9.0
Collin - 0230,5533.0,370.0,3446.0,1009.0,4.0,677.0,0.0,0.0
Collin - 0231,4609.0,800.0,2696.0,641.0,11.0,300.0,0.0,5.0
Collin - 0232,4145.0,259.0,3198.0,396.0,0.0,244.0,0.0,0.0
Collin - 0233,1948.0,271.0,968.0,513.0,17.0,126.0,3.0,12.0
Collin - 0234,1988.0,223.0,937.0,167.0,0.0,729.0,0.0,10.0
Collin - 0235,1799.0,48.0,947.0,184.0,58.0,595.0,1.0,0.0
Collin - 0236,2657.0,269.0,1947.0,169.0,9.0,198.0,0.0,13.0
Collin - 0237,1653.0,106.0,797.0,410.0,2.0,339.0,0.0,0.0
Collin - 0238,4443.0,361.0,1945.0,1351.0,16.0,733.0,0.0,0.0
Collin - 0239,4307.0,666.0,2443.0,398.0,16.0,707.0,0.0,0.0
Collin - 0240,4786.0,1115.0,2985.0,264.0,53.0,393.0,6.0,0.0
Collin - 0241,1669.0,132.0,957.0,175.0,10.0,374.0,0.0,13.0
Collin - 0242,3540.0,390.0,1631.0,486.0,5.0,967.0,0.0,0.0
Collin - 0243,1537.0,59.0,1210.0,48.0,0.0,222.0,0.0,0.0
Collin - 0244,3087.0,118.0,2086.0,147.0,0.0,648.0,0.0,0.0
Collin - 0245,3228.0,589.0,1706.0,417.0,0.0,411.0,0.0,19.0
Collin - 0246,2294.0,119.0,1305.0,285.0,0.0,542.0,0.0,0.0
Collin - 0247,1877.0,131.0,1547.0,90.0,4.0,101.0,0.0,11.0
Collin - 0248,2727.0,282.0,1546.0,429.0,0.0,537.0,0.0,0.0
Collin - 0249,5203.0,434.0,3498.0,634.0,68.0,405.0,21.0,0.0
Collin - 0250,3144.0,23.0,478.0,53.0,49.0,2339.0,0.0,164.0
Collin - 0251,2548.0,420.0,1563.0,379.0,0.0,139.0,0.0,0.0
Collin - 0252,3074.0,511.0,1964.0,259.0,14.0,214.0,0.0,0.0
Comal - 0109A,2145.0,453.0,1513.0,17.0,44.0,0.0,0.0,5.0
Comal - 0109B,31.0,5.0,19.0,0.0,0.0,1.0,0.0,0.0
Comal - 0202A,2396.0,673.0,1619.0,269.0,0.0,97.0,0.0,0.0
Comal - 0202B,0.0,0.0,0.0,0.0,0.0,0.0,0.0,0.0
Comal - 0208A,4609.0,1076.0,3306.0,109.0,5.0,59.0,0.0,5.0
Comal - 0208B,71.0,22.0,36.0,11.0,0.0,6.0,0.0,0.0
Comal - 0208C,15.0,1.0,11.0,0.0,0.0,0.0,0.0,0.0
Comal - 0208D,192.0,104.0,90.0,3.0,0.0,4.0,0.0,1.0
Comal - 0301A,6766.0,3363.0,2640.0,308.0,0.0,40.0,0.0,18.0
Comal - 0301B,0.0,0.0,0.0,0.0,0.0,0.0,0.0,0.0
Comal - 0405A,4328.0,1004.0,3086.0,78.0,0.0,8.0,0.0,0.0
Comal - 0405B,17.0,6.0,4.0,0.0,0.0,0.0,0.0,0.0
Comal - 0405C,24.0,9.0,12.0,0.0,0.0,0.0,0.0,0.0
Concho - 0101,555.0,28.0,516.0,0.0,0.0,0.0,0.0,0.0
Concho - 0102,60.0,22.0,34.0,0.0,0.0,0.0,0.0,0.0
Concho - 0203,175.0,7.0,161.0,0.0,0.0,2.0,0.0,0.0
Concho - 0204,127.0,31.0,77.0,0.0,0.0,2.0,0.0,0.0
Concho - 0205,197.0,69.0,108.0,3.0,0.0,2.0,0.0,1.0
Concho - 0306,332.0,108.0,185.0,12.0,0.0,4.0,0.0,4.0
Concho - 0407,198.0,6.0,173.0,0.0,0.0,5.0,0.0,0.0
Concho - 0408,993.0,371.0,512.0,144.0,0.0,14.0,0.0,0.0
Cottle - 0101,247.0,72.0,144.0,6.0,0.0,0.0,0.0,0.0
Cottle - 0201,323.0,97.0,177.0,0.0,0.0,0.0,0.0,0.0
Cottle - 0301,229.0,112.0,98.0,17.0,0.0,0.0,0.0,0.0
Cottle - 0401,286.0,178.0,130.0,10.0,0.0,0.0,0.0,0.0
Crosby - 0011,817.0,460.0,298.0,0.0,0.0,14.0,0.0,0.0
Crosby - 0027,963.0,523.0,433.0,13.0,0.0,0.0,0.0,0.0
Crosby - 0039,912.0,445.0,384.0,34.0,0.0,0.0,0.0,0.0
Crosby - 0044,946.0,405.0,477.0,53.0,0.0,15.0,0.0,0.0
Dallam - 0001,541.0,97.0,406.0,0.0,0.0,0.0,0.0,0.0
Dallam - 0002,86.0,1.0,76.0,0.0,0.0,0.0,0.0,0.0
Dallam - 0003,35.0,0.0,46.0,0.0,0.0,0.0,0.0,0.0
Dallam - 0004,63.0,5.0,60.0,0.0,0.0,0.0,0.0,0.0
Dallam - 0005,39.0,0.0,50.0,0.0,0.0,0.0,0.0,0.0
Dallam - 0006,825.0,423.0,317.0,81.0,0.0,0.0,0.0,0.0
Dallam - 0007,621.0,401.0,201.0,0.0,0.0,0.0,0.0,0.0
Dallam - 0008,861.0,312.0,503.0,8.0,0.0,0.0,0.0,0.0
Dallam - 0009,715.0,374.0,269.0,0.0,0.0,0.0,0.0,0.0
Dallas - 1004,1220.0,142.0,854.0,94.0,33.0,59.0,0.0,9.0
Dallas - 1006,1220.0,73.0,1081.0,22.0,1.0,25.0,0.0,0.0
Dallas - 1007,330.0,21.0,270.0,4.0,2.0,15.0,0.0,0.0
Dallas - 1039,381.0,92.0,40.0,163.0,0.0,0.0,0.0,0.0
Dallas - 1040,3372.0,583.0,1389.0,1244.0,5.0,33.0,0.0,5.0
Dallas - 1041,1211.0,265.0,86.0,845.0,0.0,0.0,0.0,0.0
Dallas - 1043,3047.0,238.0,2264.0,412.0,0.0,102.0,0.0,0.0
Dallas - 1044,3114.0,378.0,2261.0,312.0,0.0,93.0,42.0,0.0
Dallas - 1045,3826.0,902.0,995.0,1725.0,2.0,103.0,12.0,0.0
Dallas - 1046,368.0,31.0,143.0,105.0,2.0,16.0,0.0,0.0
Dallas - 1047,1505.0,815.0,577.0,48.0,13.0,10.0,0.0,0.0
Dallas - 1048,2700.0,350.0,2142.0,89.0,29.0,56.0,0.0,0.0
Dallas - 1049,2031.0,285.0,1348.0,256.0,1.0,47.0,0.0,6.0
Dallas - 1050,139.0,10.0,118.0,0.0,0.0,1.0,0.0,0.0
Dallas - 1051,229.0,27.0,193.0,5.0,0.0,1.0,0.0,0.0
Dallas - 1052,4282.0,1157.0,2696.0,410.0,0.0,37.0,0.0,0.0
Dallas - 1054,2484.0,1289.0,665.0,190.0,0.0,224.0,0.0,9.0
Dallas - 1055,610.0,342.0,253.0,0.0,0.0,15.0,0.0,0.0
Dallas - 1056,1021.0,571.0,326.0,65.0,0.0,40.0,0.0,11.0
Dallas - 1057,1940.0,978.0,771.0,136.0,0.0,6.0,0.0,0.0
Dallas - 1058,1928.0,431.0,1250.0,72.0,0.0,0.0,0.0,0.0
Dallas - 1059,1503.0,263.0,1209.0,0.0,0.0,14.0,0.0,0.0
Dallas - 1060,3451.0,484.0,2730.0,138.0,0.0,59.0,0.0,0.0
Dallas - 1061,1486.0,247.0,1119.0,9.0,0.0,0.0,0.0,0.0
Dallas - 1062,52.0,37.0,11.0,0.0,0.0,0.0,0.0,0.0
Dallas - 1063,1618.0,784.0,491.0,264.0,4.0,35.0,0.0,0.0
Dallas - 1064,295.0,95.0,66.0,109.0,0.0,5.0,0.0,0.0
Dallas - 1065,3943.0,1392.0,721.0,1599.0,0.0,144.0,0.0,27.0
Dallas - 1067,19.0,14.0,6.0,0.0,0.0,0.0,0.0,0.0
Dallas - 1068,50.0,34.0,15.0,0.0,0.0,0.0,0.0,0.0
Dallas - 1076,62.0,41.0,6.0,17.0,0.0,0.0,0.0,0.0
Dallas - 1077,0.0,0.0,0.0,0.0,0.0,0.0,0.0,0.0
Dallas - 1078,1826.0,647.0,267.0,861.0,0.0,0.0,0.0,0.0
Dallas - 1079,1846.0,366.0,788.0,495.0,12.0,68.0,0.0,0.0
Dallas - 1080,1611.0,319.0,197.0,1028.0,1.0,9.0,0.0,0.0
Dallas - 1081,2953.0,1120.0,1350.0,344.0,0.0,78.0,0.0,42.0
Dallas - 1082,506.0,367.0,57.0,40.0,0.0,0.0,0.0,0.0
Dallas - 1083,2106.0,1435.0,461.0,194.0,0.0,13.0,0.0,0.0
Dallas - 1084,3605.0,725.0,1096.0,1675.0,12.0,76.0,0.0,0.0
Dallas - 1085,1752.0,1378.0,323.0,52.0,0.0,0.0,0.0,0.0
Dallas - 1086,914.0,364.0,178.0,291.0,0.0,29.0,0.0,4.0
Dallas - 1087,3556.0,1193.0,180.0,1931.0,0.0,232.0,0.0,22.0
Dallas - 1088,3681.0,2250.0,742.0,533.0,26.0,3.0,0.0,7.0
Dallas - 1089,2523.0,774.0,137.0,1527.0,0.0,81.0,0.0,0.0
Dallas - 1090,2787.0,1548.0,462.0,763.0,0.0,0.0,0.0,18.0
Dallas - 1091,2316.0,1264.0,385.0,677.0,0.0,2.0,0.0,0.0
Dallas - 1092,5074.0,2035.0,481.0,2488.0,0.0,70.0,0.0,0.0
Dallas - 1093,2141.0,923.0,100.0,1091.0,0.0,0.0,0.0,0.0
Dallas - 1094,1530.0,792.0,124.0,553.0,54.0,0.0,0.0,0.0
Dallas - 1095,1420.0,946.0,147.0,327.0,0.0,0.0,0.0,0.0
Dallas - 1096,1671.0,1391.0,81.0,190.0,0.0,0.0,0.0,0.0
Dallas - 1097,3369.0,1951.0,719.0,675.0,15.0,5.0,0.0,0.0
Dallas - 1098,1835.0,1093.0,125.0,555.0,0.0,62.0,0.0,0.0
Dallas - 1099,81.0,46.0,39.0,5.0,0.0,0.0,0.0,0.0
Dallas - 1100,3430.0,1234.0,109.0,1961.0,0.0,0.0,0.0,0.0
Dallas - 1101,2579.0,1882.0,146.0,477.0,4.0,0.0,0.0,0.0
Dallas - 1102,2293.0,1500.0,205.0,576.0,0.0,12.0,0.0,0.0
Dallas - 1103,577.0,359.0,112.0,98.0,0.0,0.0,0.0,0.0
Dallas - 1104,3035.0,1820.0,311.0,912.0,0.0,0.0,0.0,0.0
Dallas - 1105,32.0,11.0,3.0,4.0,0.0,0.0,0.0,0.0
Dallas - 1106,332.0,146.0,62.0,124.0,0.0,0.0,0.0,0.0
Dallas - 1107,1192.0,541.0,371.0,162.0,10.0,0.0,0.0,0.0
Dallas - 1108,2961.0,1769.0,387.0,764.0,13.0,10.0,0.0,0.0
Dallas - 1109,702.0,581.0,76.0,27.0,0.0,1.0,0.0,0.0
Dallas - 1110,23.0,8.0,0.0,4.0,0.0,0.0,0.0,0.0
Dallas - 1111,1917.0,1118.0,196.0,574.0,0.0,11.0,0.0,0.0
Dallas - 1113,351.0,219.0,14.0,110.0,0.0,0.0,2.0,0.0
Dallas - 1114,1211.0,322.0,73.0,836.0,0.0,14.0,0.0,1.0
Dallas - 1115,1995.0,1078.0,679.0,238.0,0.0,0.0,0.0,0.0
Dallas - 1116,1586.0,1147.0,334.0,47.0,0.0,3.0,4.0,0.0
Dallas - 1121,2499.0,1014.0,542.0,601.0,0.0,321.0,0.0,0.0
Dallas - 1124,15.0,11.0,3.0,0.0,0.0,0.0,0.0,0.0
Dallas - 1125,3719.0,934.0,791.0,1994.0,0.0,0.0,0.0,0.0
Dallas - 1128,783.0,37.0,591.0,161.0,0.0,28.0,0.0,0.0
Dallas - 1129,504.0,48.0,43.0,286.0,0.0,97.0,0.0,0.0
Dallas - 1133,307.0,64.0,219.0,17.0,0.0,8.0,0.0,0.0
Dallas - 1134,787.0,274.0,21.0,608.0,0.0,9.0,0.0,0.0
Dallas - 1135,1931.0,1098.0,241.0,454.0,0.0,0.0,0.0,4.0
Dallas - 1136,13.0,3.0,7.0,0.0,0.0,0.0,0.0,0.0
Dallas - 1137,23.0,14.0,8.0,0.0,0.0,0.0,0.0,0.0
Dallas - 1139,21.0,1.0,4.0,3.0,0.0,0.0,0.0,0.0
Dallas - 1140,0.0,0.0,0.0,0.0,0.0,0.0,0.0,0.0
Dallas - 1141,1336.0,118.0,1040.0,146.0,88.0,17.0,0.0,0.0
Dallas - 1142,2316.0,106.0,1893.0,185.0,0.0,50.0,0.0,0.0
Dallas - 1143,1603.0,36.0,1458.0,42.0,0.0,39.0,0.0,0.0
Dallas - 1144,2467.0,215.0,2037.0,88.0,0.0,44.0,4.0,0.0
Dallas - 1146,2461.0,163.0,2128.0,79.0,0.0,35.0,0.0,0.0
Dallas - 1147,826.0,100.0,613.0,40.0,0.0,75.0,0.0,0.0
Dallas - 1148,0.0,0.0,0.0,0.0,0.0,0.0,0.0,0.0
Dallas - 1151,56.0,16.0,57.0,4.0,0.0,0.0,0.0,0.0
Dallas - 1153,52.0,15.0,4.0,16.0,0.0,0.0,0.0,0.0
Dallas - 1159,0.0,0.0,0.0,0.0,0.0,0.0,0.0,0.0
Dallas - 1162,0.0,0.0,0.0,0.0,0.0,0.0,0.0,0.0
Dallas - 1163,1028.0,93.0,834.0,15.0,0.0,10.0,0.0,0.0
Dallas - 1164,2545.0,178.0,2145.0,171.0,0.0,34.0,0.0,0.0
Dallas - 1165,1674.0,75.0,1546.0,0.0,0.0,24.0,0.0,0.0
Dallas - 1168,3055.0,205.0,2656.0,20.0,0.0,173.0,0.0,0.0
Dallas - 1169,2574.0,248.0,2263.0,22.0,0.0,21.0,0.0,0.0
Dallas - 1170,1815.0,249.0,1168.0,55.0,0.0,291.0,0.0,18.0
Dallas - 1171,2240.0,311.0,1631.0,76.0,81.0,39.0,0.0,17.0
Dallas - 1172,1866.0,272.0,1447.0,130.0,1.0,46.0,0.0,0.0
Dallas - 1173,874.0,30.0,808.0,18.0,0.0,33.0,0.0,0.0
Dallas - 1174,2606.0,485.0,1906.0,69.0,0.0,6.0,0.0,0.0
Dallas - 1176,0.0,0.0,0.0,0.0,0.0,0.0,0.0,0.0
Dallas - 1300,3114.0,1773.0,938.0,366.0,0.0,0.0,0.0,0.0
Dallas - 1301,3435.0,1129.0,924.0,1221.0,0.0,188.0,4.0,0.0
Dallas - 1302,2900.0,425.0,883.0,1527.0,35.0,0.0,0.0,12.0
Dallas - 1303,250.0,71.0,34.0,147.0,0.0,1.0,0.0,0.0
Dallas - 1304,2859.0,916.0,862.0,897.0,0.0,78.0,19.0,0.0
Dallas - 1305,1800.0,1182.0,491.0,128.0,0.0,0.0,0.0,0.0
Dallas - 1307,549.0,54.0,40.0,486.0,0.0,0.0,0.0,0.0
Dallas - 1308,1993.0,1172.0,591.0,173.0,7.0,0.0,0.0,0.0
Dallas - 1309,882.0,230.0,68.0,553.0,0.0,0.0,0.0,0.0
Dallas - 1310,4740.0,2031.0,1568.0,1057.0,0.0,76.0,0.0,0.0
Dallas - 1311,2006.0,634.0,937.0,399.0,0.0,0.0,0.0,0.0
Dallas - 1312,1160.0,575.0,384.0,198.0,0.0,0.0,0.0,0.0
Dallas - 1313,258.0,85.0,17.0,137.0,0.0,75.0,0.0,0.0
Dallas - 1314,2287.0,1085.0,590.0,368.0,0.0,148.0,0.0,0.0
Dallas - 1315,48.0,17.0,8.0,16.0,0.0,0.0,0.0,0.0
Dallas - 1316,1537.0,103.0,211.0,938.0,0.0,0.0,0.0,0.0
Dallas - 1323,0.0,0.0,0.0,0.0,0.0,0.0,0.0,0.0
Dallas - 1324,2944.0,708.0,1185.0,784.0,13.0,202.0,0.0,0.0
Dallas - 1325,3484.0,724.0,1972.0,589.0,6.0,197.0,4.0,0.0
Dallas - 1326,1571.0,413.0,607.0,374.0,7.0,129.0,0.0,0.0
Dallas - 1327,4156.0,1211.0,1467.0,1355.0,0.0,78.0,0.0,6.0
Dallas - 1328,6.0,0.0,3.0,5.0,0.0,0.0,0.0,0.0
Dallas - 1329,14.0,5.0,9.0,1.0,0.0,0.0,0.0,0.0
Dallas - 1401,609.0,318.0,258.0,86.0,0.0,0.0,0.0,0.0
Dallas - 1402,3864.0,1281.0,755.0,1927.0,0.0,0.0,0.0,0.0
Dallas - 1403,69.0,30.0,39.0,2.0,0.0,0.0,0.0,0.0
Dallas - 1404,801.0,204.0,97.0,443.0,0.0,0.0,0.0,0.0
Dallas - 1405,269.0,68.0,115.0,101.0,0.0,0.0,0.0,0.0
Dallas - 1406,616.0,88.0,50.0,491.0,0.0,0.0,0.0,0.0
Dallas - 1407,8.0,4.0,3.0,0.0,0.0,0.0,0.0,0.0
Dallas - 1408,11.0,8.0,2.0,0.0,0.0,0.0,0.0,0.0
Dallas - 1409,783.0,447.0,169.0,337.0,0.0,0.0,0.0,0.0
Dallas - 1410,3248.0,942.0,410.0,1864.0,0.0,0.0,0.0,0.0
Dallas - 1411,4008.0,1653.0,898.0,1289.0,32.0,0.0,0.0,0.0
Dallas - 1412,604.0,318.0,125.0,77.0,4.0,0.0,0.0,0.0
Dallas - 1700,2604.0,1679.0,530.0,204.0,0.0,104.0,0.0,0.0
Dallas - 1701,2433.0,1051.0,884.0,239.0,0.0,125.0,0.0,0.0
Dallas - 1702,2961.0,1129.0,736.0,194.0,0.0,846.0,0.0,47.0
Dallas - 1703,4707.0,1169.0,1455.0,1298.0,0.0,727.0,0.0,0.0
Dallas - 1704,1427.0,390.0,330.0,292.0,0.0,385.0,7.0,0.0
Dallas - 1705,1962.0,575.0,596.0,445.0,0.0,317.0,0.0,0.0
Dallas - 1706,3784.0,1898.0,904.0,212.0,0.0,710.0,0.0,0.0
Dallas - 1707,875.0,480.0,91.0,225.0,0.0,49.0,0.0,23.0
Dallas - 1708,1066.0,320.0,466.0,188.0,0.0,32.0,0.0,46.0
Dallas - 1709,3756.0,1358.0,594.0,1058.0,50.0,609.0,0.0,0.0
Dallas - 1710,1632.0,1119.0,135.0,385.0,0.0,2.0,0.0,0.0
Dallas - 1711,2998.0,1695.0,862.0,274.0,0.0,10.0,7.0,0.0
Dallas - 1712,2209.0,590.0,1170.0,402.0,0.0,11.0,0.0,14.0
Dallas - 1713,1564.0,815.0,699.0,27.0,0.0,0.0,0.0,0.0
Dallas - 1714,2782.0,1629.0,895.0,192.0,0.0,0.0,0.0,4.0
Dallas - 1715,1720.0,962.0,436.0,183.0,7.0,127.0,0.0,5.0
Dallas - 1716,2587.0,537.0,1683.0,317.0,0.0,4.0,0.0,0.0
Dallas - 1717,3319.0,841.0,1112.0,1100.0,0.0,165.0,0.0,0.0
Dallas - 1718,1831.0,619.0,892.0,228.0,0.0,44.0,0.0,0.0
Dallas - 1719,3763.0,1551.0,967.0,1116.0,0.0,45.0,0.0,0.0
Dallas - 1720,2093.0,370.0,1195.0,339.0,0.0,84.0,0.0,0.0
Dallas - 1721,2180.0,799.0,932.0,257.0,6.0,148.0,0.0,0.0
Dallas - 1722,4093.0,1768.0,802.0,1401.0,0.0,53.0,0.0,0.0
Dallas - 1723,168.0,47.0,34.0,73.0,0.0,7.0,0.0,0.0
Dallas - 1724,168.0,26.0,52.0,88.0,0.0,1.0,0.0,0.0
Dallas - 1725,401.0,70.0,313.0,34.0,0.0,2.0,0.0,0.0
Dallas - 1726,1978.0,808.0,916.0,253.0,0.0,0.0,0.0,0.0
Dallas - 1727,287.0,188.0,85.0,4.0,0.0,0.0,0.0,0.0
Dallas - 1728,1818.0,1164.0,505.0,71.0,0.0,0.0,0.0,0.0
Dallas - 1729,1828.0,916.0,359.0,335.0,16.0,192.0,0.0,0.0
Dallas - 1730,0.0,0.0,0.0,0.0,0.0,0.0,0.0,0.0
Dallas - 1731,0.0,0.0,0.0,0.0,0.0,0.0,0.0,0.0
Dallas - 1732,1564.0,301.0,428.0,357.0,12.0,461.0,0.0,0.0
Dallas - 1733,4265.0,1483.0,1724.0,535.0,5.0,466.0,0.0,0.0
Dallas - 1734,1900.0,285.0,1043.0,206.0,0.0,328.0,0.0,0.0
Dallas - 1735,6003.0,887.0,2798.0,771.0,0.0,1349.0,0.0,33.0
Dallas - 1736,1401.0,192.0,748.0,186.0,0.0,202.0,0.0,16.0
Dallas - 1737,4217.0,345.0,2740.0,227.0,0.0,693.0,0.0,0.0
Dallas - 1738,3859.0,924.0,1413.0,1000.0,35.0,243.0,0.0,41.0
Dallas - 1739,2557.0,439.0,1021.0,460.0,15.0,608.0,0.0,0.0
Dallas - 1740,4656.0,733.0,1758.0,1250.0,0.0,874.0,0.0,18.0
Dallas - 1741,5447.0,1555.0,1372.0,1441.0,0.0,902.0,0.0,0.0
Dallas - 1742,6171.0,789.0,2275.0,2205.0,15.0,770.0,0.0,0.0
Dallas - 1743,4719.0,1022.0,2535.0,583.0,5.0,460.0,4.0,0.0
Dallas - 1744,58.0,8.0,24.0,10.0,0.0,2.0,0.0,0.0
Dallas - 1745,2322.0,1002.0,809.0,291.0,22.0,158.0,0.0,23.0
Dallas - 1746,1991.0,647.0,464.0,516.0,4.0,330.0,0.0,15.0
Dallas - 1747,4184.0,882.0,1233.0,1080.0,6.0,860.0,0.0,38.0
Dallas - 1748,2365.0,633.0,793.0,396.0,0.0,510.0,0.0,0.0
Dallas - 1749,4066.0,833.0,1281.0,652.0,0.0,1118.0,0.0,89.0
Dallas - 1750,4129.0,837.0,1584.0,607.0,0.0,557.0,0.0,6.0
Dallas - 1751,7046.0,591.0,3177.0,2266.0,0.0,734.0,0.0,33.0
Dallas - 1752,3542.0,719.0,1321.0,742.0,0.0,698.0,27.0,0.0
Dallas - 2000,17.0,9.0,8.0,0.0,0.0,0.0,0.0,0.0
Dallas - 2001,27.0,15.0,3.0,6.0,0.0,0.0,0.0,0.0
Dallas - 2002,1035.0,188.0,705.0,54.0,0.0,22.0,0.0,36.0
Dallas - 2003,2423.0,324.0,1908.0,63.0,0.0,84.0,0.0,32.0
Dallas - 2004,1864.0,249.0,1420.0,38.0,0.0,111.0,0.0,0.0
Dallas - 2005,913.0,226.0,587.0,23.0,0.0,39.0,0.0,8.0
Dallas - 2006,1386.0,88.0,1125.0,11.0,0.0,130.0,0.0,0.0
Dallas - 2007,2696.0,144.0,2285.0,1.0,0.0,201.0,0.0,12.0
Dallas - 2008,1074.0,46.0,869.0,9.0,2.0,92.0,0.0,22.0
Dallas - 2009,1829.0,304.0,1477.0,3.0,6.0,34.0,0.0,0.0
Dallas - 2010,1273.0,136.0,946.0,50.0,0.0,120.0,0.0,0.0
Dallas - 2011,1952.0,189.0,1591.0,14.0,0.0,132.0,0.0,5.0
Dallas - 2015,1493.0,37.0,1150.0,46.0,0.0,182.0,0.0,0.0
Dallas - 2016,2746.0,204.0,2304.0,147.0,0.0,69.0,0.0,0.0
Dallas - 2017,2692.0,532.0,877.0,942.0,0.0,145.0,0.0,12.0
Dallas - 2018,652.0,41.0,493.0,14.0,0.0,89.0,0.0,0.0
Dallas - 2019,1478.0,62.0,1235.0,27.0,0.0,146.0,0.0,0.0
Dallas - 2020,3102.0,283.0,2351.0,227.0,0.0,119.0,0.0,0.0
Dallas - 2021,2935.0,150.0,2640.0,0.0,6.0,120.0,0.0,1.0
Dallas - 2022,655.0,51.0,556.0,2.0,21.0,26.0,0.0,0.0
Dallas - 2023,1673.0,176.0,1452.0,40.0,0.0,19.0,0.0,6.0
Dallas - 2024,1773.0,128.0,1375.0,152.0,9.0,53.0,0.0,2.0
Dallas - 2025,2552.0,20.0,2289.0,120.0,0.0,49.0,0.0,44.0
Dallas - 2026,2533.0,73.0,2289.0,30.0,0.0,85.0,0.0,2.0
Dallas - 2027,1710.0,37.0,1595.0,9.0,0.0,27.0,0.0,6.0
Dallas - 2028,5.0,1.0,0.0,0.0,0.0,2.0,0.0,0.0
Dallas - 2030,1741.0,90.0,1529.0,38.0,0.0,41.0,0.0,8.0
Dallas - 2031,5593.0,607.0,3414.0,789.0,57.0,416.0,0.0,58.0
Dallas - 2032,2896.0,771.0,1633.0,300.0,0.0,137.0,0.0,0.0
Dallas - 2033,2171.0,278.0,1614.0,157.0,0.0,77.0,0.0,0.0
Dallas - 2035,3101.0,252.0,2008.0,490.0,0.0,188.0,0.0,0.0
Dallas - 2037,2234.0,280.0,1784.0,78.0,0.0,49.0,0.0,0.0
Dallas - 2038,3560.0,434.0,2762.0,28.0,14.0,299.0,0.0,0.0
Dallas - 2039,3029.0,189.0,2642.0,37.0,22.0,86.0,0.0,5.0
Dallas - 2040,1454.0,72.0,1232.0,88.0,0.0,40.0,0.0,0.0
Dallas - 2041,6018.0,573.0,3726.0,1249.0,0.0,189.0,227.0,46.0
Dallas - 2042,2680.0,152.0,2166.0,80.0,0.0,226.0,0.0,0.0
Dallas - 2043,1869.0,94.0,1556.0,63.0,0.0,125.0,0.0,0.0
Dallas - 2044,1244.0,213.0,691.0,184.0,0.0,23.0,0.0,0.0
Dallas - 2045,1493.0,194.0,1192.0,0.0,0.0,91.0,0.0,0.0
Dallas - 2046,1494.0,99.0,1268.0,47.0,0.0,61.0,0.0,0.0
Dallas - 2047,2100.0,167.0,1841.0,29.0,0.0,6.0,0.0,0.0
Dallas - 2048,5573.0,1333.0,2653.0,1231.0,0.0,205.0,0.0,12.0
Dallas - 2049,1063.0,105.0,876.0,38.0,0.0,63.0,0.0,0.0
Dallas - 2050,2582.0,623.0,1746.0,117.0,5.0,20.0,0.0,0.0
Dallas - 2051,2524.0,97.0,2218.0,82.0,0.0,47.0,15.0,22.0
Dallas - 2052,1204.0,68.0,1089.0,3.0,0.0,51.0,0.0,0.0
Dallas - 2053,4552.0,689.0,1794.0,1686.0,0.0,312.0,0.0,24.0
Dallas - 2054,4671.0,818.0,1849.0,1432.0,48.0,214.0,11.0,77.0
Dallas - 2055,2536.0,797.0,960.0,545.0,0.0,229.0,0.0,5.0
Dallas - 2056,1528.0,48.0,1123.0,258.0,0.0,41.0,0.0,0.0
Dallas - 2057,515.0,31.0,457.0,2.0,0.0,22.0,0.0,0.0
Dallas - 2058,1084.0,149.0,612.0,235.0,25.0,54.0,0.0,0.0
Dallas - 2074,1694.0,460.0,774.0,262.0,22.0,128.0,0.0,29.0
Dallas - 2076,4.0,0.0,5.0,1.0,0.0,0.0,0.0,0.0
Dallas - 2077,1512.0,58.0,1074.0,310.0,9.0,139.0,0.0,0.0
Dallas - 2079,3379.0,895.0,694.0,1291.0,0.0,272.0,0.0,0.0
Dallas - 2080,227.0,75.0,93.0,3.0,0.0,0.0,0.0,0.0
Dallas - 2081,752.0,376.0,78.0,285.0,0.0,28.0,0.0,14.0
Dallas - 2082,3621.0,1549.0,1114.0,903.0,5.0,8.0,0.0,34.0
Dallas - 2083,1493.0,356.0,929.0,8.0,0.0,95.0,0.0,5.0
Dallas - 2084,836.0,120.0,414.0,218.0,0.0,82.0,0.0,0.0
Dallas - 2085,360.0,64.0,248.0,2.0,0.0,39.0,0.0,0.0
Dallas - 2086,2751.0,290.0,2074.0,6.0,0.0,321.0,0.0,0.0
Dallas - 2087,2973.0,675.0,1857.0,260.0,10.0,50.0,0.0,0.0
Dallas - 2090,30.0,7.0,22.0,2.0,0.0,6.0,0.0,0.0
Dallas - 2091,694.0,80.0,653.0,15.0,0.0,4.0,0.0,0.0
Dallas - 2092,0.0,0.0,0.0,0.0,0.0,0.0,0.0,0.0
Dallas - 2094,1707.0,192.0,920.0,473.0,7.0,46.0,0.0,18.0
Dallas - 2095,3.0,2.0,0.0,0.0,0.0,0.0,0.0,0.0
Dallas - 2096,0.0,0.0,0.0,0.0,0.0,0.0,0.0,0.0
Dallas - 2097,0.0,0.0,0.0,0.0,0.0,0.0,0.0,0.0
Dallas - 2098,1608.0,172.0,1284.0,58.0,0.0,81.0,0.0,0.0
Dallas - 2099,4034.0,901.0,2186.0,359.0,19.0,507.0,0.0,0.0
Dallas - 20A8,109.0,34.0,18.0,49.0,0.0,6.0,0.0,0.0
Dallas - 2100,4289.0,986.0,2393.0,464.0,0.0,252.0,0.0,27.0
Dallas - 2101,2457.0,217.0,2105.0,44.0,9.0,49.0,0.0,0.0
Dallas - 2102,5436.0,411.0,4340.0,368.0,0.0,185.0,0.0,0.0
Dallas - 2103,1507.0,803.0,451.0,162.0,3.0,43.0,0.0,0.0
Dallas - 2104,464.0,29.0,220.0,88.0,7.0,91.0,0.0,27.0
Dallas - 2105,3345.0,468.0,1755.0,927.0,3.0,100.0,0.0,0.0
Dallas - 2106,2637.0,343.0,1114.0,827.0,4.0,106.0,0.0,33.0
Dallas - 2107,45.0,19.0,14.0,3.0,0.0,0.0,0.0,0.0
Dallas - 2108,590.0,155.0,354.0,35.0,0.0,34.0,0.0,0.0
Dallas - 2109,0.0,0.0,0.0,0.0,0.0,0.0,0.0,0.0
Dallas - 2110,749.0,555.0,20.0,138.0,0.0,0.0,0.0,0.0
Dallas - 2111,34.0,4.0,29.0,1.0,0.0,0.0,0.0,0.0
Dallas - 2112,148.0,15.0,62.0,31.0,0.0,6.0,0.0,0.0
Dallas - 2113,16.0,10.0,8.0,0.0,0.0,0.0,0.0,0.0
Dallas - 2114,2404.0,320.0,1948.0,0.0,0.0,20.0,0.0,0.0
Dallas - 2115,243.0,29.0,202.0,11.0,0.0,3.0,0.0,4.0
Dallas - 2116,310.0,43.0,218.0,25.0,0.0,7.0,0.0,0.0
Dallas - 2117,2504.0,455.0,937.0,1005.0,16.0,92.0,0.0,0.0
Dallas - 2118,1526.0,813.0,68.0,610.0,0.0,0.0,0.0,0.0
Dallas - 2119,734.0,353.0,135.0,50.0,0.0,70.0,0.0,0.0
Dallas - 2120,3416.0,527.0,720.0,1526.0,0.0,584.0,0.0,0.0
Dallas - 2121,2386.0,344.0,197.0,1745.0,0.0,0.0,0.0,38.0
Dallas - 2122,1715.0,275.0,584.0,735.0,0.0,123.0,0.0,0.0
Dallas - 2123,1701.0,148.0,476.0,818.0,13.0,155.0,0.0,0.0
Dallas - 2124,4881.0,809.0,882.0,2687.0,39.0,138.0,0.0,4.0
Dallas - 2125,5639.0,462.0,1012.0,3958.0,0.0,59.0,0.0,21.0
Dallas - 2126,989.0,84.0,516.0,344.0,0.0,21.0,0.0,0.0
Dallas - 2127,4820.0,541.0,1051.0,2202.0,4.0,912.0,4.0,0.0
Dallas - 2128,1902.0,203.0,1164.0,493.0,0.0,8.0,0.0,8.0
Dallas - 2129,1347.0,564.0,319.0,468.0,0.0,0.0,0.0,0.0
Dallas - 2130,2399.0,791.0,641.0,859.0,0.0,49.0,0.0,0.0
Dallas - 2131,3326.0,1024.0,956.0,1070.0,0.0,24.0,0.0,0.0
Dallas - 2132,869.0,310.0,315.0,208.0,0.0,46.0,0.0,0.0
Dallas - 2133,266.0,88.0,112.0,51.0,0.0,4.0,0.0,3.0
Dallas - 2134,2183.0,469.0,856.0,733.0,0.0,72.0,0.0,0.0
Dallas - 2137,2102.0,456.0,444.0,1139.0,26.0,91.0,0.0,23.0
Dallas - 2138,1505.0,656.0,389.0,335.0,0.0,51.0,0.0,0.0
Dallas - 2139,959.0,320.0,238.0,272.0,0.0,26.0,0.0,0.0
Dallas - 2140,1478.0,337.0,353.0,672.0,0.0,23.0,0.0,11.0
Dallas - 2141,1494.0,354.0,464.0,547.0,0.0,0.0,0.0,0.0
Dallas - 2142,2062.0,480.0,333.0,778.0,0.0,270.0,32.0,48.0
Dallas - 2143,547.0,48.0,272.0,118.0,4.0,28.0,0.0,3.0
Dallas - 2144,1501.0,106.0,1285.0,29.0,0.0,72.0,0.0,0.0
Dallas - 2145,4040.0,834.0,2660.0,303.0,23.0,101.0,0.0,0.0
Dallas - 2146,3357.0,833.0,1367.0,791.0,0.0,171.0,0.0,0.0
Dallas - 2147,2088.0,195.0,1800.0,31.0,18.0,28.0,0.0,0.0
Dallas - 2148,1467.0,498.0,579.0,225.0,0.0,109.0,0.0,0.0
Dallas - 2149,2100.0,428.0,1225.0,405.0,1.0,59.0,0.0,0.0
Dallas - 2150,1525.0,1183.0,232.0,67.0,3.0,11.0,0.0,0.0
Dallas - 2151,341.0,87.0,218.0,0.0,31.0,4.0,0.0,0.0
Dallas - 2152,2752.0,687.0,1143.0,742.0,0.0,114.0,0.0,33.0
Dallas - 2153,1683.0,327.0,806.0,494.0,2.0,63.0,0.0,0.0
Dallas - 2154,73.0,13.0,33.0,16.0,0.0,0.0,0.0,0.0
Dallas - 2155,2020.0,216.0,1535.0,204.0,0.0,39.0,0.0,0.0
Dallas - 2200,1849.0,68.0,1732.0,0.0,0.0,69.0,0.0,0.0
Dallas - 2201,1724.0,7.0,1657.0,10.0,0.0,25.0,0.0,0.0
Dallas - 2202,1548.0,85.0,1371.0,0.0,0.0,76.0,0.0,0.0
Dallas - 2203,1252.0,52.0,1153.0,0.0,0.0,40.0,0.0,0.0
Dallas - 2220,1441.0,49.0,1361.0,0.0,0.0,12.0,0.0,0.0
Dallas - 2221,3260.0,7.0,3140.0,0.0,0.0,119.0,0.0,0.0
Dallas - 2222,2658.0,90.0,2504.0,0.0,7.0,28.0,0.0,0.0
Dallas - 2223,1366.0,205.0,1046.0,14.0,4.0,64.0,0.0,2.0
Dallas - 2224,4824.0,683.0,3207.0,210.0,34.0,583.0,0.0,14.0
Dallas - 2225,1451.0,140.0,1222.0,27.0,5.0,33.0,0.0,3.0
Dallas - 2226,2202.0,129.0,1914.0,40.0,7.0,43.0,0.0,10.0
Dallas - 2300,1498.0,830.0,499.0,48.0,0.0,21.0,0.0,0.0
Dallas - 2301,1753.0,180.0,1326.0,77.0,5.0,105.0,0.0,0.0
Dallas - 2302,2218.0,1291.0,747.0,88.0,0.0,53.0,0.0,0.0
Dallas - 2303,1981.0,906.0,1030.0,7.0,0.0,29.0,0.0,0.0
Dallas - 2305,2904.0,352.0,1257.0,885.0,30.0,149.0,0.0,44.0
Dallas - 2306,1014.0,238.0,667.0,0.0,0.0,109.0,0.0,0.0
Dallas - 2307,861.0,328.0,454.0,48.0,6.0,8.0,0.0,0.0
Dallas - 2308,2305.0,328.0,911.0,338.0,0.0,628.0,0.0,0.0
Dallas - 2309,2505.0,320.0,1089.0,722.0,17.0,282.0,0.0,0.0
Dallas - 2310,1995.0,619.0,1279.0,28.0,0.0,62.0,0.0,0.0
Dallas - 2311,679.0,527.0,89.0,32.0,0.0,4.0,0.0,0.0
Dallas - 2312,295.0,208.0,58.0,22.0,0.0,7.0,0.0,0.0
Dallas - 2313,0.0,0.0,0.0,0.0,0.0,0.0,0.0,0.0
Dallas - 2315,289.0,44.0,112.0,88.0,0.0,31.0,0.0,0.0
Dallas - 2316,1409.0,304.0,952.0,0.0,0.0,39.0,0.0,0.0
Dallas - 2400,325.0,61.0,234.0,15.0,0.0,2.0,0.0,0.0
Dallas - 2401,3832.0,821.0,2192.0,161.0,0.0,455.0,0.0,0.0
Dallas - 2402,3390.0,489.0,1316.0,613.0,0.0,889.0,0.0,10.0
Dallas - 2403,18.0,5.0,4.0,1.0,0.0,2.0,0.0,0.0
Dallas - 2404,2366.0,933.0,947.0,223.0,0.0,249.0,0.0,0.0
Dallas - 2405,3036.0,578.0,1992.0,196.0,0.0,164.0,0.0,0.0
Dallas - 2406,4097.0,925.0,1518.0,1067.0,0.0,486.0,0.0,0.0
Dallas - 2407,4308.0,1384.0,1903.0,478.0,10.0,465.0,0.0,8.0
Dallas - 2408,2710.0,1112.0,1229.0,178.0,0.0,196.0,0.0,11.0
Dallas - 2409,2590.0,1825.0,557.0,4.0,0.0,144.0,0.0,4.0
Dallas - 2410,2988.0,715.0,1616.0,521.0,9.0,25.0,0.0,39.0
Dallas - 2411,1003.0,565.0,351.0,61.0,0.0,28.0,0.0,0.0
Dallas - 2412,9.0,2.0,4.0,5.0,0.0,0.0,0.0,0.0
Dallas - 2417,336.0,95.0,159.0,28.0,0.0,31.0,0.0,0.0
Dallas - 2500,1743.0,238.0,1136.0,100.0,21.0,161.0,0.0,0.0
Dallas - 2501,2181.0,225.0,1668.0,55.0,0.0,42.0,0.0,0.0
Dallas - 2502,1724.0,23.0,1600.0,20.0,0.0,45.0,0.0,0.0
Dallas - 2503,2205.0,125.0,1998.0,24.0,0.0,17.0,0.0,25.0
Dallas - 2504,1517.0,345.0,962.0,66.0,11.0,87.0,0.0,36.0
Dallas - 2505,2891.0,674.0,1704.0,311.0,0.0,175.0,0.0,0.0
Dallas - 2506,1726.0,443.0,1127.0,23.0,0.0,60.0,0.0,0.0
Dallas - 2507,2156.0,496.0,1546.0,50.0,6.0,10.0,0.0,11.0
Dallas - 2508,4496.0,1044.0,2099.0,863.0,0.0,409.0,0.0,28.0
Dallas - 2509,2594.0,247.0,1889.0,80.0,0.0,331.0,0.0,0.0
Dallas - 2510,1745.0,287.0,1047.0,90.0,0.0,255.0,0.0,11.0
Dallas - 2511,2228.0,598.0,1254.0,130.0,21.0,225.0,0.0,0.0
Dallas - 2512,1517.0,34.0,1213.0,25.0,9.0,236.0,0.0,0.0
Dallas - 2513,2431.0,337.0,1275.0,305.0,0.0,442.0,0.0,14.0
Dallas - 2514,2683.0,807.0,1424.0,297.0,0.0,95.0,0.0,55.0
Dallas - 2515,912.0,138.0,535.0,85.0,0.0,58.0,0.0,22.0
Dallas - 2517,3695.0,293.0,1149.0,1309.0,4.0,721.0,0.0,80.0
Dallas - 2518,1816.0,183.0,1084.0,416.0,0.0,99.0,0.0,16.0
Dallas - 2519,3424.0,1279.0,1629.0,285.0,0.0,116.0,24.0,0.0
Dallas - 2520,3928.0,724.0,1970.0,692.0,9.0,545.0,11.0,16.0
Dallas - 2521,2718.0,489.0,1760.0,273.0,13.0,125.0,0.0,4.0
Dallas - 2523,1751.0,170.0,714.0,278.0,0.0,401.0,0.0,32.0
Dallas - 2601,2336.0,242.0,886.0,482.0,0.0,725.0,0.0,0.0
Dallas - 2602,2637.0,177.0,819.0,853.0,17.0,801.0,0.0,0.0
Dallas - 2603,3577.0,251.0,1056.0,312.0,15.0,1756.0,0.0,0.0
Dallas - 2604,3202.0,396.0,1100.0,1064.0,5.0,510.0,0.0,0.0
Dallas - 2605,2517.0,55.0,501.0,17.0,0.0,1884.0,0.0,0.0
Dallas - 2606,2592.0,274.0,1019.0,630.0,18.0,504.0,0.0,53.0
Dallas - 2607,0.0,0.0,0.0,0.0,0.0,0.0,0.0,0.0
Dallas - 2608,2657.0,228.0,1377.0,281.0,0.0,755.0,0.0,5.0
Dallas - 2609,12.0,3.0,0.0,0.0,0.0,4.0,0.0,0.0
Dallas - 2610,0.0,0.0,0.0,0.0,0.0,0.0,0.0,0.0
Dallas - 2611,2075.0,400.0,612.0,321.0,0.0,644.0,17.0,0.0
Dallas - 2612,629.0,51.0,185.0,187.0,0.0,59.0,0.0,0.0
Dallas - 2613,4865.0,727.0,1941.0,357.0,0.0,1444.0,0.0,64.0
Dallas - 2614,259.0,10.0,21.0,12.0,0.0,206.0,0.0,0.0
Dallas - 2800,0.0,0.0,0.0,0.0,0.0,0.0,0.0,0.0
Dallas - 2801,2857.0,510.0,1861.0,72.0,0.0,352.0,0.0,0.0
Dallas - 2802,4329.0,680.0,2511.0,231.0,5.0,864.0,0.0,37.0
Dallas - 2803,1084.0,64.0,884.0,27.0,0.0,109.0,0.0,0.0
Dallas - 2804,2027.0,237.0,1208.0,50.0,0.0,504.0,0.0,0.0
Dallas - 2805,3330.0,251.0,2034.0,122.0,0.0,888.0,0.0,0.0
Dallas - 2806,2341.0,175.0,1592.0,176.0,0.0,333.0,0.0,9.0
Dallas - 2807,2274.0,184.0,1404.0,77.0,0.0,484.0,0.0,87.0
Dallas - 2808,2858.0,221.0,1177.0,321.0,0.0,1126.0,0.0,3.0
Dallas - 2809,3955.0,763.0,2080.0,813.0,0.0,180.0,31.0,33.0
Dallas - 2810,39.0,5.0,25.0,0.0,0.0,3.0,0.0,2.0
Dallas - 2900,3185.0,572.0,2031.0,297.0,0.0,171.0,0.0,38.0
Dallas - 2901,2370.0,526.0,985.0,600.0,0.0,108.0,0.0,16.0
Dallas - 2902,2976.0,566.0,1523.0,641.0,0.0,125.0,0.0,5.0
Dallas - 2903,3892.0,565.0,2386.0,542.0,6.0,165.0,0.0,32.0
Dallas - 2904,35.0,9.0,5.0,6.0,0.0,4.0,0.0,0.0
Dallas - 2905,457.0,22.0,445.0,9.0,0.0,0.0,0.0,0.0
Dallas - 2910,188.0,64.0,59.0,10.0,0.0,6.0,0.0,1.0
Dallas - 2911,527.0,58.0,128.0,58.0,0.0,272.0,0.0,0.0
Dallas - 2913,20.0,6.0,6.0,3.0,0.0,0.0,0.0,0.0
Dallas - 29A1,231.0,72.0,65.0,67.0,0.0,4.0,0.0,3.0
Dallas - 3000,4349.0,534.0,3243.0,118.0,0.0,289.0,0.0,14.0
Dallas - 3001,862.0,100.0,85.0,642.0,0.0,0.0,0.0,0.0
Dallas - 3002,1162.0,602.0,129.0,288.0,0.0,29.0,0.0,0.0
Dallas - 3003,1866.0,590.0,328.0,930.0,0.0,8.0,0.0,0.0
Dallas - 3004,1835.0,532.0,768.0,519.0,0.0,23.0,0.0,0.0
Dallas - 3005,1245.0,184.0,771.0,110.0,0.0,123.0,0.0,0.0
Dallas - 3006,5151.0,566.0,3739.0,301.0,0.0,526.0,0.0,0.0
Dallas - 3007,1896.0,265.0,1338.0,86.0,1.0,108.0,0.0,0.0
Dallas - 3008,1790.0,330.0,680.0,686.0,9.0,42.0,0.0,91.0
Dallas - 3009,0.0,0.0,0.0,0.0,0.0,0.0,0.0,0.0
Dallas - 3010,541.0,116.0,51.0,432.0,0.0,7.0,0.0,0.0
Dallas - 3011,1261.0,177.0,790.0,69.0,0.0,202.0,0.0,0.0
Dallas - 3012,236.0,101.0,0.0,114.0,0.0,0.0,0.0,0.0
Dallas - 3013,1436.0,651.0,494.0,225.0,2.0,0.0,0.0,8.0
Dallas - 3014,4641.0,2228.0,1547.0,686.0,0.0,74.0,0.0,0.0
Dallas - 3015,416.0,261.0,94.0,29.0,0.0,9.0,0.0,0.0
Dallas - 3016,1832.0,484.0,692.0,468.0,42.0,43.0,0.0,38.0
Dallas - 3017,705.0,22.0,65.0,574.0,0.0,4.0,0.0,15.0
Dallas - 3018,1613.0,265.0,96.0,1204.0,4.0,0.0,0.0,0.0
Dallas - 3019,1061.0,58.0,81.0,854.0,0.0,13.0,0.0,0.0
Dallas - 3020,252.0,19.0,194.0,71.0,0.0,6.0,0.0,0.0
Dallas - 3021,1496.0,317.0,52.0,1058.0,0.0,0.0,0.0,0.0
Dallas - 3022,2003.0,388.0,176.0,1373.0,0.0,66.0,0.0,0.0
Dallas - 3023,1461.0,249.0,27.0,1166.0,0.0,0.0,0.0,0.0
Dallas - 3024,1907.0,518.0,75.0,1132.0,0.0,0.0,0.0,5.0
Dallas - 3025,236.0,85.0,0.0,105.0,0.0,0.0,0.0,0.0
Dallas - 3026,944.0,91.0,53.0,676.0,0.0,0.0,0.0,0.0
Dallas - 3027,1422.0,123.0,105.0,932.0,0.0,105.0,0.0,115.0
Dallas - 3028,813.0,150.0,0.0,565.0,0.0,0.0,0.0,0.0
Dallas - 3029,1062.0,209.0,0.0,820.0,0.0,0.0,2.0,0.0
Dallas - 3030,9.0,2.0,5.0,0.0,0.0,0.0,0.0,0.0
Dallas - 3031,887.0,438.0,101.0,376.0,0.0,0.0,0.0,0.0
Dallas - 3032,1282.0,870.0,223.0,139.0,0.0,41.0,0.0,0.0
Dallas - 3033,657.0,210.0,0.0,342.0,105.0,0.0,0.0,0.0
Dallas - 3034,1531.0,430.0,94.0,991.0,0.0,0.0,0.0,70.0
Dallas - 3035,1900.0,650.0,70.0,1127.0,2.0,19.0,0.0,0.0
Dallas - 3036,58.0,31.0,0.0,16.0,0.0,0.0,0.0,0.0
Dallas - 3037,691.0,269.0,5.0,434.0,0.0,0.0,0.0,0.0
Dallas - 3038,796.0,260.0,11.0,474.0,0.0,5.0,0.0,2.0
Dallas - 3039,2040.0,293.0,74.0,1690.0,0.0,0.0,0.0,2.0
Dallas - 3040,2088.0,438.0,69.0,1575.0,20.0,0.0,0.0,0.0
Dallas - 3041,335.0,170.0,0.0,93.0,0.0,0.0,0.0,0.0
Dallas - 3042,1646.0,317.0,66.0,1214.0,0.0,0.0,0.0,0.0
Dallas - 3043,1938.0,291.0,156.0,1505.0,0.0,0.0,0.0,0.0
Dallas - 3044,3013.0,828.0,104.0,2054.0,3.0,0.0,0.0,0.0
Dallas - 3045,554.0,115.0,32.0,382.0,5.0,0.0,0.0,0.0
Dallas - 3046,3193.0,1303.0,399.0,1441.0,0.0,18.0,4.0,0.0
Dallas - 3047,4405.0,828.0,961.0,2519.0,9.0,60.0,0.0,0.0
Dallas - 3048,2522.0,502.0,171.0,1842.0,0.0,0.0,0.0,0.0
Dallas - 3049,1843.0,504.0,74.0,1272.0,0.0,11.0,0.0,0.0
Dallas - 3050,2218.0,829.0,102.0,1192.0,11.0,0.0,0.0,0.0
Dallas - 3051,885.0,252.0,146.0,457.0,0.0,0.0,0.0,0.0
Dallas - 3052,3107.0,223.0,12.0,2896.0,12.0,0.0,0.0,0.0
Dallas - 3053,4772.0,1177.0,172.0,3292.0,102.0,0.0,0.0,0.0
Dallas - 3054,2380.0,430.0,520.0,1362.0,0.0,0.0,0.0,27.0
Dallas - 3055,1743.0,245.0,231.0,1257.0,0.0,0.0,0.0,25.0
Dallas - 3056,2233.0,211.0,279.0,1701.0,3.0,4.0,6.0,25.0
Dallas - 3057,2656.0,1061.0,231.0,1305.0,2.0,0.0,3.0,25.0
Dallas - 3058,1399.0,352.0,28.0,1019.0,0.0,0.0,0.0,0.0
Dallas - 3059,1427.0,178.0,32.0,1216.0,0.0,0.0,0.0,0.0
Dallas - 3060,788.0,97.0,0.0,688.0,0.0,5.0,0.0,0.0
Dallas - 3061,1300.0,351.0,0.0,931.0,0.0,18.0,0.0,0.0
Dallas - 3062,3657.0,488.0,91.0,2697.0,0.0,131.0,0.0,0.0
Dallas - 3063,3807.0,486.0,85.0,3220.0,0.0,0.0,0.0,4.0
Dallas - 3064,2592.0,520.0,99.0,1866.0,0.0,72.0,0.0,0.0
Dallas - 3065,3426.0,1120.0,73.0,2194.0,0.0,40.0,0.0,0.0
Dallas - 3066,2537.0,471.0,127.0,1909.0,0.0,25.0,0.0,0.0
Dallas - 3067,4341.0,320.0,186.0,3555.0,0.0,0.0,0.0,0.0
Dallas - 3068,4662.0,887.0,302.0,3363.0,5.0,110.0,0.0,0.0
Dallas - 3069,1766.0,179.0,46.0,1463.0,7.0,12.0,0.0,17.0
Dallas - 3070,3380.0,659.0,130.0,2569.0,2.0,19.0,0.0,0.0
Dallas - 3071,2109.0,145.0,47.0,1938.0,0.0,0.0,0.0,0.0
Dallas - 3072,94.0,38.0,4.0,46.0,2.0,0.0,0.0,0.0
Dallas - 3073,202.0,29.0,1.0,177.0,0.0,6.0,0.0,0.0
Dallas - 3074,1238.0,1085.0,71.0,50.0,0.0,24.0,0.0,0.0
Dallas - 3075,152.0,71.0,14.0,45.0,0.0,0.0,0.0,0.0
Dallas - 3076,0.0,0.0,0.0,0.0,0.0,0.0,0.0,0.0
Dallas - 3077,3544.0,1397.0,244.0,1499.0,0.0,219.0,0.0,0.0
Dallas - 3078,3068.0,802.0,441.0,1702.0,0.0,13.0,0.0,29.0
Dallas - 3079,1088.0,646.0,296.0,140.0,0.0,0.0,0.0,0.0
Dallas - 3080,1683.0,877.0,278.0,461.0,0.0,39.0,0.0,0.0
Dallas - 3081,1495.0,210.0,1106.0,20.0,0.0,94.0,0.0,11.0
Dallas - 3082,4084.0,1668.0,209.0,2180.0,4.0,33.0,0.0,0.0
Dallas - 3083,1634.0,962.0,180.0,430.0,0.0,0.0,0.0,0.0
Dallas - 3084,1885.0,719.0,481.0,631.0,0.0,19.0,0.0,0.0
Dallas - 3085,638.0,338.0,148.0,120.0,0.0,0.0,0.0,0.0
Dallas - 3086,4886.0,478.0,3867.0,130.0,0.0,239.0,0.0,0.0
Dallas - 3087,0.0,0.0,0.0,0.0,0.0,0.0,0.0,0.0
Dallas - 3088,112.0,49.0,22.0,35.0,0.0,0.0,0.0,0.0
Dallas - 3089,113.0,7.0,74.0,1.0,0.0,19.0,0.0,0.0
Dallas - 3090,2389.0,440.0,1085.0,626.0,0.0,77.0,0.0,21.0
Dallas - 3091,0.0,0.0,0.0,0.0,0.0,0.0,0.0,0.0
Dallas - 3092,2589.0,318.0,51.0,2129.0,17.0,0.0,0.0,0.0
Dallas - 3093,36.0,29.0,2.0,4.0,0.0,0.0,0.0,0.0
Dallas - 3094,33.0,0.0,16.0,7.0,0.0,2.0,0.0,13.0
Dallas - 3095,3274.0,568.0,1567.0,841.0,19.0,152.0,0.0,4.0
Dallas - 3096,3758.0,481.0,2236.0,665.0,37.0,146.0,0.0,59.0
Dallas - 3097,121.0,28.0,20.0,80.0,0.0,0.0,0.0,0.0
Dallas - 3098,254.0,82.0,0.0,172.0,3.0,0.0,0.0,0.0
Dallas - 3099,349.0,80.0,4.0,224.0,0.0,0.0,0.0,6.0
Dallas - 30A4,7.0,4.0,0.0,2.0,0.0,0.0,0.0,0.0
Dallas - 30A6,0.0,0.0,0.0,0.0,0.0,0.0,0.0,0.0
Dallas - 30C4,0.0,0.0,0.0,0.0,0.0,0.0,0.0,0.0
Dallas - 30T4,22.0,10.0,0.0,1.0,0.0,0.0,0.0,0.0
Dallas - 30T6,0.0,0.0,0.0,0.0,0.0,0.0,0.0,0.0
Dallas - 3100,2700.0,151.0,404.0,2047.0,0.0,35.0,0.0,42.0
Dallas - 3101,1292.0,158.0,84.0,889.0,0.0,9.0,0.0,0.0
Dallas - 3102,3043.0,454.0,510.0,1815.0,0.0,115.0,0.0,71.0
Dallas - 3103,3148.0,328.0,174.0,2613.0,0.0,0.0,0.0,0.0
Dallas - 3104,2557.0,685.0,382.0,1448.0,0.0,30.0,0.0,0.0
Dallas - 3105,2015.0,415.0,555.0,900.0,15.0,2.0,0.0,6.0
Dallas - 3106,4005.0,505.0,728.0,2585.0,7.0,61.0,0.0,0.0
Dallas - 3107,2585.0,340.0,180.0,2029.0,0.0,52.0,0.0,4.0
Dallas - 3108,3447.0,633.0,1537.0,1117.0,0.0,17.0,0.0,51.0
Dallas - 3109,3507.0,751.0,1178.0,1188.0,0.0,230.0,0.0,82.0
Dallas - 3110,2504.0,552.0,335.0,1608.0,0.0,0.0,0.0,0.0
Dallas - 3111,0.0,0.0,0.0,0.0,0.0,0.0,0.0,0.0
Dallas - 3112,41.0,9.0,5.0,22.0,0.0,6.0,0.0,0.0
Dallas - 3113,17.0,1.0,0.0,15.0,0.0,0.0,0.0,0.0
Dallas - 3114,0.0,0.0,0.0,0.0,0.0,0.0,0.0,0.0
Dallas - 3115,2535.0,522.0,315.0,1512.0,0.0,109.0,0.0,18.0
Dallas - 3116,10.0,3.0,0.0,5.0,0.0,0.0,0.0,0.0
Dallas - 3117,118.0,14.0,26.0,75.0,4.0,0.0,0.0,0.0
Dallas - 3119,0.0,0.0,0.0,0.0,0.0,0.0,0.0,0.0
Dallas - 31A4,0.0,0.0,0.0,0.0,0.0,0.0,0.0,0.0
Dallas - 31A5,0.0,0.0,0.0,0.0,0.0,0.0,0.0,0.0
Dallas - 3200,2224.0,492.0,1009.0,715.0,0.0,13.0,0.0,33.0
Dallas - 3201,1617.0,547.0,659.0,410.0,0.0,11.0,0.0,0.0
Dallas - 3202,2200.0,321.0,546.0,1167.0,34.0,71.0,0.0,0.0
Dallas - 3203,2124.0,851.0,482.0,626.0,0.0,42.0,0.0,3.0
Dallas - 3204,3018.0,1124.0,892.0,954.0,0.0,2.0,0.0,0.0
Dallas - 3205,1628.0,590.0,104.0,908.0,1.0,0.0,0.0,0.0
Dallas - 3206,2291.0,631.0,1106.0,452.0,33.0,19.0,0.0,0.0
Dallas - 3207,3857.0,1508.0,762.0,1490.0,0.0,43.0,0.0,24.0
Dallas - 3208,2309.0,567.0,1029.0,559.0,0.0,124.0,0.0,24.0
Dallas - 3209,153.0,55.0,75.0,18.0,0.0,0.0,0.0,0.0
Dallas - 3210,2237.0,420.0,894.0,840.0,4.0,11.0,0.0,11.0
Dallas - 3211,1350.0,986.0,224.0,139.0,0.0,0.0,0.0,0.0
Dallas - 32A0,0.0,0.0,0.0,0.0,0.0,0.0,0.0,0.0
Dallas - 32A1,0.0,0.0,0.0,0.0,0.0,0.0,0.0,0.0
Dallas - 32C1,0.0,0.0,0.0,0.0,0.0,0.0,0.0,0.0
Dallas - 32T0,0.0,0.0,0.0,0.0,0.0,0.0,0.0,0.0
Dallas - 32T1,0.0,0.0,0.0,0.0,0.0,0.0,0.0,0.0
Dallas - 3304,3193.0,739.0,1462.0,766.0,7.0,164.0,0.0,15.0
Dallas - 3305,4800.0,1278.0,1846.0,1032.0,3.0,331.0,0.0,0.0
Dallas - 3306,2348.0,727.0,773.0,612.0,0.0,40.0,0.0,93.0
Dallas - 3307,3300.0,1248.0,909.0,1116.0,0.0,114.0,0.0,0.0
Dallas - 3308,3242.0,1289.0,1354.0,442.0,11.0,45.0,0.0,16.0
Dallas - 3309,2269.0,606.0,932.0,766.0,0.0,0.0,0.0,0.0
Dallas - 3310,3493.0,1281.0,1478.0,572.0,0.0,114.0,0.0,0.0
Dallas - 3311,2490.0,731.0,1372.0,264.0,7.0,27.0,0.0,0.0
Dallas - 3312,2893.0,679.0,584.0,1498.0,0.0,93.0,0.0,0.0
Dallas - 3313,3640.0,798.0,1039.0,1455.0,8.0,161.0,36.0,84.0
Dallas - 3314,3617.0,1135.0,735.0,1457.0,0.0,156.0,0.0,17.0
Dallas - 3315,2683.0,668.0,764.0,1047.0,0.0,56.0,0.0,24.0
Dallas - 3316,2634.0,721.0,1074.0,578.0,5.0,164.0,0.0,6.0
Dallas - 3317,3112.0,877.0,518.0,1721.0,0.0,0.0,0.0,13.0
Dallas - 3318,1879.0,306.0,611.0,846.0,0.0,88.0,0.0,20.0
Dallas - 3319,64.0,10.0,13.0,54.0,0.0,0.0,0.0,0.0
Dallas - 3321,0.0,0.0,0.0,0.0,0.0,0.0,0.0,0.0
Dallas - 3325,1523.0,260.0,232.0,858.0,0.0,152.0,0.0,0.0
Dallas - 3327,13.0,6.0,1.0,0.0,0.0,0.0,0.0,0.0
Dallas - 3328,62.0,16.0,32.0,7.0,0.0,0.0,0.0,0.0
Dallas - 3500,3922.0,403.0,1929.0,283.0,0.0,1188.0,0.0,0.0
Dallas - 3501,9.0,3.0,2.0,0.0,0.0,5.0,0.0,0.0
Dallas - 3503,1151.0,112.0,580.0,325.0,5.0,127.0,0.0,0.0
Dallas - 3504,674.0,92.0,382.0,16.0,0.0,131.0,0.0,0.0
Dallas - 3600,3169.0,617.0,476.0,1897.0,0.0,26.0,0.0,17.0
Dallas - 3601,1745.0,185.0,338.0,1101.0,8.0,0.0,0.0,50.0
Dallas - 3602,817.0,32.0,64.0,763.0,0.0,16.0,0.0,0.0
Dallas - 3603,325.0,16.0,60.0,241.0,0.0,1.0,0.0,0.0
Dallas - 3604,3546.0,361.0,364.0,2624.0,0.0,34.0,0.0,7.0
Dallas - 3605,2635.0,405.0,565.0,1566.0,0.0,0.0,0.0,44.0
Dallas - 3606,2258.0,137.0,127.0,1931.0,0.0,2.0,0.0,0.0
Dallas - 3607,4828.0,408.0,150.0,4115.0,6.0,0.0,0.0,0.0
Dallas - 3608,3533.0,133.0,172.0,2909.0,0.0,101.0,0.0,0.0
Dallas - 3609,3549.0,879.0,291.0,2095.0,0.0,52.0,0.0,27.0
Dallas - 3610,683.0,289.0,113.0,294.0,0.0,0.0,0.0,2.0
Dallas - 3611,1562.0,520.0,99.0,911.0,0.0,0.0,0.0,0.0
Dallas - 3612,2973.0,291.0,277.0,2333.0,0.0,32.0,0.0,0.0
Dallas - 3613,631.0,183.0,240.0,235.0,0.0,0.0,0.0,0.0
Dallas - 3614,866.0,138.0,75.0,573.0,0.0,20.0,0.0,0.0
Dallas - 3615,3327.0,444.0,92.0,2554.0,0.0,31.0,0.0,4.0
Dallas - 3616,359.0,55.0,49.0,219.0,0.0,0.0,0.0,3.0
Dallas - 3617,2707.0,130.0,79.0,2441.0,0.0,35.0,0.0,0.0
Dallas - 3618,967.0,117.0,16.0,847.0,0.0,6.0,0.0,0.0
Dallas - 3619,336.0,102.0,209.0,49.0,0.0,7.0,0.0,0.0
Dallas - 3620,1601.0,134.0,135.0,1316.0,0.0,16.0,0.0,0.0
Dallas - 3621,562.0,18.0,50.0,477.0,0.0,0.0,0.0,0.0
Dallas - 3701,8.0,2.0,2.0,0.0,0.0,1.0,0.0,0.0
Dallas - 3702,0.0,0.0,0.0,0.0,0.0,0.0,0.0,0.0
Dallas - 3800,5060.0,566.0,135.0,4377.0,0.0,2.0,0.0,0.0
Dallas - 3801,547.0,450.0,66.0,48.0,0.0,0.0,0.0,0.0
Dallas - 3802,4221.0,730.0,544.0,2748.0,0.0,11.0,4.0,134.0
Dallas - 3803,4239.0,414.0,287.0,3419.0,0.0,81.0,0.0,0.0
Dallas - 3805,6450.0,606.0,301.0,5272.0,0.0,64.0,0.0,9.0
Dallas - 3806,1054.0,98.0,20.0,825.0,0.0,0.0,0.0,0.0
Dallas - 3807,2857.0,499.0,234.0,2069.0,0.0,44.0,0.0,0.0
Dallas - 3808,4287.0,1207.0,1434.0,1504.0,0.0,63.0,4.0,0.0
Dallas - 3809,356.0,152.0,65.0,106.0,0.0,0.0,0.0,0.0
Dallas - 3900,4023.0,1172.0,885.0,1830.0,0.0,8.0,0.0,0.0
Dallas - 3920,5132.0,1471.0,2823.0,722.0,42.0,41.0,0.0,13.0
Dallas - 3921,6671.0,2557.0,2079.0,1549.0,28.0,28.0,0.0,4.0
Dallas - 3922,97.0,34.0,0.0,28.0,3.0,9.0,0.0,0.0
Dallas - 3940,3647.0,1304.0,690.0,1603.0,0.0,0.0,0.0,0.0
Dallas - 3950,4929.0,1826.0,860.0,2004.0,86.0,32.0,8.0,9.0
Dallas - 3951,4033.0,790.0,433.0,2784.0,0.0,22.0,0.0,17.0
Dallas - 3952,104.0,18.0,14.0,62.0,0.0,0.0,0.0,0.0
Dallas - 3960,4176.0,796.0,2101.0,774.0,0.0,299.0,0.0,1.0
Dallas - 3961,2425.0,590.0,1379.0,195.0,0.0,230.0,0.0,2.0
Dallas - 3962,5717.0,1015.0,2703.0,1052.0,29.0,621.0,0.0,3.0
Dallas - 3963,2111.0,320.0,1424.0,92.0,5.0,154.0,0.0,37.0
Dallas - 3964,3090.0,490.0,903.0,1520.0,12.0,122.0,0.0,0.0
Dallas - 3965,3230.0,469.0,1286.0,837.0,0.0,564.0,0.0,41.0
Dallas - 3966,4637.0,820.0,1860.0,1292.0,0.0,392.0,0.0,26.0
Dallas - 3967,1350.0,186.0,763.0,296.0,0.0,28.0,5.0,65.0
Dallas - 3968,4038.0,646.0,2125.0,1023.0,0.0,130.0,0.0,0.0
Dallas - 3969,2375.0,134.0,1827.0,207.0,0.0,182.0,4.0,0.0
Dallas - 3970,4311.0,653.0,2758.0,635.0,0.0,239.0,0.0,0.0
Dallas - 3971,4433.0,850.0,2902.0,479.0,0.0,123.0,0.0,79.0
Dallas - 3980,5150.0,758.0,1983.0,371.0,8.0,2015.0,0.0,14.0
Dallas - 3981,1402.0,45.0,1066.0,90.0,12.0,106.0,0.0,0.0
Dallas - 3982,4427.0,804.0,2203.0,767.0,0.0,434.0,0.0,0.0
Dallas - 3983,2325.0,227.0,1709.0,199.0,11.0,175.0,0.0,4.0
Dallas - 3984,1476.0,439.0,714.0,51.0,0.0,228.0,0.0,0.0
Dallas - 4000,374.0,169.0,54.0,121.0,0.0,9.0,0.0,0.0
Dallas - 4001,1292.0,864.0,252.0,99.0,0.0,1.0,0.0,4.0
Dallas - 4002,864.0,229.0,565.0,99.0,14.0,0.0,0.0,0.0
Dallas - 4003,627.0,530.0,23.0,0.0,19.0,9.0,0.0,0.0
Dallas - 4004,2222.0,1114.0,949.0,141.0,0.0,28.0,0.0,0.0
Dallas - 4005,1378.0,1017.0,223.0,93.0,0.0,48.0,0.0,0.0
Dallas - 4006,1317.0,499.0,697.0,36.0,0.0,72.0,0.0,0.0
Dallas - 4007,172.0,40.0,99.0,8.0,0.0,12.0,0.0,0.0
Dallas - 4008,1463.0,1263.0,31.0,165.0,0.0,0.0,0.0,0.0
Dallas - 4009,2226.0,1882.0,190.0,129.0,0.0,0.0,0.0,0.0
Dallas - 4010,1085.0,193.0,756.0,53.0,0.0,117.0,0.0,0.0
Dallas - 4011,1122.0,624.0,316.0,93.0,0.0,7.0,0.0,0.0
Dallas - 4012,102.0,30.0,59.0,37.0,0.0,2.0,0.0,0.0
Dallas - 4013,279.0,19.0,239.0,0.0,0.0,13.0,0.0,0.0
Dallas - 4014,1822.0,72.0,1461.0,53.0,0.0,190.0,0.0,0.0
Dallas - 4015,1602.0,331.0,572.0,587.0,0.0,99.0,0.0,0.0
Dallas - 4016,1508.0,202.0,594.0,540.0,0.0,114.0,0.0,9.0
Dallas - 4017,676.0,189.0,363.0,87.0,0.0,37.0,0.0,0.0
Dallas - 4018,1118.0,148.0,728.0,170.0,0.0,55.0,0.0,7.0
Dallas - 4019,3511.0,747.0,1192.0,762.0,0.0,498.0,5.0,0.0
Dallas - 4020,1518.0,678.0,565.0,271.0,0.0,44.0,0.0,13.0
Dallas - 4021,2976.0,969.0,1157.0,438.0,16.0,251.0,0.0,12.0
Dallas - 4022,2419.0,768.0,767.0,823.0,7.0,81.0,0.0,0.0
Dallas - 4023,91.0,0.0,8.0,83.0,0.0,0.0,0.0,0.0
Dallas - 4024,3386.0,891.0,233.0,1891.0,0.0,435.0,0.0,9.0
Dallas - 4025,392.0,287.0,0.0,106.0,0.0,0.0,0.0,0.0
Dallas - 4026,166.0,121.0,18.0,33.0,0.0,1.0,0.0,0.0
Dallas - 4027,250.0,239.0,6.0,0.0,0.0,4.0,0.0,0.0
Dallas - 4028,1000.0,508.0,62.0,421.0,0.0,0.0,0.0,0.0
Dallas - 4029,72.0,6.0,4.0,4.0,0.0,1.0,0.0,2.0
Dallas - 4030,48.0,4.0,1.0,0.0,0.0,0.0,0.0,0.0
Dallas - 4031,2274.0,939.0,133.0,1097.0,0.0,17.0,0.0,0.0
Dallas - 4033,7577.0,1712.0,2746.0,2687.0,19.0,141.0,12.0,0.0
Dallas - 4035,1564.0,86.0,498.0,1015.0,0.0,0.0,0.0,0.0
Dallas - 4036,986.0,442.0,71.0,416.0,0.0,0.0,0.0,0.0
Dallas - 4037,178.0,108.0,9.0,32.0,0.0,0.0,0.0,0.0
Dallas - 4038,2199.0,931.0,540.0,641.0,0.0,44.0,0.0,0.0
Dallas - 4039,514.0,246.0,79.0,163.0,0.0,0.0,0.0,0.0
Dallas - 4040,482.0,108.0,18.0,336.0,0.0,0.0,0.0,0.0
Dallas - 4041,1002.0,474.0,38.0,420.0,0.0,8.0,0.0,0.0
Dallas - 4043,1577.0,1336.0,93.0,115.0,0.0,0.0,14.0,10.0
Dallas - 4044,1774.0,1138.0,69.0,453.0,0.0,0.0,0.0,53.0
Dallas - 4046,1133.0,724.0,51.0,352.0,0.0,0.0,0.0,0.0
Dallas - 4047,735.0,338.0,3.0,408.0,7.0,0.0,0.0,0.0
Dallas - 4048,10.0,9.0,0.0,0.0,0.0,0.0,0.0,0.0
Dallas - 4049,0.0,0.0,0.0,0.0,0.0,0.0,0.0,0.0
Dallas - 4050,4870.0,1903.0,677.0,1905.0,17.0,271.0,0.0,0.0
Dallas - 4051,26.0,6.0,9.0,2.0,0.0,0.0,0.0,0.0
Dallas - 4052,5093.0,1924.0,1353.0,1598.0,2.0,84.0,0.0,19.0
Dallas - 4053,626.0,292.0,162.0,100.0,0.0,56.0,0.0,15.0
Dallas - 4054,511.0,507.0,0.0,0.0,0.0,0.0,0.0,0.0
Dallas - 4055,3695.0,1843.0,654.0,1083.0,0.0,88.0,0.0,16.0
Dallas - 4056,3310.0,1926.0,330.0,1005.0,11.0,6.0,0.0,0.0
Dallas - 4057,1926.0,1429.0,132.0,357.0,0.0,0.0,0.0,0.0
Dallas - 4058,1057.0,883.0,96.0,86.0,0.0,0.0,0.0,0.0
Dallas - 4059,753.0,464.0,17.0,249.0,0.0,11.0,0.0,5.0
Dallas - 4060,3714.0,2411.0,172.0,864.0,3.0,107.0,0.0,0.0
Dallas - 4061,3062.0,2736.0,270.0,29.0,5.0,0.0,0.0,0.0
Dallas - 4062,2103.0,2013.0,82.0,4.0,0.0,0.0,0.0,0.0
Dallas - 4063,2981.0,2091.0,707.0,124.0,0.0,10.0,0.0,0.0
Dallas - 4065,1067.0,1013.0,59.0,0.0,0.0,0.0,0.0,0.0
Dallas - 4066,2024.0,1917.0,107.0,0.0,0.0,0.0,0.0,0.0
Dallas - 4067,2151.0,1683.0,363.0,53.0,0.0,0.0,0.0,0.0
Dallas - 4068,2392.0,1457.0,866.0,86.0,0.0,0.0,0.0,0.0
Dallas - 4069,3137.0,2259.0,685.0,104.0,0.0,13.0,0.0,0.0
Dallas - 4070,2139.0,1916.0,142.0,86.0,0.0,0.0,0.0,0.0
Dallas - 4071,685.0,580.0,48.0,23.0,5.0,0.0,0.0,0.0
Dallas - 4072,303.0,237.0,60.0,11.0,0.0,0.0,0.0,0.0
Dallas - 4073,1659.0,764.0,708.0,109.0,29.0,0.0,0.0,0.0
Dallas - 4074,2950.0,979.0,1607.0,218.0,8.0,61.0,0.0,13.0
Dallas - 4075,1421.0,733.0,444.0,181.0,0.0,30.0,12.0,0.0
Dallas - 4076,5142.0,3051.0,838.0,1175.0,0.0,38.0,5.0,0.0
Dallas - 4077,1063.0,300.0,561.0,75.0,0.0,5.0,0.0,0.0
Dallas - 4078,1830.0,522.0,865.0,162.0,0.0,22.0,0.0,55.0
Dallas - 4079,4672.0,1068.0,3078.0,456.0,25.0,133.0,0.0,0.0
Dallas - 4080,747.0,90.0,662.0,8.0,0.0,29.0,0.0,0.0
Dallas - 4081,3835.0,3260.0,88.0,465.0,0.0,13.0,0.0,7.0
Dallas - 4082,2729.0,598.0,951.0,1163.0,0.0,136.0,0.0,0.0
Dallas - 4083,2291.0,769.0,680.0,660.0,0.0,88.0,0.0,0.0
Dallas - 4084,915.0,723.0,28.0,163.0,2.0,0.0,0.0,0.0
Dallas - 4085,1209.0,1092.0,53.0,47.0,2.0,0.0,0.0,0.0
Dallas - 4086,3235.0,2074.0,442.0,536.0,103.0,28.0,0.0,0.0
Dallas - 4087,1891.0,1261.0,110.0,512.0,0.0,0.0,0.0,0.0
Dallas - 4088,1246.0,1094.0,54.0,39.0,0.0,40.0,0.0,0.0
Dallas - 4090,181.0,123.0,42.0,14.0,0.0,0.0,0.0,0.0
Dallas - 4091,0.0,0.0,0.0,0.0,0.0,0.0,0.0,0.0
Dallas - 4092,200.0,109.0,67.0,6.0,0.0,2.0,0.0,0.0
Dallas - 4093,99.0,15.0,7.0,88.0,0.0,0.0,0.0,0.0
Dallas - 4094,404.0,195.0,88.0,79.0,0.0,40.0,0.0,0.0
Dallas - 4095,74.0,51.0,22.0,0.0,0.0,0.0,0.0,0.0
Dallas - 4096,135.0,2.0,111.0,0.0,0.0,0.0,0.0,0.0
Dallas - 4097,1289.0,740.0,383.0,134.0,0.0,29.0,0.0,0.0
Dallas - 4098,35.0,2.0,29.0,0.0,0.0,2.0,0.0,0.0
Dallas - 4099,1170.0,153.0,930.0,20.0,0.0,61.0,0.0,0.0
Dallas - 40A2,0.0,0.0,0.0,0.0,0.0,0.0,0.0,0.0
Dallas - 40A3,0.0,0.0,0.0,0.0,0.0,0.0,0.0,0.0
Dallas - 4100,14.0,3.0,4.0,0.0,0.0,0.0,0.0,0.0
Dallas - 4101,209.0,189.0,2.0,9.0,0.0,0.0,0.0,0.0
Dallas - 4107,138.0,85.0,6.0,23.0,0.0,6.0,0.0,0.0
Dallas - 4108,34.0,29.0,0.0,4.0,0.0,0.0,0.0,0.0
Dallas - 4109,80.0,39.0,2.0,43.0,0.0,0.0,0.0,0.0
Dallas - 4110,1009.0,381.0,3.0,580.0,0.0,0.0,0.0,0.0
Dallas - 4111,461.0,415.0,35.0,6.0,0.0,0.0,0.0,0.0
Dallas - 4112,1740.0,310.0,1323.0,70.0,4.0,86.0,0.0,0.0
Dallas - 4113,2646.0,2340.0,200.0,42.0,14.0,42.0,0.0,0.0
Dallas - 4114,2093.0,1678.0,327.0,0.0,7.0,0.0,0.0,8.0
Dallas - 4115,328.0,46.0,293.0,1.0,0.0,12.0,0.0,3.0
Dallas - 4116,0.0,0.0,0.0,0.0,0.0,0.0,0.0,0.0
Dallas - 4117,231.0,43.0,65.0,139.0,0.0,2.0,0.0,0.0
Dallas - 4118,0.0,0.0,0.0,0.0,0.0,0.0,0.0,0.0
Dallas - 4119,0.0,0.0,0.0,0.0,0.0,0.0,0.0,0.0
Dallas - 4120,850.0,602.0,51.0,170.0,0.0,4.0,0.0,0.0
Dallas - 4122,0.0,0.0,0.0,0.0,0.0,0.0,0.0,0.0
Dallas - 4125,0.0,0.0,0.0,0.0,0.0,0.0,0.0,0.0
Dallas - 4126,1656.0,249.0,1344.0,0.0,0.0,27.0,0.0,0.0
Dallas - 4127,366.0,13.0,321.0,7.0,0.0,6.0,0.0,0.0
Dallas - 4128,985.0,78.0,836.0,0.0,0.0,62.0,0.0,0.0
Dallas - 4129,1460.0,95.0,1227.0,17.0,0.0,58.0,0.0,7.0
Dallas - 4130,1460.0,102.0,1338.0,0.0,0.0,33.0,0.0,0.0
Dallas - 4131,2073.0,238.0,829.0,866.0,5.0,123.0,0.0,9.0
Dallas - 4135,2287.0,1044.0,383.0,565.0,5.0,182.0,0.0,1.0
Dallas - 4141,189.0,19.0,147.0,0.0,0.0,4.0,0.0,0.0
Dallas - 4143,334.0,106.0,5.0,200.0,0.0,0.0,0.0,0.0
Dallas - 4145,0.0,0.0,0.0,0.0,0.0,0.0,0.0,0.0
Dallas - 4147,86.0,57.0,2.0,7.0,0.0,2.0,0.0,0.0
Dallas - 4149,51.0,46.0,4.0,0.0,0.0,0.0,0.0,0.0
Dallas - 4152,2.0,2.0,0.0,0.0,0.0,0.0,0.0,0.0
Dallas - 4153,256.0,52.0,72.0,63.0,15.0,25.0,0.0,0.0
Dallas - 4157,296.0,246.0,45.0,0.0,0.0,0.0,0.0,0.0
Dallas - 4161,1181.0,771.0,61.0,281.0,0.0,60.0,0.0,0.0
Dallas - 4166,10.0,3.0,11.0,0.0,0.0,0.0,0.0,0.0
Dallas - 41A1,0.0,0.0,0.0,0.0,0.0,0.0,0.0,0.0
Dallas - 4300,2044.0,1602.0,324.0,125.0,0.0,0.0,0.0,4.0
Dallas - 4500,3415.0,1171.0,870.0,959.0,10.0,424.0,0.0,0.0
Dallas - 4501,2375.0,1012.0,725.0,544.0,0.0,67.0,0.0,0.0
Dallas - 4502,4116.0,1081.0,1410.0,1248.0,0.0,230.0,0.0,0.0
Dallas - 4503,5424.0,1587.0,1084.0,2089.0,0.0,649.0,0.0,0.0
Dallas - 4504,1542.0,698.0,382.0,334.0,0.0,91.0,0.0,0.0
Dallas - 4505,2303.0,714.0,1068.0,376.0,0.0,0.0,0.0,0.0
Dallas - 4506,1502.0,895.0,532.0,107.0,2.0,21.0,0.0,49.0
Dallas - 4507,1498.0,659.0,130.0,701.0,6.0,18.0,0.0,0.0
Dallas - 4508,496.0,273.0,176.0,22.0,0.0,0.0,0.0,0.0
Dallas - 4509,2197.0,1274.0,513.0,150.0,16.0,211.0,0.0,5.0
Dallas - 4510,2688.0,1670.0,639.0,245.0,0.0,98.0,0.0,19.0
Dallas - 4511,2430.0,1488.0,693.0,222.0,0.0,11.0,0.0,0.0
Dallas - 4512,1930.0,984.0,794.0,84.0,0.0,48.0,0.0,13.0
Dallas - 4513,4467.0,2214.0,1034.0,1110.0,30.0,0.0,0.0,0.0
Dallas - 4514,1688.0,828.0,602.0,256.0,0.0,0.0,0.0,0.0
Dallas - 4515,3113.0,1926.0,847.0,164.0,6.0,0.0,0.0,0.0
Dallas - 4516,425.0,162.0,199.0,0.0,0.0,0.0,0.0,0.0
Dallas - 4517,3812.0,1496.0,1659.0,556.0,10.0,74.0,0.0,0.0
Dallas - 4518,3005.0,2017.0,620.0,273.0,0.0,51.0,0.0,0.0
Dallas - 4519,3488.0,1236.0,817.0,1026.0,0.0,374.0,0.0,22.0
Dallas - 4520,1466.0,497.0,198.0,639.0,0.0,36.0,0.0,0.0
Dallas - 4521,4821.0,1676.0,1488.0,1227.0,15.0,347.0,0.0,0.0
Dallas - 4522,4288.0,1155.0,902.0,1407.0,0.0,569.0,0.0,7.0
Dallas - 4523,458.0,68.0,119.0,205.0,0.0,46.0,0.0,0.0
Dallas - 4525,1680.0,864.0,349.0,438.0,0.0,8.0,0.0,0.0
Dallas - 4527,2349.0,1559.0,754.0,22.0,94.0,5.0,0.0,20.0
Dallas - 4528,0.0,0.0,0.0,0.0,0.0,0.0,0.0,0.0
Dallas - 4529,831.0,247.0,247.0,291.0,0.0,43.0,0.0,0.0
Dallas - 4530,777.0,321.0,70.0,250.0,0.0,48.0,0.0,0.0
Dallas - 4531,679.0,370.0,250.0,40.0,0.0,0.0,0.0,0.0
Dallas - 4532,348.0,222.0,96.0,10.0,0.0,0.0,0.0,0.0
Dallas - 4533,1435.0,831.0,303.0,177.0,0.0,97.0,0.0,0.0
Dallas - 4534,115.0,81.0,14.0,11.0,0.0,0.0,0.0,1.0
Dallas - 4535,1150.0,760.0,126.0,203.0,0.0,65.0,0.0,0.0
Dallas - 4536,76.0,30.0,19.0,9.0,0.0,14.0,0.0,0.0
Dallas - 4537,18.0,7.0,2.0,6.0,0.0,0.0,0.0,0.0
Dallas - 4538,728.0,460.0,171.0,40.0,6.0,11.0,0.0,0.0
Dallas - 4539,0.0,0.0,0.0,0.0,0.0,0.0,0.0,0.0
Dallas - 4541,0.0,0.0,0.0,0.0,0.0,0.0,0.0,0.0
Dallas - 4542,0.0,0.0,0.0,0.0,0.0,0.0,0.0,0.0
Dallas - 4554,66.0,26.0,11.0,23.0,0.0,0.0,0.0,0.0
Dallas - 4555,48.0,23.0,29.0,0.0,0.0,0.0,0.0,3.0
Dallas - 4557,0.0,0.0,0.0,0.0,0.0,0.0,0.0,0.0
Dallas - 4558,0.0,0.0,0.0,0.0,0.0,0.0,0.0,0.0
Dallas - 4559,0.0,0.0,0.0,0.0,0.0,0.0,0.0,0.0
Dallas - 4600,3068.0,968.0,957.0,278.0,1.0,817.0,0.0,0.0
Dallas - 4601,3583.0,1629.0,1510.0,234.0,0.0,154.0,0.0,0.0
Dallas - 4602,1696.0,699.0,628.0,125.0,0.0,259.0,0.0,41.0
Dallas - 4603,90.0,46.0,24.0,0.0,0.0,0.0,0.0,0.0
Dallas - 4604,2964.0,1568.0,1089.0,165.0,5.0,113.0,0.0,5.0
Dallas - 4605,2583.0,959.0,1206.0,173.0,8.0,232.0,0.0,0.0
Dallas - 4606,2885.0,1382.0,1056.0,372.0,0.0,54.0,0.0,0.0
Dallas - 4607,1761.0,1035.0,471.0,26.0,4.0,165.0,0.0,9.0
Dallas - 4608,5066.0,1710.0,1205.0,1559.0,6.0,570.0,0.0,10.0
Dallas - 4609,2582.0,1063.0,437.0,905.0,36.0,91.0,0.0,0.0
Dallas - 4610,2235.0,1079.0,900.0,235.0,0.0,57.0,0.0,0.0
Dallas - 4611,2391.0,1418.0,774.0,127.0,5.0,33.0,0.0,0.0
Dallas - 4612,226.0,104.0,119.0,0.0,0.0,4.0,0.0,0.0
Dallas - 4613,941.0,602.0,130.0,78.0,0.0,44.0,0.0,5.0
Dallas - 4614,333.0,63.0,310.0,18.0,0.0,4.0,0.0,0.0
Dallas - 4615,225.0,128.0,77.0,7.0,0.0,1.0,0.0,0.0
Dallas - 4616,1689.0,1091.0,399.0,140.0,0.0,60.0,0.0,21.0
Dallas - 4617,163.0,69.0,63.0,24.0,0.0,7.0,6.0,0.0
Dallas - 4618,413.0,251.0,114.0,24.0,0.0,0.0,0.0,0.0
Dallas - 4619,1483.0,641.0,792.0,35.0,0.0,0.0,0.0,0.0
Dallas - 4620,1774.0,786.0,910.0,111.0,0.0,51.0,0.0,5.0
Dallas - 4621,4682.0,1196.0,867.0,1853.0,0.0,724.0,0.0,0.0
Dallas - 4622,2592.0,1518.0,594.0,214.0,0.0,259.0,0.0,0.0
Dallas - 4623,2881.0,1628.0,680.0,363.0,7.0,189.0,0.0,0.0
Dallas - 4624,1846.0,761.0,724.0,221.0,0.0,71.0,0.0,6.0
Dallas - 4625,2372.0,767.0,928.0,426.0,0.0,176.0,0.0,30.0
Dallas - 4626,2851.0,824.0,1457.0,155.0,1.0,323.0,0.0,7.0
Dallas - 4627,5378.0,1171.0,3054.0,704.0,6.0,332.0,0.0,0.0
Dallas - 4628,3490.0,655.0,485.0,1780.0,0.0,333.0,0.0,41.0
Dallas - 4629,1617.0,569.0,404.0,478.0,0.0,138.0,5.0,9.0
Dallas - 4630,2024.0,248.0,855.0,166.0,0.0,723.0,0.0,0.0
Dallas - 4631,1146.0,435.0,570.0,34.0,0.0,93.0,0.0,0.0
Dallas - 4632,2425.0,355.0,445.0,948.0,8.0,649.0,0.0,5.0
Dallas - 4633,1914.0,356.0,526.0,676.0,0.0,264.0,13.0,20.0
Dallas - 4634,4131.0,624.0,1792.0,622.0,0.0,700.0,0.0,52.0
Dallas - 4639,1055.0,331.0,306.0,344.0,0.0,10.0,0.0,0.0
Dallas - 4640,3211.0,432.0,735.0,1731.0,0.0,301.0,0.0,0.0
Dallas - 4641,517.0,329.0,179.0,0.0,0.0,4.0,0.0,0.0
Dallas - 4642,196.0,119.0,55.0,0.0,0.0,13.0,0.0,0.0
Dallas - 4644,29.0,4.0,4.0,0.0,0.0,3.0,0.0,0.0
Dallas - 4646,663.0,304.0,319.0,43.0,0.0,22.0,0.0,0.0
Dallas - 4648,3083.0,358.0,662.0,1565.0,12.0,515.0,0.0,0.0
Dallas - 4649,240.0,228.0,14.0,0.0,0.0,0.0,0.0,0.0
Dallas - 4651,115.0,26.0,14.0,1.0,0.0,1.0,0.0,0.0
Dallas - 4652,999.0,620.0,149.0,79.0,0.0,39.0,0.0,0.0
Dallas - 4653,319.0,221.0,31.0,94.0,0.0,0.0,0.0,0.0
Dallas - 4654,1638.0,997.0,429.0,147.0,0.0,2.0,0.0,0.0
Dallas - 4655,30.0,7.0,28.0,1.0,0.0,0.0,0.0,0.0
Dallas - 4656,163.0,92.0,20.0,4.0,0.0,37.0,0.0,0.0
Dallas - 4657,164.0,100.0,10.0,22.0,0.0,4.0,0.0,0.0
Dallas - 4658,88.0,45.0,34.0,5.0,0.0,0.0,0.0,0.0
Dallas - 4659,263.0,174.0,56.0,29.0,0.0,0.0,0.0,0.0
Dallas - 4660,41.0,15.0,25.0,0.0,0.0,0.0,0.0,0.0
Dallas - 4661,1648.0,1344.0,168.0,30.0,0.0,24.0,0.0,0.0
Dallas - 4662,361.0,193.0,117.0,4.0,0.0,25.0,0.0,0.0
Dallas - 4663,0.0,0.0,0.0,0.0,0.0,0.0,0.0,0.0
Dallas - 4664,1860.0,538.0,730.0,292.0,5.0,293.0,0.0,14.0
Dallas - 4665,0.0,0.0,0.0,0.0,0.0,0.0,0.0,0.0
Dallas - 4667,0.0,0.0,0.0,0.0,0.0,0.0,0.0,0.0
Dallas - 4673,0.0,0.0,0.0,0.0,0.0,0.0,0.0,0.0
Dallas - 4674,0.0,0.0,0.0,0.0,0.0,0.0,0.0,0.0
Dallas - 4675,111.0,68.0,20.0,23.0,0.0,6.0,0.0,0.0
Dallas - 4677,837.0,75.0,16.0,0.0,0.0,755.0,0.0,0.0
Dallas - 4678,213.0,9.0,64.0,6.0,0.0,113.0,0.0,0.0
Dawson - 0001,2806.0,1175.0,824.0,596.0,6.0,15.0,0.0,12.0
Dawson - 0002,1719.0,1326.0,356.0,20.0,2.0,18.0,0.0,0.0
Dawson - 0003,1602.0,876.0,667.0,40.0,2.0,4.0,0.0,12.0
Dawson - 0004,1895.0,849.0,1063.0,50.0,3.0,0.0,7.0,12.0
Dawson - 0005,107.0,38.0,70.0,0.0,0.0,0.0,0.0,0.0
Dawson - 0011,168.0,45.0,115.0,0.0,0.0,0.0,0.0,0.0
Dawson - 0012,57.0,22.0,34.0,0.0,0.0,0.0,0.0,0.0
Dawson - 0013,135.0,18.0,121.0,0.0,0.0,0.0,0.0,0.0
Dawson - 0017,72.0,27.0,40.0,0.0,0.0,0.0,0.0,0.0
DeWitt - 0101,3137.0,850.0,1640.0,445.0,23.0,20.0,0.0,4.0
DeWitt - 0102,1729.0,1121.0,315.0,239.0,0.0,0.0,0.0,22.0
DeWitt - 0201,544.0,108.0,438.0,0.0,0.0,0.0,0.0,18.0
DeWitt - 0202,1609.0,342.0,1037.0,73.0,0.0,106.0,0.0,8.0
DeWitt - 0203,1093.0,348.0,757.0,8.0,0.0,0.0,0.0,0.0
DeWitt - 0301,1398.0,365.0,958.0,55.0,0.0,0.0,0.0,0.0
DeWitt - 0302,1351.0,481.0,774.0,100.0,0.0,0.0,0.0,0.0
DeWitt - 0303,560.0,181.0,366.0,6.0,0.0,0.0,0.0,0.0
DeWitt - 0401,2325.0,658.0,1428.0,129.0,14.0,0.0,0.0,0.0
DeWitt - 0402,1276.0,111.0,1161.0,0.0,0.0,0.0,0.0,0.0
Denton - 1000,4439.0,313.0,3539.0,386.0,0.0,138.0,0.0,12.0
Denton - 1001,1935.0,237.0,1607.0,28.0,13.0,0.0,0.0,0.0
Denton - 1002,377.0,28.0,356.0,2.0,3.0,0.0,0.0,0.0
Denton - 1003,2322.0,349.0,1876.0,42.0,0.0,34.0,0.0,0.0
Denton - 1004,4379.0,669.0,3298.0,259.0,24.0,19.0,0.0,0.0
Denton - 1005,9.0,6.0,1.0,0.0,0.0,0.0,0.0,0.0
Denton - 1006,10.0,1.0,6.0,0.0,0.0,0.0,0.0,0.0
Denton - 1007,1648.0,215.0,1306.0,76.0,0.0,0.0,0.0,0.0
Denton - 1008,4773.0,851.0,3698.0,46.0,0.0,8.0,48.0,0.0
Denton - 1009,363.0,42.0,270.0,4.0,0.0,0.0,20.0,0.0
Denton - 1010,4827.0,436.0,3756.0,407.0,13.0,10.0,52.0,88.0
Denton - 1011,1699.0,65.0,1509.0,8.0,0.0,0.0,0.0,2.0
Denton - 1012,2472.0,580.0,1073.0,564.0,0.0,98.0,0.0,22.0
Denton - 1013,3050.0,719.0,1739.0,400.0,18.0,52.0,0.0,12.0
Denton - 1014,2790.0,647.0,1009.0,864.0,0.0,274.0,0.0,10.0
Denton - 1015,1898.0,248.0,1166.0,405.0,0.0,84.0,0.0,0.0
Denton - 1016,4984.0,711.0,2965.0,411.0,23.0,753.0,0.0,0.0
Denton - 1017,3270.0,398.0,1999.0,336.0,0.0,505.0,0.0,0.0
Denton - 1018,1224.0,140.0,367.0,544.0,0.0,123.0,0.0,0.0
Denton - 1019,4062.0,495.0,2476.0,276.0,0.0,760.0,0.0,0.0
Denton - 1020,2449.0,258.0,1526.0,231.0,0.0,345.0,0.0,0.0
Denton - 1021,2962.0,427.0,2020.0,45.0,0.0,415.0,0.0,0.0
Denton - 1022,5397.0,1228.0,2845.0,780.0,0.0,487.0,0.0,0.0
Denton - 1023,2957.0,199.0,2195.0,117.0,5.0,376.0,0.0,0.0
Denton - 1024,3262.0,58.0,2101.0,114.0,0.0,892.0,0.0,0.0
Denton - 1025,1831.0,66.0,930.0,184.0,0.0,652.0,0.0,0.0
Denton - 1026,2904.0,53.0,2678.0,22.0,14.0,21.0,0.0,0.0
Denton - 1027,704.0,72.0,344.0,261.0,0.0,60.0,0.0,0.0
Denton - 1028,278.0,71.0,120.0,33.0,0.0,8.0,0.0,0.0
Denton - 1029,141.0,79.0,15.0,0.0,0.0,0.0,0.0,0.0
Denton - 1030,25.0,5.0,6.0,0.0,0.0,0.0,0.0,0.0
Denton - 1031,4977.0,448.0,2725.0,1073.0,0.0,630.0,0.0,0.0
Denton - 1032,4281.0,664.0,3053.0,97.0,8.0,343.0,0.0,0.0
Denton - 1033,2967.0,469.0,1931.0,230.0,0.0,280.0,0.0,0.0
Denton - 1034,1204.0,135.0,815.0,72.0,5.0,87.0,0.0,0.0
Denton - 1035,4670.0,1212.0,2146.0,1175.0,37.0,87.0,0.0,0.0
Denton - 1036,3747.0,507.0,2231.0,514.0,5.0,391.0,0.0,0.0
Denton - 1037,1752.0,66.0,814.0,505.0,0.0,351.0,0.0,0.0
Denton - 1038,930.0,286.0,457.0,20.0,0.0,167.0,0.0,0.0
Denton - 1039,1190.0,207.0,243.0,312.0,0.0,388.0,0.0,9.0
Denton - 1040,1630.0,355.0,414.0,356.0,0.0,446.0,0.0,4.0
Denton - 1041,4748.0,329.0,2357.0,964.0,11.0,819.0,0.0,0.0
Denton - 1042,3175.0,208.0,1841.0,527.0,19.0,165.0,0.0,0.0
Denton - 1044,2584.0,505.0,1490.0,405.0,13.0,200.0,0.0,0.0
Denton - 1045,3961.0,693.0,2816.0,431.0,4.0,55.0,0.0,0.0
Denton - 1046,845.0,92.0,564.0,104.0,13.0,63.0,0.0,0.0
Denton - 1047,5181.0,877.0,1614.0,1856.0,0.0,495.0,0.0,42.0
Denton - 1048,6522.0,960.0,2652.0,2543.0,0.0,201.0,0.0,23.0
Denton - 1049,4374.0,377.0,2541.0,1254.0,0.0,87.0,0.0,26.0
Denton - 1050,1292.0,181.0,870.0,205.0,0.0,11.0,0.0,0.0
Denton - 1051,1589.0,175.0,1028.0,362.0,0.0,24.0,0.0,3.0
Denton - 1052,3105.0,502.0,1602.0,854.0,0.0,82.0,0.0,0.0
Denton - 1053,700.0,220.0,246.0,285.0,0.0,2.0,0.0,0.0
Denton - 1054,3538.0,659.0,2165.0,532.0,0.0,61.0,0.0,15.0
Denton - 1055,1302.0,233.0,773.0,144.0,0.0,3.0,0.0,0.0
Denton - 1056,1186.0,322.0,760.0,0.0,0.0,45.0,0.0,14.0
Denton - 1057,1199.0,352.0,670.0,86.0,0.0,0.0,0.0,0.0
Denton - 1058,3615.0,884.0,2240.0,146.0,0.0,54.0,0.0,64.0
Denton - 1059,5590.0,910.0,4108.0,323.0,0.0,59.0,0.0,81.0
Denton - 1060,1623.0,139.0,1352.0,95.0,0.0,28.0,0.0,0.0
Denton - 1061,4229.0,914.0,2377.0,876.0,0.0,0.0,0.0,18.0
Denton - 1062,3211.0,313.0,2730.0,100.0,0.0,13.0,0.0,0.0
Denton - 1063,2836.0,660.0,1918.0,112.0,0.0,54.0,0.0,102.0
Denton - 1064,2438.0,284.0,2004.0,7.0,21.0,34.0,0.0,37.0
Denton - 1065,1678.0,594.0,848.0,229.0,0.0,0.0,0.0,0.0
Denton - 1066,286.0,60.0,165.0,28.0,0.0,0.0,0.0,0.0
Denton - 1172,2347.0,32.0,2451.0,0.0,0.0,5.0,0.0,0.0
Denton - 1224,2313.0,293.0,1214.0,635.0,0.0,168.0,0.0,0.0
Denton - 1225,2772.0,392.0,1492.0,690.0,0.0,82.0,0.0,16.0
Denton - 2067,2879.0,1227.0,1524.0,41.0,0.0,0.0,0.0,0.0
Denton - 2068,3922.0,396.0,2457.0,801.0,0.0,18.0,0.0,0.0
Denton - 2069,2635.0,253.0,1988.0,107.0,48.0,89.0,0.0,0.0
Denton - 2070,209.0,16.0,121.0,7.0,3.0,56.0,0.0,0.0
Denton - 2071,4526.0,620.0,3407.0,260.0,0.0,103.0,0.0,29.0
Denton - 2072,4847.0,922.0,3359.0,77.0,0.0,97.0,0.0,0.0
Denton - 2073,4558.0,753.0,3116.0,556.0,37.0,140.0,0.0,0.0
Denton - 2074,2612.0,268.0,2036.0,103.0,16.0,41.0,0.0,0.0
Denton - 2075,1406.0,430.0,512.0,29.0,0.0,29.0,0.0,0.0
Denton - 2076,3741.0,1078.0,1606.0,880.0,11.0,168.0,0.0,4.0
Denton - 2077,3653.0,943.0,1359.0,484.0,0.0,478.0,0.0,20.0
Denton - 2078,2228.0,257.0,1410.0,131.0,0.0,409.0,0.0,0.0
Denton - 2079,4115.0,270.0,2693.0,646.0,0.0,514.0,0.0,0.0
Denton - 2080,2977.0,242.0,1597.0,297.0,0.0,685.0,0.0,15.0
Denton - 2081,3256.0,12.0,1631.0,321.0,0.0,1113.0,0.0,0.0
Denton - 2082,1491.0,136.0,893.0,39.0,0.0,373.0,0.0,0.0
Denton - 2083,1846.0,106.0,1164.0,223.0,0.0,451.0,0.0,6.0
Denton - 2084,4496.0,1639.0,2262.0,417.0,0.0,88.0,0.0,0.0
Denton - 2085,4347.0,914.0,2627.0,606.0,0.0,54.0,0.0,0.0
Denton - 2086,2965.0,466.0,2020.0,261.0,0.0,161.0,0.0,10.0
Denton - 2087,4781.0,1064.0,2512.0,493.0,8.0,532.0,0.0,27.0
Denton - 2088,2709.0,530.0,1449.0,299.0,10.0,139.0,0.0,130.0
Denton - 2089,3976.0,274.0,3185.0,243.0,0.0,168.0,0.0,4.0
Denton - 2090,5269.0,656.0,3260.0,602.0,0.0,355.0,0.0,180.0
Denton - 2091,4564.0,291.0,3555.0,219.0,11.0,371.0,0.0,9.0
Denton - 2092,6298.0,853.0,4636.0,175.0,0.0,487.0,0.0,0.0
Denton - 2093,498.0,37.0,155.0,48.0,0.0,226.0,0.0,6.0
Denton - 2094,5222.0,545.0,1687.0,773.0,13.0,1968.0,0.0,36.0
Denton - 2095,2172.0,115.0,1315.0,175.0,17.0,599.0,0.0,0.0
Denton - 2096,3464.0,249.0,2051.0,185.0,0.0,770.0,0.0,11.0
Denton - 2097,5081.0,863.0,2177.0,523.0,20.0,1408.0,0.0,0.0
Denton - 2098,882.0,22.0,290.0,309.0,0.0,334.0,0.0,0.0
Denton - 2099,2895.0,199.0,2108.0,180.0,0.0,418.0,0.0,0.0
Denton - 2100,6182.0,1542.0,1941.0,2053.0,65.0,343.0,0.0,0.0
Denton - 2101,6966.0,1400.0,2233.0,2733.0,0.0,403.0,0.0,53.0
Denton - 2102,7309.0,1421.0,2644.0,2470.0,0.0,471.0,0.0,14.0
Denton - 2103,2824.0,1203.0,1182.0,213.0,0.0,184.0,0.0,0.0
Denton - 2104,4644.0,1410.0,2254.0,459.0,4.0,360.0,0.0,67.0
Denton - 2105,2413.0,296.0,1377.0,283.0,0.0,346.0,0.0,29.0
Denton - 2106,4332.0,658.0,2385.0,778.0,0.0,513.0,0.0,18.0
Denton - 2107,4570.0,752.0,3141.0,200.0,0.0,421.0,6.0,0.0
Denton - 2108,2352.0,672.0,864.0,286.0,0.0,288.0,207.0,0.0
Denton - 2109,4002.0,850.0,1894.0,286.0,0.0,884.0,46.0,0.0
Denton - 2110,2703.0,772.0,1482.0,73.0,0.0,338.0,0.0,0.0
Denton - 2111,4867.0,1006.0,2503.0,403.0,14.0,903.0,0.0,22.0
Denton - 2112,1476.0,113.0,1083.0,69.0,11.0,200.0,0.0,0.0
Denton - 2113,3845.0,631.0,2373.0,98.0,0.0,747.0,0.0,0.0
Denton - 2114,2608.0,180.0,1271.0,46.0,30.0,1018.0,0.0,0.0
Denton - 3115,3842.0,210.0,2015.0,655.0,15.0,859.0,0.0,0.0
Denton - 3116,6226.0,419.0,2097.0,1116.0,0.0,2409.0,0.0,54.0
Denton - 3117,1202.0,376.0,418.0,156.0,0.0,200.0,0.0,0.0
Denton - 3118,2816.0,364.0,1340.0,393.0,0.0,609.0,0.0,18.0
Denton - 3119,145.0,5.0,71.0,3.0,0.0,129.0,0.0,3.0
Denton - 3120,3611.0,663.0,2200.0,623.0,0.0,112.0,0.0,0.0
Denton - 3121,4281.0,1574.0,2101.0,396.0,10.0,148.0,0.0,0.0
Denton - 3122,3714.0,623.0,1516.0,1056.0,0.0,113.0,0.0,8.0
Denton - 3123,6134.0,1211.0,2594.0,1520.0,0.0,746.0,0.0,0.0
Denton - 3124,162.0,8.0,93.0,16.0,0.0,37.0,0.0,0.0
Denton - 3125,497.0,40.0,244.0,63.0,0.0,71.0,0.0,0.0
Denton - 3126,3095.0,409.0,1473.0,736.0,19.0,477.0,5.0,45.0
Denton - 3127,6967.0,1442.0,2579.0,2230.0,16.0,446.0,0.0,17.0
Denton - 3128,2575.0,477.0,1232.0,516.0,18.0,260.0,13.0,14.0
Denton - 3129,2324.0,331.0,1396.0,402.0,0.0,145.0,5.0,0.0
Denton - 3130,7510.0,2538.0,3405.0,1126.0,7.0,277.0,0.0,54.0
Denton - 3131,4658.0,817.0,3168.0,262.0,0.0,302.0,0.0,0.0
Denton - 3132,5887.0,1063.0,3175.0,410.0,0.0,978.0,0.0,10.0
Denton - 3133,4345.0,277.0,3309.0,121.0,0.0,283.0,0.0,9.0
Denton - 3134,2651.0,599.0,1357.0,441.0,0.0,234.0,0.0,0.0
Denton - 3135,5652.0,1413.0,2741.0,931.0,0.0,448.0,0.0,25.0
Denton - 3136,2668.0,320.0,1734.0,287.0,0.0,287.0,4.0,0.0
Denton - 3137,3061.0,657.0,1696.0,391.0,31.0,86.0,5.0,0.0
Denton - 3138,3392.0,331.0,1839.0,183.0,0.0,981.0,0.0,29.0
Denton - 3139,4886.0,572.0,3779.0,68.0,0.0,296.0,0.0,82.0
Denton - 3140,3505.0,233.0,2310.0,132.0,3.0,727.0,0.0,0.0
Denton - 3141,3787.0,231.0,3284.0,24.0,3.0,173.0,0.0,54.0
Denton - 3142,752.0,184.0,488.0,29.0,0.0,6.0,0.0,0.0
Denton - 3143,1692.0,140.0,1396.0,17.0,0.0,103.0,7.0,0.0
Denton - 3144,3192.0,125.0,2002.0,46.0,2.0,974.0,0.0,0.0
Denton - 3145,5087.0,316.0,4080.0,338.0,0.0,285.0,0.0,5.0
Denton - 3146,2454.0,372.0,1631.0,198.0,0.0,213.0,0.0,17.0
Denton - 3147,4812.0,580.0,3514.0,83.0,0.0,504.0,0.0,0.0
Denton - 3148,2779.0,380.0,2144.0,59.0,9.0,72.0,0.0,10.0
Denton - 3149,3267.0,373.0,2603.0,86.0,14.0,149.0,0.0,0.0
Denton - 3150,2733.0,340.0,2042.0,94.0,0.0,146.0,0.0,33.0
Denton - 3151,3459.0,410.0,2266.0,164.0,0.0,539.0,0.0,0.0
Denton - 3152,2064.0,226.0,1702.0,1.0,0.0,137.0,0.0,0.0
Denton - 3153,2731.0,264.0,2375.0,21.0,0.0,38.0,0.0,0.0
Denton - 3154,3156.0,263.0,2499.0,291.0,0.0,87.0,5.0,0.0
Denton - 3155,3908.0,340.0,3113.0,201.0,0.0,188.0,0.0,6.0
Denton - 3156,1057.0,83.0,971.0,15.0,0.0,7.0,0.0,0.0
Denton - 3157,374.0,12.0,324.0,0.0,0.0,28.0,0.0,0.0
Denton - 3158,4196.0,291.0,3288.0,269.0,13.0,132.0,0.0,0.0
Denton - 3159,5641.0,1320.0,3860.0,268.0,67.0,8.0,0.0,0.0
Denton - 3160,3553.0,420.0,2305.0,417.0,0.0,275.0,0.0,14.0
Denton - 4043,2964.0,586.0,1522.0,645.0,0.0,114.0,13.0,0.0
Denton - 4161,3833.0,1100.0,2410.0,229.0,0.0,26.0,0.0,38.0
Denton - 4163,3397.0,1321.0,1155.0,797.0,9.0,114.0,0.0,0.0
Denton - 4164,5575.0,845.0,3490.0,691.0,24.0,210.0,0.0,7.0
Denton - 4165,5851.0,1585.0,2094.0,1918.0,0.0,58.0,13.0,76.0
Denton - 4166,2442.0,782.0,1187.0,258.0,0.0,154.0,0.0,0.0
Denton - 4167,6250.0,1839.0,3005.0,958.0,13.0,225.0,0.0,10.0
Denton - 4168,2087.0,232.0,1667.0,59.0,0.0,15.0,0.0,10.0
Denton - 4169,3193.0,557.0,2341.0,127.0,0.0,79.0,5.0,10.0
Denton - 4170,8100.0,1645.0,4303.0,1423.0,7.0,446.0,0.0,18.0
Denton - 4171,3856.0,670.0,2353.0,291.0,0.0,339.0,55.0,3.0
Denton - 4173,18.0,4.0,7.0,3.0,0.0,0.0,0.0,98.0
Denton - 4174,2370.0,549.0,1017.0,570.0,0.0,33.0,0.0,0.0
Denton - 4175,425.0,52.0,196.0,161.0,0.0,0.0,0.0,0.0
Denton - 4176,2951.0,293.0,2302.0,65.0,8.0,55.0,7.0,0.0
Denton - 4177,1111.0,343.0,547.0,202.0,0.0,2.0,0.0,0.0
Denton - 4178,2626.0,458.0,1680.0,382.0,24.0,73.0,1.0,0.0
Denton - 4179,3758.0,766.0,2541.0,310.0,0.0,87.0,0.0,14.0
Denton - 4180,1497.0,104.0,1135.0,177.0,0.0,95.0,0.0,0.0
Denton - 4181,4645.0,818.0,3345.0,304.0,0.0,67.0,0.0,9.0
Denton - 4182,142.0,8.0,112.0,0.0,0.0,6.0,0.0,0.0
Denton - 4183,496.0,41.0,439.0,6.0,0.0,1.0,0.0,0.0
Denton - 4184,4635.0,1057.0,3101.0,341.0,0.0,65.0,0.0,0.0
Denton - 4185,1697.0,28.0,1643.0,22.0,0.0,0.0,0.0,5.0
Denton - 4186,2613.0,141.0,2421.0,20.0,0.0,43.0,0.0,0.0
Denton - 4187,4155.0,767.0,2316.0,784.0,16.0,39.0,6.0,0.0
Denton - 4188,3.0,0.0,0.0,0.0,0.0,0.0,0.0,0.0
Denton - 4189,1130.0,270.0,862.0,4.0,0.0,0.0,0.0,0.0
Denton - 4190,3286.0,231.0,2930.0,23.0,0.0,43.0,0.0,0.0
Denton - 4191,2233.0,102.0,1995.0,42.0,0.0,23.0,0.0,1.0
Denton - 4192,1860.0,399.0,1322.0,28.0,0.0,17.0,0.0,1.0
Denton - 4193,4336.0,526.0,3677.0,43.0,0.0,36.0,0.0,0.0
Denton - 4194,546.0,14.0,509.0,17.0,0.0,0.0,0.0,0.0
Denton - 4195,614.0,40.0,545.0,6.0,0.0,11.0,0.0,0.0
Denton - 4196,4605.0,394.0,3566.0,279.0,0.0,237.0,0.0,0.0
Denton - 4197,1354.0,81.0,1248.0,4.0,0.0,10.0,0.0,0.0
Denton - 4198,2900.0,329.0,2407.0,101.0,3.0,8.0,0.0,0.0
Denton - 4199,53.0,0.0,51.0,0.0,0.0,0.0,0.0,0.0
Denton - 4200,65.0,2.0,59.0,0.0,0.0,0.0,0.0,0.0
Denton - 4201,2450.0,230.0,1916.0,235.0,2.0,49.0,0.0,0.0
Denton - 4202,3500.0,408.0,2881.0,58.0,0.0,13.0,0.0,0.0
Denton - 4203,3131.0,158.0,2343.0,325.0,0.0,236.0,0.0,0.0
Denton - 4204,2898.0,204.0,2537.0,26.0,0.0,75.0,0.0,0.0
Denton - 4206,2518.0,149.0,2191.0,92.0,0.0,43.0,0.0,0.0
Denton - 4207,1349.0,144.0,1202.0,1.0,8.0,7.0,0.0,0.0
Denton - 4208,2097.0,145.0,1568.0,69.0,0.0,284.0,0.0,1.0
Denton - 4209,3757.0,913.0,2704.0,95.0,0.0,51.0,0.0,5.0
Denton - 4210,3011.0,525.0,2121.0,16.0,0.0,309.0,6.0,11.0
Denton - 4211,3668.0,87.0,3195.0,70.0,6.0,240.0,7.0,6.0
Denton - 4212,429.0,20.0,356.0,0.0,0.0,8.0,0.0,9.0
Denton - 4213,1403.0,159.0,990.0,76.0,0.0,149.0,0.0,0.0
Denton - 4214,2443.0,360.0,1735.0,55.0,0.0,122.0,0.0,1.0
Denton - 4215,2778.0,225.0,2197.0,147.0,0.0,130.0,18.0,17.0
Denton - 4216,1085.0,89.0,745.0,156.0,0.0,7.0,8.0,0.0
Denton - 4217,1600.0,97.0,1213.0,112.0,7.0,101.0,0.0,8.0
Denton - 4218,755.0,170.0,507.0,37.0,0.0,67.0,0.0,0.0
Denton - 4219,4761.0,713.0,3693.0,132.0,0.0,148.0,0.0,0.0
Denton - 4221,601.0,239.0,318.0,8.0,0.0,0.0,0.0,0.0
Denton - 4222,5216.0,1274.0,3066.0,599.0,58.0,162.0,0.0,17.0
Denton - 4223,2342.0,600.0,1291.0,284.0,19.0,14.0,0.0,11.0
Denton - 4226,2318.0,286.0,1940.0,5.0,0.0,26.0,2.0,23.0
Denton - 9100,0.0,0.0,0.0,0.0,0.0,0.0,0.0,0.0
Denton - 9101,0.0,0.0,0.0,0.0,0.0,0.0,0.0,0.0
Denton - 9102,5.0,2.0,0.0,0.0,0.0,0.0,0.0,0.0
Denton - 9200,0.0,0.0,0.0,0.0,0.0,0.0,0.0,0.0
Denton - 9201,0.0,0.0,0.0,0.0,0.0,0.0,0.0,0.0
Denton - 9203,0.0,0.0,0.0,0.0,0.0,0.0,0.0,0.0
Denton - 9204,0.0,0.0,0.0,0.0,0.0,0.0,0.0,0.0
Denton - 9300,0.0,0.0,0.0,0.0,0.0,0.0,0.0,0.0
Denton - 9301,0.0,0.0,0.0,0.0,0.0,0.0,0.0,0.0
Denton - 9302,0.0,0.0,0.0,0.0,0.0,0.0,0.0,0.0
Denton - 9303,0.0,0.0,0.0,0.0,0.0,0.0,0.0,0.0
Denton - 9304,0.0,0.0,0.0,0.0,0.0,0.0,0.0,0.0
Dimmit - 0001,1559.0,1213.0,187.0,38.0,109.0,22.0,0.0,0.0
Dimmit - 0002,1240.0,1047.0,134.0,10.0,32.0,12.0,0.0,0.0
Dimmit - 0003,417.0,400.0,16.0,0.0,0.0,0.0,0.0,0.0
Dimmit - 0004,91.0,85.0,7.0,0.0,0.0,0.0,0.0,0.0
Dimmit - 0005,538.0,509.0,5.0,0.0,24.0,0.0,0.0,0.0
Dimmit - 0006,1188.0,1025.0,133.0,33.0,0.0,0.0,0.0,0.0
Dimmit - 0007,841.0,605.0,209.0,9.0,9.0,1.0,0.0,0.0
Donley - 0101,723.0,121.0,531.0,72.0,0.0,5.0,0.0,10.0
Donley - 0201,718.0,72.0,534.0,52.0,0.0,34.0,0.0,0.0
Donley - 0301,310.0,17.0,273.0,4.0,0.0,25.0,0.0,0.0
Donley - 0303,355.0,18.0,332.0,0.0,0.0,0.0,0.0,0.0
Donley - 0401,518.0,85.0,404.0,24.0,0.0,5.0,0.0,2.0
Fannin - 0001,4409.0,628.0,2635.0,910.0,12.0,0.0,0.0,21.0
Fannin - 0002,1656.0,121.0,1496.0,16.0,5.0,10.0,0.0,0.0
Fannin - 0003,662.0,25.0,484.0,115.0,0.0,0.0,5.0,0.0
Fannin - 0004,2052.0,194.0,1653.0,241.0,0.0,0.0,0.0,0.0
Fannin - 0005,625.0,6.0,605.0,0.0,2.0,15.0,0.0,0.0
Fannin - 0006,750.0,13.0,692.0,0.0,0.0,0.0,5.0,4.0
Fannin - 0007,539.0,69.0,449.0,0.0,9.0,14.0,0.0,2.0
Fannin - 0009,1019.0,21.0,934.0,0.0,0.0,0.0,0.0,0.0
Fannin - 0010,2921.0,230.0,2589.0,53.0,0.0,0.0,0.0,11.0
Fannin - 0011,2979.0,233.0,2553.0,57.0,12.0,24.0,0.0,24.0
Fannin - 0012,1275.0,35.0,1186.0,0.0,5.0,8.0,0.0,0.0
Fannin - 0013,588.0,55.0,502.0,0.0,0.0,0.0,0.0,1.0
Fannin - 0015,1280.0,76.0,1140.0,13.0,2.0,0.0,0.0,0.0
Fannin - 0016,335.0,0.0,320.0,0.0,0.0,0.0,5.0,10.0
Fannin - 0017,886.0,68.0,790.0,0.0,6.0,0.0,0.0,0.0
Fannin - 0018,3773.0,503.0,2877.0,167.0,6.0,0.0,0.0,4.0
Fannin - 0019,2583.0,180.0,2059.0,328.0,0.0,0.0,0.0,0.0
Fisher - 0001,653.0,90.0,528.0,3.0,0.0,0.0,0.0,5.0
Fisher - 0004,718.0,136.0,560.0,3.0,0.0,0.0,0.0,0.0
Fisher - 0012,682.0,239.0,367.0,31.0,0.0,0.0,0.0,6.0
Gaines - 0002,2015.0,756.0,1208.0,3.0,0.0,40.0,0.0,0.0
Gaines - 0003,2054.0,366.0,1678.0,0.0,0.0,0.0,0.0,0.0
Gaines - 0004,2968.0,1204.0,1673.0,53.0,0.0,2.0,0.0,0.0
Gaines - 0005,152.0,61.0,89.0,0.0,4.0,0.0,0.0,0.0
Gaines - 0006,475.0,349.0,144.0,0.0,0.0,0.0,0.0,0.0
Gaines - 0008,1837.0,910.0,582.0,319.0,0.0,0.0,0.0,17.0
Gaines - 0009,1091.0,385.0,613.0,8.0,0.0,82.0,0.0,0.0
Goliad - 0011,910.0,482.0,353.0,67.0,0.0,0.0,0.0,0.0
Goliad - 0012,500.0,97.0,341.0,59.0,0.0,0.0,0.0,0.0
Goliad - 0021,1057.0,521.0,445.0,56.0,0.0,0.0,0.0,0.0
Goliad - 0022,235.0,114.0,124.0,0.0,0.0,0.0,0.0,0.0
Goliad - 0031,646.0,132.0,439.0,69.0,10.0,0.0,0.0,0.0
Goliad - 0032,629.0,62.0,546.0,3.0,19.0,0.0,0.0,0.0
Goliad - 0041,414.0,47.0,355.0,0.0,0.0,0.0,0.0,0.0
Goliad - 0042,710.0,22.0,660.0,17.0,0.0,0.0,0.0,0.0
Goliad - 0043,388.0,26.0,345.0,33.0,0.0,0.0,0.0,0.0
Grimes - 0001,1835.0,87.0,1668.0,54.0,2.0,0.0,0.0,0.0
Grimes - 0002,1118.0,148.0,929.0,1.0,0.0,0.0,0.0,0.0
Grimes - 0003,3163.0,1273.0,796.0,1043.0,0.0,16.0,0.0,0.0
Grimes - 0004,1435.0,103.0,1217.0,61.0,1.0,0.0,0.0,0.0
Grimes - 0005,4263.0,1100.0,1950.0,1072.0,39.0,30.0,0.0,14.0
Grimes - 0006,2386.0,542.0,1503.0,164.0,0.0,0.0,0.0,48.0
Grimes - 0007,1289.0,251.0,868.0,43.0,4.0,14.0,25.0,0.0
Grimes - 0008,712.0,91.0,533.0,52.0,0.0,0.0,0.0,9.0
Grimes - 0009,168.0,10.0,140.0,5.0,0.0,0.0,0.0,8.0
Grimes - 0010,1619.0,161.0,1269.0,107.0,0.0,0.0,0.0,8.0
Grimes - 0012,1185.0,125.0,903.0,53.0,43.0,0.0,0.0,4.0
Grimes - 0014,1961.0,344.0,1446.0,7.0,6.0,0.0,0.0,0.0
Grimes - 0015,1931.0,141.0,1657.0,5.0,17.0,0.0,0.0,0.0
Hardin - 0001,1900.0,39.0,1427.0,384.0,0.0,15.0,0.0,6.0
Hardin - 0002,5705.0,254.0,5087.0,124.0,0.0,7.0,0.0,0.0
Hardin - 0003,761.0,4.0,759.0,0.0,0.0,0.0,0.0,0.0
Hardin - 0004,749.0,21.0,724.0,0.0,0.0,0.0,0.0,0.0
Hardin - 0005,733.0,36.0,693.0,0.0,0.0,0.0,0.0,4.0
Hardin - 0006,5936.0,497.0,5259.0,113.0,13.0,54.0,12.0,6.0
Hardin - 0007,642.0,24.0,612.0,7.0,0.0,4.0,0.0,0.0
Hardin - 0008,666.0,39.0,612.0,0.0,0.0,0.0,0.0,0.0
Hardin - 0009,3451.0,232.0,2599.0,466.0,0.0,2.0,0.0,0.0
Hardin - 0010,2163.0,99.0,1026.0,1046.0,4.0,6.0,0.0,0.0
Hardin - 0011,1847.0,35.0,1699.0,73.0,0.0,0.0,0.0,0.0
Hardin - 0012,1517.0,7.0,1396.0,48.0,0.0,3.0,0.0,2.0
Hardin - 0013,3421.0,196.0,3184.0,3.0,2.0,14.0,0.0,0.0
Hardin - 0014,1075.0,100.0,912.0,11.0,0.0,0.0,0.0,0.0
Hardin - 0015,2394.0,161.0,2152.0,8.0,6.0,47.0,0.0,0.0
Hardin - 0016,2841.0,135.0,2525.0,0.0,0.0,27.0,0.0,0.0
Hardin - 0017,1100.0,1.0,1091.0,0.0,0.0,0.0,0.0,0.0
Hardin - 0018,4244.0,240.0,3955.0,11.0,2.0,7.0,0.0,0.0
Hardin - 0019,1693.0,152.0,1485.0,0.0,0.0,0.0,4.0,6.0
Harris - 0001,1799.0,301.0,1121.0,113.0,0.0,279.0,0.0,3.0
Harris - 0002,4754.0,993.0,2633.0,391.0,0.0,436.0,0.0,5.0
Harris - 0003,3146.0,529.0,2489.0,13.0,0.0,75.0,0.0,0.0
Harris - 0004,2189.0,231.0,1769.0,4.0,0.0,108.0,0.0,0.0
Harris - 0005,1445.0,186.0,1271.0,8.0,0.0,38.0,0.0,0.0
Harris - 0006,5122.0,1585.0,1871.0,1427.0,0.0,177.0,0.0,12.0
Harris - 0007,675.0,178.0,7.0,472.0,0.0,0.0,0.0,18.0
Harris - 0008,1546.0,317.0,952.0,90.0,0.0,174.0,0.0,0.0
Harris - 0009,3090.0,883.0,693.0,1020.0,0.0,233.0,2.0,0.0
Harris - 0010,2130.0,1378.0,550.0,120.0,0.0,41.0,0.0,4.0
Harris - 0011,1892.0,1398.0,320.0,138.0,5.0,0.0,0.0,0.0
Harris - 0012,912.0,401.0,218.0,254.0,0.0,2.0,0.0,4.0
Harris - 0013,3916.0,1661.0,1578.0,535.0,0.0,19.0,28.0,6.0
Harris - 0014,1634.0,295.0,1169.0,127.0,0.0,29.0,0.0,0.0
Harris - 0015,2797.0,158.0,2274.0,30.0,0.0,289.0,0.0,0.0
Harris - 0016,3109.0,577.0,1562.0,615.0,0.0,165.0,6.0,140.0
Harris - 0017,1237.0,431.0,365.0,184.0,0.0,216.0,0.0,0.0
Harris - 0018,1677.0,141.0,807.0,295.0,0.0,452.0,0.0,0.0
Harris - 0019,1626.0,360.0,823.0,220.0,0.0,143.0,0.0,13.0
Harris - 0020,4030.0,738.0,1523.0,1215.0,0.0,377.0,0.0,4.0
Harris - 0021,1306.0,171.0,661.0,436.0,0.0,74.0,0.0,1.0
Harris - 0022,3158.0,509.0,374.0,1954.0,0.0,16.0,0.0,42.0
Harris - 0023,1432.0,1254.0,29.0,134.0,0.0,0.0,0.0,0.0
Harris - 0024,1389.0,296.0,213.0,754.0,0.0,119.0,0.0,0.0
Harris - 0025,1204.0,112.0,26.0,1002.0,0.0,29.0,0.0,16.0
Harris - 0026,1879.0,1006.0,556.0,77.0,40.0,128.0,0.0,0.0
Harris - 0027,4460.0,3159.0,713.0,498.0,0.0,37.0,0.0,0.0
Harris - 0028,6643.0,2104.0,2171.0,1860.0,38.0,100.0,0.0,84.0
Harris - 0029,2915.0,2675.0,192.0,29.0,0.0,2.0,0.0,0.0
Harris - 0030,4640.0,1208.0,2072.0,916.0,0.0,236.0,0.0,0.0
Harris - 0031,2852.0,478.0,102.0,2004.0,0.0,226.0,0.0,16.0
Harris - 0032,5917.0,1224.0,2145.0,1393.0,8.0,635.0,0.0,131.0
Harris - 0033,4749.0,877.0,3200.0,317.0,4.0,273.0,0.0,14.0
Harris - 0034,4058.0,541.0,2537.0,420.0,0.0,392.0,20.0,15.0
Harris - 0035,298.0,42.0,217.0,0.0,0.0,0.0,0.0,0.0
Harris - 0036,4243.0,1343.0,256.0,1833.0,0.0,702.0,11.0,4.0
Harris - 0037,3539.0,662.0,2056.0,217.0,0.0,548.0,0.0,0.0
Harris - 0038,3121.0,523.0,2135.0,0.0,13.0,353.0,0.0,0.0
Harris - 0039,4089.0,522.0,2839.0,221.0,6.0,466.0,0.0,0.0
Harris - 0040,465.0,22.0,437.0,5.0,0.0,11.0,0.0,0.0
Harris - 0041,1756.0,468.0,651.0,577.0,0.0,45.0,0.0,4.0
Harris - 0042,1095.0,505.0,42.0,488.0,0.0,0.0,0.0,0.0
Harris - 0043,2773.0,1556.0,718.0,49.0,22.0,382.0,0.0,0.0
Harris - 0044,2505.0,1523.0,542.0,339.0,0.0,58.0,0.0,0.0
Harris - 0046,2933.0,2067.0,403.0,352.0,0.0,14.0,0.0,4.0
Harris - 0047,1672.0,380.0,130.0,1221.0,0.0,5.0,0.0,0.0
Harris - 0048,1451.0,364.0,167.0,878.0,4.0,19.0,0.0,0.0
Harris - 0049,6151.0,1941.0,2461.0,1160.0,24.0,364.0,0.0,36.0
Harris - 0050,6070.0,1078.0,2073.0,1419.0,0.0,1493.0,0.0,0.0
Harris - 0051,1881.0,528.0,1135.0,151.0,0.0,0.0,6.0,10.0
Harris - 0052,3249.0,550.0,1966.0,299.0,0.0,328.0,0.0,24.0
Harris - 0053,2953.0,408.0,1586.0,473.0,0.0,275.0,0.0,76.0
Harris - 0054,1975.0,339.0,1312.0,100.0,0.0,100.0,2.0,0.0
Harris - 0055,4118.0,816.0,2609.0,426.0,0.0,190.0,5.0,14.0
Harris - 0056,1319.0,362.0,833.0,63.0,8.0,19.0,0.0,0.0
Harris - 0057,4160.0,483.0,3390.0,49.0,23.0,118.0,0.0,55.0
Harris - 0058,2743.0,662.0,1648.0,145.0,0.0,255.0,2.0,0.0
Harris - 0059,3382.0,429.0,2457.0,137.0,0.0,234.0,0.0,42.0
Harris - 0060,3138.0,265.0,2264.0,266.0,0.0,259.0,4.0,0.0
Harris - 0061,1844.0,1565.0,142.0,94.0,0.0,45.0,0.0,0.0
Harris - 0062,2304.0,2096.0,197.0,26.0,0.0,21.0,0.0,0.0
Harris - 0063,2009.0,430.0,1424.0,161.0,0.0,12.0,0.0,0.0
Harris - 0064,3053.0,2421.0,350.0,238.0,30.0,10.0,0.0,0.0
Harris - 0065,2623.0,2359.0,99.0,103.0,0.0,4.0,0.0,0.0
Harris - 0066,1214.0,1056.0,49.0,109.0,0.0,0.0,0.0,0.0
Harris - 0067,4580.0,3818.0,333.0,283.0,0.0,18.0,15.0,15.0
Harris - 0068,4642.0,484.0,361.0,3728.0,11.0,0.0,0.0,23.0
Harris - 0069,1289.0,1004.0,112.0,169.0,10.0,0.0,0.0,0.0
Harris - 0070,5061.0,719.0,3412.0,412.0,7.0,350.0,0.0,131.0
Harris - 0071,4451.0,589.0,2639.0,386.0,0.0,709.0,5.0,18.0
Harris - 0072,2522.0,1915.0,451.0,93.0,0.0,13.0,0.0,0.0
Harris - 0073,2299.0,809.0,1242.0,130.0,0.0,80.0,0.0,0.0
Harris - 0074,2965.0,615.0,2016.0,154.0,0.0,156.0,0.0,0.0
Harris - 0075,2680.0,339.0,1895.0,97.0,0.0,313.0,0.0,0.0
Harris - 0076,2247.0,1293.0,578.0,134.0,7.0,276.0,0.0,8.0
Harris - 0077,0.0,0.0,0.0,0.0,0.0,0.0,0.0,0.0
Harris - 0078,1835.0,1460.0,285.0,53.0,0.0,16.0,0.0,0.0
Harris - 0079,3674.0,3357.0,81.0,169.0,0.0,21.0,0.0,10.0
Harris - 0080,3533.0,2100.0,240.0,1156.0,0.0,15.0,7.0,8.0
Harris - 0081,2543.0,2310.0,142.0,19.0,7.0,13.0,0.0,35.0
Harris - 0082,3848.0,682.0,2029.0,336.0,30.0,712.0,31.0,0.0
Harris - 0083,3631.0,1047.0,1385.0,848.0,0.0,168.0,11.0,0.0
Harris - 0084,1672.0,816.0,852.0,4.0,0.0,0.0,0.0,0.0
Harris - 0085,3435.0,319.0,405.0,2025.0,1.0,197.0,0.0,77.0
Harris - 0086,5008.0,1099.0,3228.0,291.0,11.0,288.0,0.0,0.0
Harris - 0087,2690.0,332.0,2136.0,0.0,3.0,132.0,0.0,0.0
Harris - 0088,2810.0,733.0,1577.0,278.0,0.0,28.0,0.0,8.0
Harris - 0089,1210.0,104.0,875.0,80.0,0.0,131.0,0.0,5.0
Harris - 0090,2266.0,232.0,1758.0,249.0,5.0,29.0,0.0,10.0
Harris - 0091,3020.0,491.0,1863.0,310.0,0.0,172.0,0.0,108.0
Harris - 0092,2423.0,289.0,1967.0,27.0,0.0,103.0,0.0,0.0
Harris - 0093,4513.0,3859.0,391.0,189.0,0.0,86.0,5.0,0.0
Harris - 0094,950.0,707.0,116.0,53.0,0.0,0.0,0.0,0.0
Harris - 0095,4358.0,598.0,2257.0,1238.0,0.0,242.0,0.0,10.0
Harris - 0096,3196.0,1466.0,261.0,1401.0,0.0,70.0,0.0,0.0
Harris - 0097,3241.0,500.0,2215.0,500.0,0.0,0.0,0.0,0.0
Harris - 0098,3345.0,423.0,2307.0,280.0,0.0,186.0,0.0,7.0
Harris - 0099,3153.0,1848.0,978.0,304.0,6.0,0.0,0.0,0.0
Harris - 0100,2758.0,1445.0,1214.0,247.0,0.0,58.0,0.0,12.0
Harris - 0101,1181.0,596.0,96.0,452.0,0.0,11.0,0.0,23.0
Harris - 0102,2562.0,1099.0,902.0,481.0,0.0,14.0,0.0,13.0
Harris - 0103,3509.0,1600.0,1131.0,349.0,0.0,421.0,0.0,0.0
Harris - 0104,1218.0,335.0,9.0,928.0,0.0,0.0,5.0,0.0
Harris - 0105,2232.0,1912.0,237.0,58.0,0.0,0.0,0.0,0.0
Harris - 0106,756.0,523.0,159.0,70.0,0.0,0.0,0.0,24.0
Harris - 0107,3219.0,2193.0,211.0,769.0,4.0,0.0,5.0,0.0
Harris - 0108,5010.0,1980.0,1482.0,1298.0,0.0,54.0,17.0,35.0
Harris - 0109,3226.0,335.0,193.0,2709.0,0.0,9.0,0.0,0.0
Harris - 0110,4269.0,1032.0,1749.0,1061.0,0.0,427.0,0.0,0.0
Harris - 0111,3167.0,458.0,1900.0,633.0,0.0,187.0,0.0,0.0
Harris - 0112,2912.0,657.0,1654.0,373.0,0.0,212.0,0.0,0.0
Harris - 0113,3499.0,1308.0,855.0,1086.0,0.0,183.0,0.0,0.0
Harris - 0114,2842.0,468.0,2057.0,285.0,0.0,55.0,0.0,2.0
Harris - 0115,1921.0,1144.0,75.0,662.0,0.0,0.0,0.0,0.0
Harris - 0116,2724.0,415.0,2033.0,7.0,0.0,247.0,0.0,0.0
Harris - 0117,2594.0,1467.0,904.0,115.0,4.0,46.0,0.0,0.0
Harris - 0118,2493.0,172.0,1136.0,785.0,0.0,294.0,0.0,0.0
Harris - 0119,2583.0,864.0,857.0,480.0,13.0,214.0,0.0,2.0
Harris - 0120,2756.0,853.0,1298.0,350.0,0.0,141.0,25.0,93.0
Harris - 0121,2759.0,945.0,1292.0,405.0,0.0,52.0,0.0,17.0
Harris - 0122,1560.0,448.0,115.0,889.0,0.0,0.0,0.0,0.0
Harris - 0123,2244.0,383.0,1257.0,390.0,0.0,174.0,0.0,0.0
Harris - 0124,3012.0,523.0,2057.0,320.0,0.0,101.0,0.0,0.0
Harris - 0125,3573.0,1331.0,1078.0,612.0,0.0,166.0,0.0,0.0
Harris - 0126,4015.0,871.0,2537.0,515.0,0.0,76.0,0.0,3.0
Harris - 0127,3373.0,776.0,2147.0,197.0,7.0,105.0,0.0,4.0
Harris - 0128,2186.0,305.0,1512.0,0.0,0.0,335.0,0.0,0.0
Harris - 0129,2784.0,511.0,1918.0,287.0,0.0,67.0,0.0,0.0
Harris - 0130,2559.0,413.0,1636.0,140.0,0.0,308.0,0.0,0.0
Harris - 0131,1955.0,1245.0,200.0,426.0,0.0,52.0,0.0,0.0
Harris - 0132,1676.0,141.0,50.0,1408.0,50.0,0.0,0.0,8.0
Harris - 0133,2313.0,183.0,1741.0,0.0,0.0,310.0,0.0,6.0
Harris - 0134,2269.0,1332.0,346.0,465.0,7.0,81.0,3.0,0.0
Harris - 0135,4344.0,392.0,3122.0,256.0,0.0,344.0,0.0,18.0
Harris - 0136,2663.0,101.0,259.0,2216.0,3.0,23.0,0.0,27.0
Harris - 0137,3329.0,1073.0,1484.0,487.0,0.0,99.0,0.0,186.0
Harris - 0138,1691.0,591.0,47.0,1017.0,6.0,0.0,0.0,0.0
Harris - 0139,5432.0,511.0,3686.0,541.0,0.0,616.0,0.0,0.0
Harris - 0140,4397.0,686.0,1479.0,1909.0,0.0,236.0,0.0,9.0
Harris - 0141,377.0,214.0,134.0,9.0,0.0,12.0,0.0,0.0
Harris - 0142,1093.0,1053.0,38.0,0.0,0.0,0.0,0.0,0.0
Harris - 0143,4265.0,834.0,1843.0,689.0,0.0,830.0,4.0,0.0
Harris - 0144,996.0,156.0,44.0,710.0,0.0,46.0,0.0,0.0
Harris - 0145,1264.0,339.0,10.0,907.0,0.0,0.0,0.0,30.0
Harris - 0146,2217.0,332.0,1333.0,337.0,1.0,184.0,0.0,26.0
Harris - 0147,3697.0,951.0,359.0,2376.0,0.0,26.0,0.0,0.0
Harris - 0148,2007.0,147.0,1450.0,62.0,0.0,330.0,0.0,0.0
Harris - 0149,4973.0,961.0,2488.0,516.0,0.0,936.0,0.0,0.0
Harris - 0150,1240.0,0.0,176.0,1068.0,0.0,0.0,0.0,0.0
Harris - 0151,1127.0,354.0,32.0,693.0,0.0,0.0,0.0,0.0
Harris - 0152,3165.0,2445.0,446.0,232.0,14.0,0.0,0.0,0.0
Harris - 0153,2435.0,2133.0,137.0,131.0,8.0,0.0,0.0,15.0
Harris - 0154,2342.0,2175.0,96.0,40.0,0.0,0.0,0.0,0.0
Harris - 0155,4630.0,1226.0,2349.0,0.0,0.0,899.0,0.0,0.0
Harris - 0156,46.0,4.0,28.0,0.0,0.0,11.0,0.0,0.0
Harris - 0157,2447.0,766.0,127.0,1466.0,0.0,47.0,0.0,0.0
Harris - 0158,3124.0,125.0,85.0,2895.0,0.0,19.0,0.0,0.0
Harris - 0159,1690.0,327.0,321.0,862.0,13.0,146.0,0.0,0.0
Harris - 0160,918.0,96.0,24.0,741.0,0.0,44.0,0.0,0.0
Harris - 0161,795.0,256.0,23.0,474.0,4.0,5.0,0.0,0.0
Harris - 0162,2371.0,2258.0,100.0,14.0,0.0,0.0,0.0,0.0
Harris - 0163,2934.0,2491.0,286.0,150.0,0.0,0.0,7.0,0.0
Harris - 0164,1186.0,260.0,50.0,847.0,0.0,0.0,0.0,0.0
Harris - 0165,3259.0,1104.0,1877.0,194.0,0.0,101.0,0.0,0.0
Harris - 0166,1345.0,313.0,617.0,257.0,0.0,179.0,0.0,0.0
Harris - 0167,48.0,29.0,0.0,7.0,0.0,0.0,0.0,0.0
Harris - 0168,456.0,192.0,8.0,248.0,0.0,0.0,2.0,0.0
Harris - 0169,2682.0,590.0,96.0,2038.0,26.0,0.0,0.0,28.0
Harris - 0170,3282.0,2166.0,963.0,154.0,4.0,1.0,4.0,0.0
Harris - 0171,2164.0,889.0,123.0,1206.0,0.0,0.0,1.0,0.0
Harris - 0172,875.0,591.0,180.0,16.0,2.0,172.0,0.0,0.0
Harris - 0173,1752.0,94.0,864.0,133.0,0.0,564.0,0.0,0.0
Harris - 0174,3884.0,397.0,2882.0,92.0,0.0,388.0,0.0,0.0
Harris - 0175,2224.0,177.0,1600.0,134.0,0.0,266.0,0.0,8.0
Harris - 0176,1489.0,143.0,974.0,38.0,0.0,302.0,0.0,7.0
Harris - 0177,3062.0,507.0,1882.0,405.0,0.0,211.0,0.0,44.0
Harris - 0178,2341.0,201.0,1829.0,122.0,0.0,189.0,0.0,0.0
Harris - 0179,2838.0,1125.0,1127.0,215.0,0.0,269.0,0.0,0.0
Harris - 0180,2372.0,465.0,56.0,1838.0,0.0,32.0,4.0,0.0
Harris - 0181,2596.0,2156.0,341.0,6.0,4.0,78.0,0.0,0.0
Harris - 0182,1308.0,278.0,545.0,296.0,0.0,134.0,0.0,55.0
Harris - 0183,2063.0,75.0,1566.0,0.0,2.0,372.0,0.0,0.0
Harris - 0184,1520.0,1037.0,269.0,190.0,20.0,0.0,0.0,0.0
Harris - 0185,2270.0,1564.0,181.0,469.0,0.0,58.0,0.0,0.0
Harris - 0186,846.0,668.0,5.0,186.0,11.0,37.0,0.0,0.0
Harris - 0187,283.0,279.0,0.0,0.0,0.0,4.0,0.0,0.0
Harris - 0188,2420.0,2165.0,258.0,0.0,0.0,0.0,0.0,0.0
Harris - 0189,1772.0,361.0,1301.0,0.0,4.0,18.0,0.0,6.0
Harris - 0190,2648.0,2145.0,416.0,79.0,0.0,8.0,0.0,0.0
Harris - 0191,3080.0,2174.0,689.0,173.0,0.0,0.0,0.0,0.0
Harris - 0192,2703.0,644.0,278.0,1675.0,0.0,1.0,0.0,0.0
Harris - 0193,1473.0,149.0,319.0,785.0,0.0,129.0,0.0,0.0
Harris - 0194,3207.0,281.0,2117.0,387.0,0.0,358.0,4.0,4.0
Harris - 0195,1540.0,475.0,345.0,674.0,0.0,11.0,0.0,14.0
Harris - 0196,496.0,310.0,37.0,149.0,0.0,0.0,0.0,4.0
Harris - 0197,3025.0,504.0,50.0,2269.0,0.0,32.0,0.0,0.0
Harris - 0198,738.0,53.0,25.0,650.0,0.0,19.0,0.0,0.0
Harris - 0199,2977.0,636.0,2202.0,7.0,13.0,74.0,0.0,0.0
Harris - 0200,4730.0,886.0,2839.0,187.0,18.0,725.0,0.0,0.0
Harris - 0201,757.0,275.0,146.0,313.0,0.0,0.0,0.0,0.0
Harris - 0202,1436.0,216.0,54.0,1103.0,0.0,8.0,0.0,0.0
Harris - 0203,1258.0,881.0,128.0,267.0,0.0,5.0,0.0,23.0
Harris - 0204,4197.0,784.0,2819.0,164.0,0.0,213.0,0.0,87.0
Harris - 0205,2185.0,483.0,4.0,1719.0,0.0,54.0,1.0,0.0
Harris - 0206,3599.0,1521.0,1554.0,92.0,0.0,261.0,0.0,0.0
Harris - 0207,1418.0,627.0,624.0,0.0,0.0,46.0,0.0,0.0
Harris - 0208,2322.0,1595.0,357.0,371.0,0.0,0.0,0.0,10.0
Harris - 0209,6879.0,3313.0,507.0,2857.0,0.0,97.0,88.0,0.0
Harris - 0210,4150.0,317.0,828.0,2706.0,0.0,248.0,0.0,0.0
Harris - 0211,4012.0,2371.0,555.0,601.0,6.0,536.0,0.0,0.0
Harris - 0212,1789.0,1174.0,31.0,526.0,0.0,0.0,5.0,0.0
Harris - 0213,2965.0,182.0,2672.0,0.0,0.0,115.0,0.0,0.0
Harris - 0214,1930.0,325.0,1129.0,25.0,4.0,422.0,0.0,0.0
Harris - 0215,2012.0,239.0,1363.0,33.0,0.0,347.0,0.0,0.0
Harris - 0216,2753.0,1191.0,62.0,1373.0,16.0,21.0,0.0,0.0
Harris - 0217,2553.0,212.0,2008.0,35.0,0.0,177.0,0.0,0.0
Harris - 0218,4007.0,2770.0,941.0,127.0,0.0,105.0,0.0,7.0
Harris - 0219,3672.0,635.0,566.0,2200.0,20.0,118.0,0.0,109.0
Harris - 0220,3478.0,1735.0,1595.0,11.0,45.0,0.0,7.0,0.0
Harris - 0221,3247.0,2586.0,601.0,14.0,9.0,14.0,0.0,0.0
Harris - 0222,3044.0,145.0,2509.0,33.0,0.0,290.0,0.0,0.0
Harris - 0223,5905.0,929.0,1901.0,1751.0,11.0,1175.0,0.0,85.0
Harris - 0224,3481.0,531.0,1113.0,1287.0,0.0,358.0,0.0,0.0
Harris - 0225,2255.0,365.0,1157.0,497.0,0.0,209.0,0.0,61.0
Harris - 0226,2512.0,1899.0,192.0,351.0,0.0,55.0,0.0,0.0
Harris - 0227,1673.0,72.0,1374.0,0.0,0.0,170.0,5.0,61.0
Harris - 0228,1187.0,72.0,236.0,757.0,0.0,99.0,0.0,0.0
Harris - 0229,1085.0,856.0,87.0,51.0,0.0,0.0,0.0,0.0
Harris - 0230,1286.0,213.0,38.0,1039.0,0.0,0.0,0.0,0.0
Harris - 0231,2913.0,2023.0,371.0,393.0,2.0,21.0,13.0,0.0
Harris - 0232,1766.0,168.0,1177.0,129.0,0.0,265.0,0.0,7.0
Harris - 0233,5001.0,1061.0,2696.0,799.0,0.0,288.0,0.0,0.0
Harris - 0234,4417.0,265.0,3554.0,218.0,0.0,342.0,0.0,0.0
Harris - 0235,3187.0,421.0,291.0,2427.0,0.0,9.0,0.0,20.0
Harris - 0236,1587.0,847.0,0.0,763.0,0.0,0.0,0.0,0.0
Harris - 0237,2014.0,366.0,28.0,1592.0,0.0,0.0,0.0,0.0
Harris - 0238,1494.0,719.0,12.0,747.0,0.0,0.0,0.0,15.0
Harris - 0239,1467.0,434.0,34.0,884.0,0.0,0.0,0.0,0.0
Harris - 0240,2221.0,555.0,50.0,1502.0,0.0,22.0,0.0,0.0
Harris - 0241,3935.0,3320.0,186.0,104.0,0.0,307.0,0.0,0.0
Harris - 0242,2823.0,2033.0,434.0,192.0,9.0,16.0,0.0,0.0
Harris - 0243,578.0,24.0,6.0,558.0,0.0,0.0,0.0,0.0
Harris - 0244,3485.0,1490.0,838.0,462.0,6.0,626.0,0.0,14.0
Harris - 0245,4440.0,1535.0,2308.0,228.0,4.0,257.0,9.0,8.0
Harris - 0246,5747.0,1211.0,2301.0,1711.0,15.0,474.0,0.0,0.0
Harris - 0247,1531.0,82.0,80.0,1661.0,0.0,45.0,0.0,0.0
Harris - 0248,2746.0,1900.0,433.0,264.0,6.0,29.0,6.0,0.0
Harris - 0249,4338.0,1405.0,2026.0,614.0,0.0,94.0,13.0,0.0
Harris - 0250,2510.0,1014.0,339.0,998.0,0.0,46.0,3.0,7.0
Harris - 0251,2158.0,678.0,267.0,1068.0,0.0,0.0,0.0,4.0
Harris - 0252,1756.0,362.0,0.0,1394.0,0.0,0.0,0.0,0.0
Harris - 0253,2143.0,449.0,20.0,1714.0,0.0,0.0,0.0,0.0
Harris - 0254,2050.0,1770.0,213.0,35.0,0.0,0.0,0.0,0.0
Harris - 0255,2771.0,755.0,1127.0,798.0,0.0,64.0,0.0,0.0
Harris - 0256,3455.0,1913.0,931.0,391.0,0.0,171.0,0.0,4.0
Harris - 0257,5808.0,3076.0,342.0,2172.0,0.0,133.0,0.0,12.0
Harris - 0258,3060.0,201.0,2484.0,13.0,7.0,275.0,0.0,0.0
Harris - 0259,2056.0,385.0,12.0,1766.0,4.0,0.0,0.0,0.0
Harris - 0260,2136.0,304.0,425.0,158.0,17.0,1224.0,0.0,0.0
Harris - 0261,2558.0,1893.0,276.0,345.0,0.0,20.0,0.0,27.0
Harris - 0262,6154.0,2367.0,2695.0,423.0,10.0,382.0,0.0,0.0
Harris - 0263,4765.0,1140.0,3031.0,303.0,0.0,221.0,0.0,0.0
Harris - 0264,3374.0,1896.0,1186.0,220.0,0.0,38.0,0.0,0.0
Harris - 0265,3809.0,559.0,2325.0,148.0,0.0,665.0,0.0,0.0
Harris - 0266,3309.0,2461.0,652.0,119.0,0.0,55.0,0.0,0.0
Harris - 0267,1900.0,1549.0,247.0,160.0,0.0,0.0,0.0,0.0
Harris - 0268,2268.0,132.0,1683.0,15.0,0.0,372.0,0.0,0.0
Harris - 0269,2273.0,222.0,1797.0,85.0,0.0,149.0,0.0,0.0
Harris - 0270,5410.0,2216.0,2603.0,465.0,5.0,43.0,5.0,9.0
Harris - 0271,2142.0,262.0,30.0,1808.0,2.0,10.0,0.0,0.0
Harris - 0272,2827.0,623.0,892.0,1087.0,23.0,237.0,0.0,0.0
Harris - 0273,2189.0,112.0,1816.0,15.0,5.0,228.0,9.0,0.0
Harris - 0274,2744.0,434.0,1986.0,230.0,0.0,56.0,0.0,0.0
Harris - 0275,2540.0,1049.0,192.0,1215.0,5.0,26.0,38.0,0.0
Harris - 0276,1685.0,249.0,0.0,1433.0,0.0,0.0,0.0,0.0
Harris - 0277,2645.0,2176.0,260.0,143.0,0.0,8.0,0.0,0.0
Harris - 0278,3624.0,2918.0,478.0,195.0,0.0,23.0,0.0,0.0
Harris - 0279,1745.0,881.0,816.0,10.0,0.0,0.0,0.0,0.0
Harris - 0280,1661.0,1115.0,186.0,252.0,0.0,70.0,0.0,0.0
Harris - 0281,1876.0,184.0,1333.0,129.0,0.0,182.0,0.0,20.0
Harris - 0282,3522.0,394.0,1449.0,1110.0,0.0,370.0,0.0,210.0
Harris - 0283,4699.0,2518.0,101.0,2234.0,7.0,10.0,0.0,0.0
Harris - 0284,4806.0,1888.0,1632.0,852.0,0.0,292.0,0.0,15.0
Harris - 0285,3182.0,1022.0,205.0,1917.0,29.0,0.0,0.0,0.0
Harris - 0286,4200.0,1388.0,389.0,2398.0,0.0,12.0,0.0,0.0
Harris - 0287,1898.0,425.0,1149.0,210.0,0.0,74.0,20.0,0.0
Harris - 0288,1740.0,328.0,11.0,1393.0,0.0,0.0,0.0,0.0
Harris - 0289,1461.0,1183.0,268.0,2.0,0.0,4.0,0.0,0.0
Harris - 0290,1281.0,331.0,808.0,59.0,0.0,18.0,0.0,0.0
Harris - 0291,1253.0,454.0,692.0,88.0,0.0,11.0,0.0,0.0
Harris - 0292,1506.0,793.0,13.0,696.0,0.0,0.0,0.0,0.0
Harris - 0293,1222.0,375.0,656.0,124.0,9.0,69.0,0.0,0.0
Harris - 0294,2189.0,299.0,76.0,1781.0,0.0,0.0,0.0,0.0
Harris - 0295,995.0,183.0,89.0,719.0,0.0,0.0,0.0,0.0
Harris - 0296,1639.0,598.0,679.0,66.0,0.0,305.0,0.0,0.0
Harris - 0297,2744.0,1602.0,349.0,408.0,0.0,424.0,0.0,0.0
Harris - 0298,2974.0,564.0,1427.0,837.0,0.0,146.0,0.0,4.0
Harris - 0299,2204.0,940.0,543.0,374.0,112.0,126.0,0.0,0.0
Harris - 0300,2435.0,178.0,1565.0,179.0,0.0,418.0,0.0,0.0
Harris - 0301,2721.0,2104.0,519.0,4.0,38.0,33.0,0.0,0.0
Harris - 0302,4427.0,3261.0,953.0,89.0,0.0,0.0,0.0,0.0
Harris - 0303,3769.0,282.0,2825.0,366.0,0.0,279.0,0.0,0.0
Harris - 0304,2269.0,227.0,1525.0,63.0,0.0,500.0,0.0,21.0
Harris - 0305,5005.0,3136.0,891.0,681.0,0.0,224.0,0.0,23.0
Harris - 0306,1375.0,113.0,1079.0,9.0,0.0,125.0,0.0,0.0
Harris - 0307,3684.0,562.0,2776.0,33.0,80.0,111.0,0.0,0.0
Harris - 0308,2084.0,1269.0,206.0,572.0,0.0,27.0,0.0,0.0
Harris - 0309,3688.0,423.0,2509.0,484.0,0.0,105.0,0.0,0.0
Harris - 0310,1889.0,402.0,1006.0,287.0,0.0,159.0,0.0,11.0
Harris - 0311,3339.0,1104.0,642.0,126.0,0.0,1233.0,0.0,7.0
Harris - 0312,5759.0,1339.0,2103.0,1757.0,0.0,441.0,0.0,0.0
Harris - 0313,98.0,44.0,12.0,17.0,0.0,11.0,0.0,0.0
Harris - 0314,1745.0,377.0,817.0,271.0,0.0,246.0,0.0,0.0
Harris - 0315,1939.0,170.0,1579.0,76.0,0.0,60.0,0.0,1.0
Harris - 0316,1412.0,204.0,1058.0,9.0,0.0,118.0,0.0,5.0
Harris - 0317,2030.0,333.0,581.0,898.0,0.0,138.0,0.0,23.0
Harris - 0318,3934.0,1062.0,582.0,2094.0,0.0,151.0,0.0,0.0
Harris - 0319,2302.0,544.0,161.0,1597.0,0.0,0.0,0.0,0.0
Harris - 0320,1946.0,1642.0,143.0,145.0,0.0,6.0,0.0,0.0
Harris - 0321,2832.0,2489.0,214.0,181.0,0.0,23.0,0.0,0.0
Harris - 0322,1524.0,388.0,436.0,594.0,23.0,51.0,0.0,0.0
Harris - 0323,2970.0,1404.0,895.0,593.0,4.0,67.0,0.0,0.0
Harris - 0324,2811.0,485.0,2088.0,70.0,0.0,40.0,0.0,0.0
Harris - 0325,3321.0,1446.0,521.0,1256.0,8.0,32.0,0.0,0.0
Harris - 0326,1458.0,1167.0,286.0,2.0,0.0,0.0,0.0,0.0
Harris - 0327,1679.0,761.0,41.0,858.0,7.0,0.0,0.0,0.0
Harris - 0328,3098.0,2171.0,337.0,475.0,0.0,5.0,0.0,0.0
Harris - 0329,2062.0,1301.0,370.0,204.0,0.0,127.0,0.0,41.0
Harris - 0330,3832.0,1670.0,1015.0,484.0,7.0,610.0,0.0,3.0
Harris - 0331,6168.0,1777.0,2041.0,1098.0,12.0,1045.0,0.0,8.0
Harris - 0332,4121.0,2644.0,180.0,1166.0,0.0,138.0,0.0,0.0
Harris - 0333,4034.0,684.0,3003.0,132.0,17.0,139.0,0.0,0.0
Harris - 0334,1438.0,392.0,112.0,866.0,0.0,4.0,55.0,35.0
Harris - 0335,3106.0,1811.0,580.0,290.0,0.0,201.0,0.0,0.0
Harris - 0336,3597.0,334.0,405.0,2259.0,0.0,266.0,0.0,33.0
Harris - 0337,2366.0,1036.0,258.0,871.0,122.0,66.0,0.0,6.0
Harris - 0338,5271.0,2096.0,758.0,1129.0,0.0,1272.0,0.0,5.0
Harris - 0339,2459.0,1789.0,390.0,127.0,0.0,0.0,0.0,44.0
Harris - 0340,4344.0,835.0,3189.0,186.0,0.0,32.0,40.0,0.0
Harris - 0341,1687.0,1315.0,53.0,281.0,4.0,34.0,0.0,0.0
Harris - 0342,1180.0,623.0,47.0,422.0,0.0,21.0,0.0,0.0
Harris - 0343,2615.0,2068.0,378.0,118.0,0.0,47.0,0.0,0.0
Harris - 0344,1124.0,600.0,40.0,464.0,0.0,20.0,0.0,0.0
Harris - 0345,2602.0,1285.0,423.0,651.0,11.0,209.0,0.0,14.0
Harris - 0346,0.0,0.0,0.0,0.0,0.0,0.0,0.0,0.0
Harris - 0347,4395.0,2227.0,1830.0,176.0,0.0,136.0,4.0,0.0
Harris - 0348,3089.0,1189.0,1628.0,172.0,20.0,74.0,0.0,0.0
Harris - 0349,2166.0,645.0,1257.0,205.0,6.0,0.0,4.0,0.0
Harris - 0350,4782.0,876.0,2793.0,456.0,0.0,444.0,0.0,0.0
Harris - 0351,3065.0,461.0,2101.0,292.0,0.0,108.0,0.0,16.0
Harris - 0352,4015.0,1423.0,1905.0,417.0,0.0,252.0,10.0,0.0
Harris - 0353,5119.0,2501.0,316.0,1961.0,0.0,398.0,0.0,0.0
Harris - 0354,5062.0,2618.0,354.0,1968.0,19.0,97.0,0.0,8.0
Harris - 0355,2788.0,1003.0,240.0,1281.0,0.0,167.0,0.0,29.0
Harris - 0356,4484.0,842.0,2214.0,947.0,7.0,321.0,0.0,100.0
Harris - 0357,3786.0,622.0,2614.0,328.0,5.0,123.0,0.0,36.0
Harris - 0358,2683.0,556.0,81.0,1749.0,32.0,142.0,52.0,4.0
Harris - 0359,4992.0,2018.0,679.0,2294.0,5.0,79.0,0.0,0.0
Harris - 0360,4083.0,563.0,2530.0,165.0,0.0,712.0,0.0,43.0
Harris - 0361,2452.0,415.0,788.0,479.0,0.0,705.0,0.0,9.0
Harris - 0362,4976.0,1064.0,3302.0,160.0,22.0,401.0,0.0,5.0
Harris - 0363,7574.0,3015.0,1644.0,2411.0,77.0,319.0,0.0,0.0
Harris - 0364,3458.0,1668.0,1157.0,434.0,0.0,202.0,0.0,0.0
Harris - 0365,1299.0,150.0,389.0,767.0,0.0,0.0,0.0,0.0
Harris - 0366,6099.0,2897.0,325.0,2273.0,0.0,598.0,0.0,0.0
Harris - 0367,1950.0,734.0,821.0,334.0,0.0,41.0,0.0,0.0
Harris - 0368,1411.0,868.0,160.0,282.0,0.0,53.0,0.0,0.0
Harris - 0369,778.0,121.0,382.0,320.0,1.0,12.0,0.0,7.0
Harris - 0370,2283.0,496.0,1290.0,108.0,0.0,354.0,0.0,36.0
Harris - 0371,741.0,0.0,87.0,650.0,0.0,0.0,0.0,0.0
Harris - 0372,1005.0,228.0,119.0,595.0,0.0,88.0,0.0,1.0
Harris - 0373,195.0,107.0,3.0,108.0,0.0,0.0,0.0,0.0
Harris - 0374,780.0,716.0,52.0,13.0,0.0,0.0,0.0,0.0
Harris - 0375,4264.0,3365.0,597.0,208.0,17.0,13.0,0.0,0.0
Harris - 0376,2180.0,1291.0,815.0,46.0,0.0,14.0,0.0,0.0
Harris - 0377,876.0,169.0,691.0,0.0,0.0,0.0,0.0,0.0
Harris - 0378,3084.0,594.0,1969.0,340.0,0.0,48.0,0.0,0.0
Harris - 0379,2519.0,1081.0,99.0,1274.0,0.0,45.0,0.0,0.0
Harris - 0380,5136.0,1758.0,1590.0,1523.0,43.0,194.0,0.0,6.0
Harris - 0381,3370.0,1993.0,275.0,947.0,0.0,44.0,0.0,0.0
Harris - 0382,2093.0,1041.0,460.0,465.0,0.0,0.0,0.0,0.0
Harris - 0383,2457.0,1218.0,509.0,616.0,0.0,108.0,0.0,7.0
Harris - 0384,2568.0,310.0,545.0,1485.0,4.0,157.0,0.0,0.0
Harris - 0385,1487.0,124.0,1309.0,0.0,0.0,23.0,0.0,0.0
Harris - 0386,1824.0,465.0,1092.0,209.0,6.0,0.0,0.0,0.0
Harris - 0387,6522.0,3303.0,2719.0,444.0,8.0,65.0,0.0,1.0
Harris - 0388,2517.0,782.0,801.0,799.0,0.0,91.0,21.0,11.0
Harris - 0389,3841.0,732.0,1172.0,1234.0,0.0,599.0,4.0,0.0
Harris - 0390,2530.0,422.0,774.0,978.0,0.0,293.0,0.0,0.0
Harris - 0391,1092.0,166.0,836.0,56.0,0.0,4.0,0.0,0.0
Harris - 0392,1253.0,171.0,0.0,914.0,0.0,0.0,0.0,6.0
Harris - 0393,2733.0,539.0,1608.0,433.0,0.0,127.0,0.0,0.0
Harris - 0394,1491.0,911.0,359.0,154.0,0.0,67.0,0.0,0.0
Harris - 0395,1713.0,202.0,1208.0,56.0,0.0,160.0,0.0,0.0
Harris - 0396,1940.0,378.0,42.0,1449.0,0.0,12.0,0.0,22.0
Harris - 0397,1095.0,679.0,352.0,43.0,0.0,16.0,0.0,0.0
Harris - 0398,4539.0,2458.0,1143.0,608.0,0.0,305.0,0.0,0.0
Harris - 0399,5161.0,2138.0,862.0,2053.0,9.0,90.0,0.0,0.0
Harris - 0400,12.0,3.0,0.0,3.0,0.0,0.0,0.0,0.0
Harris - 0401,2586.0,914.0,42.0,1633.0,0.0,0.0,0.0,0.0
Harris - 0402,3270.0,869.0,156.0,2155.0,6.0,95.0,0.0,26.0
Harris - 0403,1785.0,134.0,1488.0,30.0,6.0,123.0,0.0,0.0
Harris - 0404,3932.0,2713.0,710.0,442.0,6.0,0.0,0.0,30.0
Harris - 0405,4245.0,477.0,3118.0,242.0,0.0,304.0,0.0,0.0
Harris - 0406,613.0,123.0,0.0,492.0,0.0,0.0,0.0,0.0
Harris - 0407,4675.0,1238.0,2340.0,403.0,0.0,545.0,0.0,0.0
Harris - 0408,1452.0,1065.0,346.0,20.0,0.0,0.0,0.0,0.0
Harris - 0409,2809.0,2169.0,518.0,67.0,9.0,9.0,0.0,0.0
Harris - 0410,817.0,525.0,38.0,221.0,14.0,26.0,0.0,0.0
Harris - 0411,3315.0,2121.0,569.0,572.0,0.0,10.0,0.0,12.0
Harris - 0412,549.0,226.0,38.0,278.0,0.0,0.0,0.0,14.0
Harris - 0413,3395.0,1566.0,541.0,1068.0,0.0,27.0,0.0,0.0
Harris - 0414,3280.0,1134.0,1916.0,198.0,15.0,0.0,0.0,0.0
Harris - 0415,2039.0,565.0,1130.0,159.0,0.0,159.0,0.0,0.0
Harris - 0416,5414.0,1366.0,2592.0,909.0,0.0,363.0,9.0,0.0
Harris - 0417,1226.0,545.0,409.0,253.0,0.0,23.0,0.0,21.0
Harris - 0418,5507.0,2579.0,761.0,1221.0,16.0,825.0,0.0,7.0
Harris - 0419,2980.0,1653.0,1171.0,108.0,0.0,19.0,0.0,0.0
Harris - 0420,5490.0,1221.0,3904.0,333.0,0.0,47.0,0.0,0.0
Harris - 0421,4106.0,554.0,1192.0,2354.0,27.0,5.0,0.0,0.0
Harris - 0422,3829.0,196.0,69.0,3460.0,0.0,100.0,0.0,0.0
Harris - 0423,2434.0,2180.0,206.0,20.0,0.0,33.0,0.0,0.0
Harris - 0424,1572.0,359.0,840.0,187.0,0.0,157.0,0.0,0.0
Harris - 0425,959.0,462.0,242.0,72.0,0.0,156.0,0.0,0.0
Harris - 0426,1186.0,236.0,414.0,85.0,0.0,432.0,0.0,0.0
Harris - 0427,1919.0,1100.0,292.0,282.0,0.0,293.0,0.0,0.0
Harris - 0428,2409.0,706.0,209.0,429.0,0.0,1057.0,0.0,5.0
Harris - 0429,5171.0,913.0,630.0,2806.0,0.0,767.0,10.0,0.0
Harris - 0430,2477.0,824.0,326.0,591.0,0.0,588.0,0.0,0.0
Harris - 0431,5439.0,2417.0,584.0,1701.0,18.0,472.0,43.0,28.0
Harris - 0432,2081.0,851.0,401.0,563.0,6.0,73.0,0.0,0.0
Harris - 0433,780.0,154.0,143.0,361.0,0.0,93.0,0.0,6.0
Harris - 0434,1578.0,194.0,974.0,187.0,4.0,88.0,0.0,0.0
Harris - 0435,3920.0,422.0,2959.0,194.0,0.0,335.0,0.0,5.0
Harris - 0436,5533.0,1073.0,2701.0,1061.0,5.0,454.0,0.0,23.0
Harris - 0437,3002.0,488.0,1910.0,346.0,0.0,205.0,17.0,14.0
Harris - 0438,3627.0,499.0,2381.0,361.0,0.0,383.0,0.0,0.0
Harris - 0439,4865.0,704.0,2805.0,192.0,47.0,1063.0,0.0,0.0
Harris - 0440,2491.0,78.0,2025.0,7.0,0.0,291.0,0.0,0.0
Harris - 0441,1571.0,120.0,1159.0,103.0,0.0,150.0,5.0,0.0
Harris - 0442,3955.0,386.0,3044.0,280.0,0.0,155.0,0.0,23.0
Harris - 0443,765.0,45.0,641.0,4.0,0.0,75.0,0.0,0.0
Harris - 0444,2866.0,1137.0,1451.0,76.0,18.0,240.0,0.0,17.0
Harris - 0445,2595.0,769.0,1257.0,365.0,6.0,202.0,0.0,4.0
Harris - 0446,443.0,265.0,94.0,61.0,0.0,0.0,0.0,0.0
Harris - 0447,1564.0,264.0,780.0,429.0,0.0,30.0,0.0,0.0
Harris - 0448,3589.0,624.0,2699.0,57.0,8.0,98.0,0.0,0.0
Harris - 0449,3.0,0.0,0.0,6.0,0.0,0.0,0.0,0.0
Harris - 0450,3736.0,1199.0,568.0,1709.0,51.0,100.0,5.0,10.0
Harris - 0451,2689.0,327.0,1999.0,321.0,0.0,104.0,0.0,0.0
Harris - 0452,3804.0,677.0,2071.0,824.0,0.0,256.0,17.0,0.0
Harris - 0453,1760.0,893.0,629.0,229.0,0.0,21.0,0.0,0.0
Harris - 0454,2517.0,393.0,102.0,2012.0,0.0,35.0,0.0,0.0
Harris - 0455,1654.0,491.0,21.0,1167.0,0.0,0.0,0.0,0.0
Harris - 0456,6953.0,2667.0,2356.0,1585.0,6.0,126.0,0.0,36.0
Harris - 0457,0.0,0.0,0.0,0.0,0.0,0.0,0.0,0.0
Harris - 0458,3429.0,1233.0,427.0,1758.0,0.0,0.0,0.0,0.0
Harris - 0459,3438.0,224.0,2872.0,88.0,0.0,199.0,0.0,7.0
Harris - 0460,5199.0,2478.0,658.0,1844.0,0.0,138.0,0.0,0.0
Harris - 0461,4327.0,549.0,2821.0,360.0,19.0,459.0,0.0,0.0
Harris - 0462,3320.0,964.0,835.0,1130.0,0.0,356.0,0.0,0.0
Harris - 0463,3556.0,972.0,994.0,1441.0,0.0,125.0,0.0,12.0
Harris - 0464,2841.0,1029.0,1564.0,174.0,0.0,33.0,0.0,5.0
Harris - 0465,5331.0,677.0,1702.0,2532.0,0.0,155.0,0.0,96.0
Harris - 0466,4918.0,1104.0,1650.0,1686.0,0.0,312.0,0.0,0.0
Harris - 0467,1602.0,736.0,255.0,258.0,0.0,241.0,0.0,21.0
Harris - 0468,5587.0,2552.0,511.0,1191.0,0.0,1073.0,0.0,0.0
Harris - 0469,3661.0,415.0,2759.0,332.0,6.0,46.0,0.0,0.0
Harris - 0470,1792.0,579.0,1148.0,18.0,0.0,0.0,0.0,17.0
Harris - 0471,3237.0,1157.0,1992.0,33.0,6.0,0.0,0.0,0.0
Harris - 0472,1415.0,91.0,851.0,248.0,0.0,183.0,0.0,0.0
Harris - 0473,1800.0,196.0,1428.0,92.0,0.0,24.0,0.0,0.0
Harris - 0474,918.0,106.0,633.0,42.0,0.0,92.0,0.0,0.0
Harris - 0475,1833.0,703.0,650.0,206.0,0.0,292.0,0.0,0.0
Harris - 0476,1417.0,504.0,663.0,97.0,0.0,157.0,0.0,0.0
Harris - 0477,4904.0,1494.0,1934.0,760.0,0.0,481.0,0.0,14.0
Harris - 0478,5141.0,797.0,2691.0,1324.0,7.0,311.0,0.0,0.0
Harris - 0479,4029.0,728.0,2480.0,562.0,15.0,193.0,0.0,0.0
Harris - 0480,3340.0,634.0,2083.0,171.0,0.0,441.0,0.0,29.0
Harris - 0481,4011.0,719.0,2919.0,219.0,0.0,125.0,0.0,0.0
Harris - 0482,4109.0,928.0,2322.0,433.0,24.0,203.0,0.0,0.0
Harris - 0483,5724.0,1115.0,2517.0,1232.0,0.0,467.0,0.0,26.0
Harris - 0484,4440.0,721.0,1846.0,1529.0,0.0,195.0,0.0,0.0
Harris - 0485,5652.0,821.0,4164.0,463.0,0.0,184.0,0.0,0.0
Harris - 0486,4528.0,878.0,2871.0,230.0,0.0,242.0,0.0,0.0
Harris - 0487,5730.0,2557.0,340.0,1362.0,0.0,1368.0,0.0,13.0
Harris - 0488,2232.0,708.0,421.0,656.0,0.0,368.0,0.0,15.0
Harris - 0489,1958.0,851.0,423.0,489.0,0.0,64.0,0.0,0.0
Harris - 0490,2814.0,447.0,889.0,1290.0,6.0,96.0,0.0,95.0
Harris - 0491,3696.0,864.0,1944.0,576.0,14.0,346.0,0.0,0.0
Harris - 0492,2627.0,690.0,1500.0,353.0,6.0,74.0,0.0,0.0
Harris - 0493,3472.0,1066.0,746.0,735.0,0.0,900.0,0.0,0.0
Harris - 0494,3812.0,2315.0,277.0,1076.0,0.0,144.0,0.0,0.0
Harris - 0495,2893.0,644.0,1477.0,418.0,5.0,226.0,0.0,10.0
Harris - 0496,3024.0,2457.0,109.0,195.0,0.0,222.0,0.0,0.0
Harris - 0497,943.0,379.0,164.0,432.0,0.0,8.0,0.0,0.0
Harris - 0498,1849.0,551.0,444.0,502.0,0.0,323.0,0.0,0.0
Harris - 0499,2162.0,140.0,1775.0,126.0,0.0,111.0,0.0,4.0
Harris - 0500,4365.0,876.0,1910.0,1168.0,0.0,275.0,0.0,26.0
Harris - 0501,2388.0,472.0,1542.0,226.0,0.0,149.0,1.0,5.0
Harris - 0502,4315.0,1208.0,2408.0,480.0,0.0,85.0,2.0,18.0
Harris - 0503,2688.0,334.0,1958.0,248.0,0.0,97.0,0.0,0.0
Harris - 0504,2032.0,353.0,1446.0,27.0,30.0,127.0,5.0,0.0
Harris - 0505,5822.0,2728.0,2103.0,883.0,0.0,91.0,7.0,42.0
Harris - 0506,4273.0,985.0,683.0,2300.0,0.0,208.0,0.0,28.0
Harris - 0507,3410.0,1413.0,191.0,469.0,0.0,1135.0,0.0,90.0
Harris - 0508,6564.0,3013.0,783.0,1125.0,0.0,1560.0,0.0,0.0
Harris - 0509,2996.0,476.0,1796.0,449.0,0.0,95.0,0.0,0.0
Harris - 0510,5648.0,1045.0,2466.0,1805.0,0.0,152.0,0.0,73.0
Harris - 0511,4150.0,792.0,1591.0,406.0,0.0,1150.0,0.0,37.0
Harris - 0512,6015.0,2500.0,965.0,1350.0,0.0,946.0,0.0,99.0
Harris - 0513,3560.0,618.0,1862.0,807.0,0.0,274.0,0.0,0.0
Harris - 0514,5124.0,1064.0,2631.0,600.0,0.0,522.0,154.0,0.0
Harris - 0515,3170.0,574.0,2165.0,85.0,24.0,222.0,0.0,0.0
Harris - 0516,3922.0,1116.0,933.0,1035.0,4.0,784.0,0.0,0.0
Harris - 0517,3232.0,1617.0,724.0,554.0,0.0,318.0,0.0,0.0
Harris - 0518,4850.0,1261.0,1775.0,1262.0,10.0,575.0,0.0,0.0
Harris - 0519,4228.0,882.0,2090.0,1109.0,0.0,105.0,0.0,0.0
Harris - 0520,410.0,69.0,34.0,288.0,0.0,0.0,0.0,3.0
Harris - 0521,3776.0,1607.0,1156.0,740.0,6.0,26.0,0.0,54.0
Harris - 0522,3150.0,372.0,2181.0,43.0,44.0,313.0,0.0,0.0
Harris - 0523,3757.0,1441.0,1898.0,340.0,0.0,58.0,4.0,7.0
Harris - 0524,3899.0,1691.0,686.0,1041.0,0.0,436.0,0.0,0.0
Harris - 0525,3052.0,263.0,709.0,1694.0,0.0,300.0,0.0,81.0
Harris - 0526,1193.0,767.0,68.0,303.0,0.0,42.0,0.0,0.0
Harris - 0527,745.0,637.0,81.0,19.0,0.0,0.0,0.0,0.0
Harris - 0528,1900.0,1206.0,210.0,479.0,5.0,0.0,0.0,0.0
Harris - 0529,5388.0,953.0,4032.0,264.0,0.0,29.0,0.0,12.0
Harris - 0530,1621.0,1391.0,155.0,53.0,0.0,13.0,0.0,0.0
Harris - 0531,3445.0,1365.0,1996.0,79.0,0.0,9.0,0.0,0.0
Harris - 0532,1627.0,371.0,797.0,316.0,0.0,0.0,0.0,0.0
Harris - 0533,1799.0,635.0,782.0,186.0,0.0,0.0,0.0,0.0
Harris - 0534,2114.0,1002.0,586.0,512.0,0.0,7.0,0.0,0.0
Harris - 0535,735.0,693.0,59.0,0.0,0.0,0.0,0.0,0.0
Harris - 0536,4696.0,2786.0,683.0,421.0,9.0,767.0,5.0,0.0
Harris - 0537,3664.0,373.0,2341.0,75.0,0.0,762.0,14.0,14.0
Harris - 0538,2699.0,204.0,34.0,2351.0,0.0,0.0,0.0,28.0
Harris - 0539,2986.0,962.0,1061.0,697.0,0.0,277.0,0.0,0.0
Harris - 0540,3606.0,416.0,2168.0,303.0,0.0,457.0,4.0,32.0
Harris - 0541,3269.0,192.0,325.0,2616.0,0.0,23.0,0.0,69.0
Harris - 0542,3817.0,1756.0,19.0,2039.0,5.0,0.0,0.0,0.0
Harris - 0543,2472.0,1704.0,331.0,407.0,0.0,13.0,0.0,0.0
Harris - 0544,283.0,133.0,0.0,120.0,0.0,2.0,0.0,0.0
Harris - 0545,1855.0,505.0,640.0,461.0,0.0,114.0,0.0,0.0
Harris - 0546,1943.0,299.0,1600.0,0.0,0.0,36.0,0.0,5.0
Harris - 0547,3042.0,830.0,1917.0,68.0,0.0,158.0,0.0,34.0
Harris - 0548,2803.0,1074.0,928.0,521.0,0.0,202.0,0.0,52.0
Harris - 0549,3887.0,1920.0,337.0,1595.0,0.0,52.0,0.0,0.0
Harris - 0550,4516.0,1084.0,1389.0,1913.0,22.0,34.0,0.0,4.0
Harris - 0551,2779.0,139.0,2059.0,143.0,0.0,401.0,0.0,0.0
Harris - 0552,4614.0,598.0,3432.0,208.0,0.0,181.0,0.0,15.0
Harris - 0553,3178.0,1177.0,661.0,856.0,0.0,402.0,0.0,15.0
Harris - 0554,2787.0,844.0,410.0,1173.0,0.0,138.0,4.0,0.0
Harris - 0555,2319.0,1076.0,232.0,779.0,0.0,286.0,0.0,0.0
Harris - 0556,3087.0,1189.0,215.0,1272.0,13.0,338.0,0.0,19.0
Harris - 0557,3300.0,1325.0,300.0,498.0,0.0,1225.0,0.0,0.0
Harris - 0558,2832.0,1026.0,276.0,929.0,0.0,244.0,0.0,0.0
Harris - 0559,6847.0,1675.0,1243.0,3159.0,41.0,496.0,0.0,118.0
Harris - 0560,1719.0,1554.0,109.0,7.0,0.0,0.0,0.0,0.0
Harris - 0561,4037.0,1342.0,1934.0,664.0,0.0,4.0,0.0,2.0
Harris - 0562,704.0,442.0,11.0,212.0,0.0,0.0,0.0,0.0
Harris - 0563,3853.0,321.0,3146.0,297.0,0.0,74.0,0.0,0.0
Harris - 0564,5673.0,1003.0,1752.0,1979.0,23.0,778.0,0.0,1.0
Harris - 0565,1720.0,812.0,224.0,542.0,5.0,103.0,34.0,0.0
Harris - 0566,3683.0,1395.0,765.0,1225.0,0.0,242.0,0.0,0.0
Harris - 0567,3793.0,1739.0,602.0,1138.0,12.0,228.0,0.0,48.0
Harris - 0568,3353.0,579.0,1893.0,369.0,0.0,414.0,0.0,0.0
Harris - 0569,5727.0,1229.0,2624.0,873.0,4.0,887.0,0.0,0.0
Harris - 0570,2667.0,879.0,1215.0,263.0,0.0,201.0,0.0,7.0
Harris - 0571,1932.0,1695.0,42.0,195.0,0.0,0.0,0.0,0.0
Harris - 0572,6005.0,1084.0,2060.0,2278.0,0.0,371.0,0.0,48.0
Harris - 0573,1763.0,173.0,54.0,1431.0,0.0,0.0,0.0,0.0
Harris - 0574,383.0,313.0,5.0,65.0,0.0,0.0,2.0,0.0
Harris - 0575,5968.0,1545.0,2474.0,841.0,0.0,991.0,0.0,24.0
Harris - 0576,3408.0,901.0,260.0,2171.0,0.0,50.0,0.0,0.0
Harris - 0577,2228.0,707.0,1130.0,61.0,0.0,323.0,0.0,0.0
Harris - 0578,1832.0,437.0,1267.0,5.0,0.0,93.0,0.0,0.0
Harris - 0579,2064.0,1037.0,282.0,762.0,0.0,0.0,0.0,0.0
Harris - 0580,1144.0,225.0,56.0,841.0,0.0,0.0,0.0,0.0
Harris - 0581,1101.0,353.0,24.0,678.0,0.0,0.0,0.0,0.0
Harris - 0582,1655.0,496.0,84.0,1060.0,0.0,9.0,0.0,0.0
Harris - 0583,1249.0,285.0,29.0,896.0,0.0,8.0,0.0,10.0
Harris - 0584,2055.0,230.0,11.0,1905.0,0.0,4.0,0.0,0.0
Harris - 0585,2608.0,297.0,113.0,2093.0,0.0,0.0,4.0,0.0
Harris - 0586,3900.0,1497.0,1072.0,1068.0,0.0,196.0,0.0,0.0
Harris - 0587,5432.0,1368.0,869.0,2857.0,0.0,74.0,6.0,90.0
Harris - 0588,4713.0,850.0,2842.0,587.0,0.0,191.0,13.0,73.0
Harris - 0589,3720.0,1399.0,1410.0,681.0,0.0,74.0,0.0,0.0
Harris - 0590,1856.0,125.0,1612.0,0.0,13.0,10.0,0.0,26.0
Harris - 0591,2492.0,2033.0,357.0,89.0,0.0,0.0,0.0,0.0
Harris - 0592,3033.0,1194.0,453.0,1016.0,0.0,300.0,0.0,0.0
Harris - 0593,5314.0,2498.0,1035.0,456.0,0.0,1282.0,0.0,30.0
Harris - 0594,2315.0,711.0,482.0,1035.0,0.0,77.0,0.0,0.0
Harris - 0595,1947.0,787.0,50.0,930.0,68.0,103.0,0.0,0.0
Harris - 0596,5878.0,1774.0,2475.0,1400.0,0.0,61.0,0.0,5.0
Harris - 0597,3582.0,739.0,1213.0,547.0,16.0,1085.0,4.0,24.0
Harris - 0598,3420.0,1944.0,575.0,858.0,0.0,32.0,0.0,0.0
Harris - 0599,813.0,328.0,252.0,101.0,0.0,71.0,0.0,0.0
Harris - 0600,4222.0,1254.0,1033.0,1124.0,0.0,684.0,0.0,0.0
Harris - 0601,4663.0,1470.0,2428.0,484.0,5.0,170.0,0.0,0.0
Harris - 0602,1939.0,368.0,928.0,328.0,0.0,300.0,0.0,0.0
Harris - 0603,3614.0,936.0,1796.0,629.0,0.0,233.0,0.0,0.0
Harris - 0604,3701.0,603.0,2981.0,30.0,5.0,0.0,3.0,26.0
Harris - 0605,2130.0,1440.0,92.0,447.0,0.0,175.0,0.0,0.0
Harris - 0606,1141.0,232.0,23.0,881.0,0.0,0.0,0.0,0.0
Harris - 0607,1961.0,478.0,62.0,1324.0,0.0,53.0,0.0,0.0
Harris - 0608,1558.0,1302.0,105.0,31.0,0.0,38.0,0.0,0.0
Harris - 0609,4365.0,1401.0,1403.0,274.0,0.0,1094.0,0.0,81.0
Harris - 0610,3169.0,1953.0,915.0,124.0,0.0,214.0,0.0,0.0
Harris - 0611,2572.0,406.0,13.0,2169.0,0.0,23.0,0.0,0.0
Harris - 0612,3294.0,141.0,3019.0,100.0,8.0,21.0,0.0,0.0
Harris - 0613,3967.0,1968.0,163.0,1754.0,0.0,203.0,11.0,42.0
Harris - 0614,4285.0,1355.0,401.0,1202.0,44.0,1061.0,0.0,51.0
Harris - 0615,2909.0,566.0,831.0,1384.0,15.0,87.0,0.0,0.0
Harris - 0616,3211.0,971.0,1515.0,219.0,0.0,403.0,0.0,0.0
Harris - 0617,5305.0,2481.0,798.0,1299.0,0.0,674.0,0.0,4.0
Harris - 0618,5198.0,2481.0,1315.0,980.0,0.0,157.0,0.0,6.0
Harris - 0619,4432.0,563.0,3100.0,177.0,0.0,459.0,5.0,16.0
Harris - 0620,5809.0,1110.0,2246.0,1680.0,0.0,752.0,0.0,0.0
Harris - 0621,1680.0,684.0,651.0,81.0,0.0,87.0,8.0,0.0
Harris - 0622,3896.0,1369.0,1642.0,375.0,0.0,454.0,0.0,0.0
Harris - 0623,5343.0,1197.0,2335.0,1239.0,3.0,521.0,0.0,10.0
Harris - 0624,3090.0,561.0,1261.0,658.0,26.0,264.0,0.0,2.0
Harris - 0625,5271.0,647.0,1611.0,2684.0,0.0,135.0,0.0,29.0
Harris - 0626,5338.0,857.0,2769.0,1240.0,0.0,317.0,0.0,27.0
Harris - 0627,4593.0,1582.0,818.0,1176.0,29.0,817.0,0.0,48.0
Harris - 0628,3157.0,2308.0,296.0,466.0,0.0,23.0,0.0,11.0
Harris - 0629,491.0,168.0,20.0,234.0,0.0,86.0,0.0,0.0
Harris - 0630,6966.0,1434.0,436.0,4742.0,0.0,310.0,0.0,145.0
Harris - 0631,3218.0,617.0,1664.0,689.0,0.0,203.0,0.0,0.0
Harris - 0632,69.0,13.0,51.0,5.0,0.0,1.0,0.0,0.0
Harris - 0633,4565.0,634.0,2644.0,921.0,0.0,390.0,0.0,0.0
Harris - 0634,3375.0,1029.0,1568.0,667.0,18.0,58.0,7.0,11.0
Harris - 0635,3823.0,1003.0,2300.0,221.0,4.0,185.0,0.0,7.0
Harris - 0636,2040.0,272.0,1693.0,38.0,16.0,0.0,0.0,0.0
Harris - 0637,3388.0,1988.0,956.0,233.0,11.0,59.0,0.0,5.0
Harris - 0638,3029.0,720.0,80.0,2039.0,0.0,83.0,16.0,4.0
Harris - 0639,3092.0,746.0,2174.0,105.0,0.0,24.0,0.0,33.0
Harris - 0640,5824.0,1323.0,2852.0,1148.0,36.0,397.0,0.0,0.0
Harris - 0641,5352.0,1712.0,2193.0,770.0,0.0,414.0,4.0,20.0
Harris - 0642,1995.0,338.0,1478.0,66.0,0.0,90.0,0.0,4.0
Harris - 0643,5433.0,2618.0,1576.0,896.0,0.0,330.0,0.0,0.0
Harris - 0644,5122.0,1508.0,2311.0,124.0,0.0,695.0,20.0,108.0
Harris - 0645,3409.0,636.0,859.0,1626.0,6.0,167.0,0.0,0.0
Harris - 0646,2399.0,764.0,331.0,842.0,0.0,476.0,0.0,0.0
Harris - 0647,7630.0,1059.0,717.0,2524.0,0.0,3161.0,0.0,50.0
Harris - 0648,3323.0,697.0,1715.0,420.0,0.0,339.0,0.0,60.0
Harris - 0649,5342.0,1923.0,642.0,1839.0,0.0,763.0,0.0,21.0
Harris - 0650,4871.0,919.0,2853.0,204.0,13.0,975.0,4.0,15.0
Harris - 0651,4378.0,2074.0,1542.0,274.0,0.0,426.0,0.0,0.0
Harris - 0652,3477.0,405.0,165.0,2445.0,0.0,393.0,0.0,0.0
Harris - 0653,1600.0,1260.0,44.0,317.0,0.0,2.0,0.0,0.0
Harris - 0654,3014.0,1940.0,480.0,313.0,0.0,260.0,0.0,14.0
Harris - 0655,4966.0,1218.0,2695.0,358.0,1.0,584.0,70.0,0.0
Harris - 0656,589.0,479.0,17.0,95.0,0.0,0.0,0.0,16.0
Harris - 0657,3269.0,1008.0,541.0,1522.0,0.0,138.0,0.0,0.0
Harris - 0658,2990.0,672.0,1391.0,699.0,0.0,199.0,0.0,5.0
Harris - 0659,3761.0,670.0,2380.0,467.0,25.0,83.0,5.0,6.0
Harris - 0660,2805.0,664.0,153.0,1781.0,0.0,153.0,0.0,68.0
Harris - 0661,3371.0,832.0,1330.0,691.0,0.0,389.0,0.0,87.0
Harris - 0662,2221.0,802.0,1334.0,0.0,0.0,106.0,0.0,0.0
Harris - 0663,768.0,116.0,498.0,36.0,0.0,102.0,0.0,0.0
Harris - 0664,3965.0,3267.0,257.0,377.0,0.0,87.0,0.0,0.0
Harris - 0665,3676.0,1034.0,2457.0,122.0,40.0,0.0,0.0,6.0
Harris - 0666,0.0,0.0,0.0,0.0,0.0,0.0,0.0,0.0
Harris - 0667,1998.0,314.0,1178.0,355.0,0.0,179.0,0.0,0.0
Harris - 0668,5950.0,1602.0,2853.0,659.0,0.0,616.0,0.0,78.0
Harris - 0669,4277.0,706.0,1882.0,1401.0,0.0,86.0,0.0,24.0
Harris - 0670,2975.0,437.0,2470.0,55.0,0.0,13.0,0.0,1.0
Harris - 0671,3283.0,1285.0,1397.0,197.0,4.0,337.0,0.0,0.0
Harris - 0672,5443.0,2540.0,2288.0,193.0,0.0,382.0,0.0,2.0
Harris - 0673,3207.0,970.0,2191.0,24.0,0.0,0.0,0.0,0.0
Harris - 0674,5152.0,1094.0,3011.0,520.0,0.0,410.0,5.0,18.0
Harris - 0676,4162.0,2430.0,697.0,879.0,0.0,112.0,0.0,0.0
Harris - 0677,2084.0,1780.0,304.0,11.0,0.0,0.0,0.0,0.0
Harris - 0678,2858.0,550.0,126.0,1979.0,4.0,115.0,0.0,21.0
Harris - 0679,1157.0,504.0,606.0,29.0,20.0,0.0,0.0,0.0
Harris - 0680,317.0,58.0,194.0,24.0,0.0,10.0,0.0,5.0
Harris - 0681,316.0,103.0,160.0,32.0,0.0,18.0,0.0,1.0
Harris - 0682,3539.0,940.0,2403.0,141.0,0.0,55.0,0.0,0.0
Harris - 0683,311.0,243.0,46.0,3.0,0.0,0.0,0.0,0.0
Harris - 0684,5392.0,1766.0,2207.0,209.0,0.0,910.0,0.0,0.0
Harris - 0685,237.0,50.0,188.0,8.0,0.0,28.0,0.0,0.0
Harris - 0686,730.0,187.0,182.0,198.0,7.0,0.0,0.0,0.0
Harris - 0687,3291.0,643.0,1792.0,123.0,6.0,649.0,0.0,0.0
Harris - 0688,4771.0,670.0,3299.0,359.0,0.0,350.0,0.0,0.0
Harris - 0689,2473.0,1098.0,801.0,121.0,0.0,385.0,0.0,0.0
Harris - 0690,4618.0,604.0,3235.0,409.0,0.0,342.0,0.0,0.0
Harris - 0691,4562.0,735.0,3018.0,230.0,0.0,400.0,0.0,0.0
Harris - 0692,4939.0,556.0,3672.0,418.0,24.0,180.0,0.0,50.0
Harris - 0693,740.0,151.0,294.0,437.0,0.0,22.0,0.0,0.0
Harris - 0694,2649.0,968.0,440.0,571.0,0.0,622.0,0.0,0.0
Harris - 0695,3228.0,1431.0,1495.0,219.0,0.0,0.0,0.0,0.0
Harris - 0696,3477.0,1829.0,1421.0,145.0,0.0,30.0,0.0,0.0
Harris - 0697,2664.0,1054.0,408.0,825.0,5.0,270.0,0.0,29.0
Harris - 0698,1480.0,339.0,90.0,1069.0,0.0,78.0,0.0,0.0
Harris - 0699,2540.0,490.0,1366.0,5.0,0.0,625.0,0.0,0.0
Harris - 0700,2738.0,409.0,1972.0,181.0,0.0,23.0,0.0,3.0
Harris - 0701,547.0,450.0,61.0,0.0,0.0,28.0,0.0,0.0
Harris - 0702,853.0,540.0,4.0,285.0,1.0,0.0,0.0,0.0
Harris - 0703,2868.0,745.0,1712.0,74.0,0.0,105.0,0.0,103.0
Harris - 0704,3675.0,702.0,2622.0,276.0,0.0,16.0,0.0,0.0
Harris - 0705,1980.0,345.0,193.0,1353.0,0.0,21.0,0.0,0.0
Harris - 0706,4527.0,570.0,1328.0,1668.0,0.0,891.0,0.0,0.0
Harris - 0707,768.0,151.0,504.0,70.0,0.0,76.0,0.0,0.0
Harris - 0708,822.0,632.0,190.0,0.0,0.0,0.0,0.0,0.0
Harris - 0709,5217.0,1355.0,2206.0,529.0,0.0,972.0,0.0,31.0
Harris - 0710,2976.0,293.0,1819.0,395.0,8.0,348.0,0.0,74.0
Harris - 0711,5524.0,706.0,1697.0,2221.0,0.0,866.0,0.0,0.0
Harris - 0712,5914.0,2402.0,1250.0,1652.0,5.0,254.0,0.0,0.0
Harris - 0713,2863.0,1077.0,545.0,898.0,0.0,251.0,0.0,0.0
Harris - 0714,623.0,534.0,60.0,6.0,0.0,0.0,0.0,0.0
Harris - 0715,1115.0,362.0,327.0,293.0,0.0,79.0,29.0,30.0
Harris - 0716,2899.0,935.0,1829.0,77.0,7.0,24.0,0.0,0.0
Harris - 0717,1820.0,779.0,21.0,833.0,0.0,187.0,0.0,0.0
Harris - 0718,3810.0,724.0,2013.0,439.0,0.0,597.0,0.0,5.0
Harris - 0719,1875.0,939.0,654.0,158.0,0.0,82.0,0.0,0.0
Harris - 0720,2637.0,696.0,1668.0,164.0,0.0,69.0,0.0,0.0
Harris - 0721,2658.0,557.0,1618.0,40.0,0.0,414.0,0.0,0.0
Harris - 0722,5115.0,1995.0,310.0,2755.0,0.0,33.0,0.0,0.0
Harris - 0723,3681.0,1031.0,375.0,2093.0,0.0,206.0,0.0,26.0
Harris - 0724,1394.0,203.0,648.0,96.0,13.0,375.0,0.0,12.0
Harris - 0725,2746.0,1450.0,510.0,601.0,49.0,29.0,0.0,0.0
Harris - 0726,2101.0,443.0,1670.0,4.0,0.0,39.0,0.0,0.0
Harris - 0727,950.0,75.0,365.0,455.0,0.0,50.0,0.0,0.0
Harris - 0728,899.0,261.0,529.0,95.0,0.0,8.0,0.0,0.0
Harris - 0729,575.0,132.0,405.0,12.0,0.0,25.0,3.0,0.0
Harris - 0730,2819.0,318.0,1859.0,121.0,0.0,491.0,0.0,0.0
Harris - 0731,4180.0,1962.0,868.0,1086.0,4.0,194.0,0.0,53.0
Harris - 0732,2460.0,589.0,1052.0,384.0,0.0,350.0,0.0,0.0
Harris - 0733,1155.0,954.0,18.0,233.0,0.0,16.0,0.0,0.0
Harris - 0734,3123.0,1117.0,1038.0,702.0,0.0,119.0,0.0,0.0
Harris - 0735,4283.0,1078.0,2179.0,642.0,0.0,169.0,0.0,0.0
Harris - 0736,2861.0,568.0,2015.0,68.0,0.0,99.0,0.0,0.0
Harris - 0737,47.0,22.0,31.0,4.0,0.0,0.0,0.0,0.0
Harris - 0738,983.0,56.0,313.0,570.0,0.0,0.0,0.0,6.0
Harris - 0739,3882.0,2316.0,761.0,839.0,12.0,0.0,0.0,13.0
Harris - 0740,403.0,79.0,344.0,4.0,0.0,0.0,0.0,0.0
Harris - 0741,2405.0,1328.0,217.0,587.0,7.0,248.0,0.0,0.0
Harris - 0742,2220.0,263.0,1307.0,0.0,16.0,522.0,0.0,5.0
Harris - 0743,324.0,183.0,86.0,8.0,0.0,4.0,0.0,0.0
Harris - 0744,2864.0,586.0,1207.0,836.0,4.0,143.0,0.0,51.0
Harris - 0745,2997.0,497.0,1840.0,238.0,0.0,167.0,0.0,0.0
Harris - 0746,1197.0,400.0,559.0,0.0,0.0,23.0,0.0,57.0
Harris - 0747,4840.0,1920.0,1245.0,1578.0,0.0,131.0,0.0,0.0
Harris - 0748,3221.0,731.0,1840.0,467.0,0.0,118.0,0.0,53.0
Harris - 0749,707.0,271.0,109.0,249.0,9.0,73.0,0.0,0.0
Harris - 0750,1839.0,459.0,819.0,372.0,0.0,46.0,0.0,0.0
Harris - 0751,3619.0,584.0,1115.0,822.0,30.0,1086.0,0.0,12.0
Harris - 0752,2533.0,1841.0,545.0,49.0,0.0,0.0,0.0,0.0
Harris - 0753,651.0,251.0,155.0,214.0,0.0,37.0,0.0,0.0
Harris - 0754,2224.0,654.0,235.0,1304.0,0.0,9.0,3.0,0.0
Harris - 0755,3895.0,2530.0,489.0,672.0,7.0,124.0,0.0,0.0
Harris - 0756,1887.0,1144.0,477.0,187.0,0.0,62.0,0.0,0.0
Harris - 0757,6537.0,1673.0,282.0,3644.0,0.0,832.0,24.0,0.0
Harris - 0758,2097.0,248.0,1657.0,0.0,0.0,154.0,8.0,24.0
Harris - 0759,2588.0,699.0,929.0,253.0,0.0,702.0,0.0,4.0
Harris - 0760,2292.0,118.0,2085.0,6.0,0.0,77.0,0.0,1.0
Harris - 0761,1462.0,127.0,1100.0,131.0,0.0,77.0,0.0,0.0
Harris - 0762,2058.0,1090.0,191.0,117.0,0.0,573.0,4.0,18.0
Harris - 0763,1410.0,1179.0,212.0,17.0,0.0,0.0,0.0,0.0
Harris - 0764,2532.0,638.0,1244.0,582.0,0.0,64.0,0.0,1.0
Harris - 0765,4973.0,821.0,926.0,2688.0,0.0,266.0,0.0,163.0
Harris - 0766,552.0,485.0,0.0,67.0,0.0,0.0,0.0,0.0
Harris - 0767,184.0,141.0,9.0,11.0,0.0,5.0,0.0,0.0
Harris - 0768,2705.0,382.0,2060.0,153.0,0.0,65.0,0.0,0.0
Harris - 0769,115.0,12.0,8.0,163.0,0.0,0.0,0.0,0.0
Harris - 0770,732.0,329.0,168.0,286.0,0.0,0.0,0.0,0.0
Harris - 0771,3750.0,1650.0,707.0,801.0,0.0,203.0,0.0,0.0
Harris - 0772,4947.0,628.0,3714.0,124.0,0.0,354.0,0.0,26.0
Harris - 0773,3037.0,637.0,230.0,647.0,24.0,1310.0,0.0,71.0
Harris - 0774,1348.0,410.0,432.0,419.0,0.0,87.0,0.0,0.0
Harris - 0775,3918.0,571.0,2412.0,255.0,25.0,494.0,42.0,1.0
Harris - 0776,3905.0,1022.0,1979.0,767.0,0.0,94.0,0.0,0.0
Harris - 0777,1429.0,1144.0,254.0,19.0,0.0,0.0,0.0,0.0
Harris - 0778,431.0,266.0,52.0,96.0,0.0,0.0,0.0,0.0
Harris - 0779,1274.0,1026.0,248.0,0.0,0.0,0.0,0.0,0.0
Harris - 0780,950.0,548.0,357.0,30.0,0.0,26.0,0.0,0.0
Harris - 0781,4749.0,2648.0,469.0,475.0,0.0,1137.0,0.0,4.0
Harris - 0782,2128.0,547.0,1206.0,147.0,3.0,134.0,0.0,0.0
Harris - 0783,1196.0,562.0,75.0,495.0,0.0,6.0,21.0,0.0
Harris - 0784,776.0,59.0,11.0,696.0,0.0,0.0,0.0,0.0
Harris - 0785,5135.0,1509.0,1282.0,1397.0,10.0,970.0,0.0,7.0
Harris - 0786,1725.0,1569.0,151.0,26.0,0.0,0.0,0.0,0.0
Harris - 0787,669.0,504.0,130.0,17.0,1.0,0.0,0.0,0.0
Harris - 0788,535.0,384.0,158.0,10.0,16.0,5.0,13.0,0.0
Harris - 0789,3339.0,704.0,1485.0,741.0,0.0,244.0,0.0,21.0
Harris - 0790,3724.0,1487.0,938.0,703.0,0.0,425.0,11.0,0.0
Harris - 0791,0.0,0.0,0.0,0.0,0.0,0.0,0.0,0.0
Harris - 0792,1958.0,1610.0,99.0,199.0,0.0,25.0,0.0,0.0
Harris - 0793,3939.0,2320.0,1371.0,226.0,0.0,25.0,0.0,7.0
Harris - 0794,897.0,307.0,125.0,434.0,0.0,0.0,0.0,0.0
Harris - 0795,1954.0,1801.0,157.0,2.0,0.0,0.0,0.0,0.0
Harris - 0796,3148.0,1375.0,1143.0,206.0,0.0,295.0,1.0,0.0
Harris - 0797,0.0,0.0,0.0,0.0,0.0,0.0,0.0,0.0
Harris - 0798,572.0,343.0,154.0,55.0,0.0,0.0,1.0,0.0
Harris - 0799,1810.0,864.0,138.0,730.0,21.0,0.0,0.0,0.0
Harris - 0800,4712.0,1080.0,2720.0,501.0,0.0,388.0,0.0,13.0
Harris - 0801,446.0,354.0,42.0,3.0,47.0,8.0,0.0,0.0
Harris - 0802,0.0,0.0,0.0,0.0,0.0,0.0,0.0,0.0
Harris - 0803,4900.0,820.0,3102.0,240.0,0.0,578.0,0.0,21.0
Harris - 0804,2656.0,466.0,798.0,807.0,0.0,433.0,0.0,0.0
Harris - 0805,2930.0,178.0,2264.0,350.0,1.0,123.0,0.0,0.0
Harris - 0806,2869.0,886.0,1193.0,421.0,0.0,328.0,0.0,0.0
Harris - 0807,3078.0,928.0,561.0,1370.0,0.0,106.0,38.0,71.0
Harris - 0808,8.0,2.0,3.0,0.0,0.0,0.0,0.0,0.0
Harris - 0809,149.0,70.0,49.0,45.0,0.0,0.0,0.0,0.0
Harris - 0810,329.0,224.0,0.0,14.0,0.0,0.0,0.0,0.0
Harris - 0811,320.0,281.0,5.0,11.0,0.0,0.0,0.0,0.0
Harris - 0812,0.0,0.0,0.0,0.0,0.0,0.0,0.0,0.0
Harris - 0813,4361.0,1895.0,1669.0,533.0,6.0,154.0,14.0,0.0
Harris - 0814,2720.0,733.0,296.0,1204.0,0.0,359.0,0.0,70.0
Harris - 0815,0.0,0.0,0.0,0.0,0.0,0.0,0.0,0.0
Harris - 0816,78.0,65.0,12.0,0.0,0.0,0.0,0.0,0.0
Harris - 0817,2300.0,283.0,1324.0,294.0,0.0,368.0,0.0,2.0
Harris - 0818,2120.0,730.0,533.0,818.0,23.0,0.0,0.0,0.0
Harris - 0819,102.0,29.0,77.0,7.0,0.0,1.0,0.0,6.0
Harris - 0820,1750.0,995.0,438.0,154.0,4.0,89.0,0.0,16.0
Harris - 0821,2115.0,1098.0,15.0,899.0,0.0,96.0,0.0,7.0
Harris - 0822,1541.0,403.0,20.0,1096.0,0.0,0.0,0.0,0.0
Harris - 0823,2896.0,786.0,1040.0,527.0,0.0,487.0,0.0,0.0
Harris - 0824,2939.0,1661.0,41.0,1182.0,0.0,55.0,0.0,0.0
Harris - 0825,3271.0,1581.0,1057.0,419.0,0.0,137.0,0.0,8.0
Harris - 0826,291.0,35.0,307.0,0.0,0.0,53.0,0.0,0.0
Harris - 0827,1398.0,1059.0,314.0,15.0,7.0,0.0,0.0,0.0
Harris - 0828,1872.0,231.0,1452.0,91.0,0.0,110.0,0.0,0.0
Harris - 0829,28.0,7.0,77.0,1.0,0.0,1.0,0.0,0.0
Harris - 0830,99.0,7.0,48.0,42.0,0.0,10.0,0.0,0.0
Harris - 0831,49.0,27.0,13.0,6.0,0.0,0.0,0.0,0.0
Harris - 0832,560.0,322.0,0.0,127.0,0.0,0.0,0.0,16.0
Harris - 0833,15.0,6.0,2.0,0.0,0.0,3.0,0.0,0.0
Harris - 0834,382.0,3.0,120.0,243.0,0.0,0.0,0.0,6.0
Harris - 0835,204.0,153.0,28.0,21.0,0.0,0.0,0.0,0.0
Harris - 0836,299.0,59.0,26.0,228.0,0.0,0.0,0.0,13.0
Harris - 0837,136.0,21.0,66.0,4.0,0.0,34.0,0.0,0.0
Harris - 0838,0.0,0.0,0.0,0.0,0.0,0.0,0.0,0.0
Harris - 0839,1637.0,262.0,160.0,966.0,0.0,225.0,4.0,22.0
Harris - 0840,1792.0,1041.0,204.0,491.0,0.0,51.0,0.0,0.0
Harris - 0841,4824.0,1494.0,932.0,1874.0,0.0,122.0,28.0,90.0
Harris - 0842,3093.0,1350.0,694.0,861.0,5.0,184.0,0.0,0.0
Harris - 0843,1675.0,855.0,202.0,577.0,0.0,13.0,0.0,0.0
Harris - 0844,3759.0,551.0,2375.0,443.0,0.0,399.0,0.0,0.0
Harris - 0845,590.0,75.0,359.0,136.0,0.0,33.0,0.0,0.0
Harris - 0846,548.0,310.0,56.0,177.0,0.0,0.0,0.0,0.0
Harris - 0847,4185.0,2390.0,421.0,1315.0,9.0,0.0,0.0,0.0
Harris - 0848,2079.0,846.0,387.0,744.0,0.0,31.0,0.0,11.0
Harris - 0849,3108.0,2571.0,300.0,171.0,0.0,65.0,0.0,0.0
Harris - 0850,201.0,159.0,21.0,15.0,0.0,15.0,0.0,0.0
Harris - 0851,5054.0,1178.0,1971.0,1513.0,0.0,169.0,0.0,0.0
Harris - 0852,2203.0,196.0,1638.0,105.0,0.0,90.0,0.0,0.0
Harris - 0853,2268.0,578.0,1349.0,131.0,0.0,148.0,0.0,0.0
Harris - 0854,216.0,131.0,5.0,66.0,0.0,0.0,0.0,0.0
Harris - 0855,2074.0,369.0,493.0,1174.0,0.0,31.0,0.0,0.0
Harris - 0856,0.0,0.0,0.0,0.0,0.0,0.0,0.0,0.0
Harris - 0857,0.0,0.0,0.0,0.0,0.0,0.0,0.0,0.0
Harris - 0858,217.0,36.0,0.0,192.0,0.0,0.0,0.0,0.0
Harris - 0859,1057.0,469.0,85.0,479.0,0.0,0.0,0.0,0.0
Harris - 0860,3338.0,1080.0,1647.0,328.0,0.0,254.0,26.0,21.0
Harris - 0861,1988.0,467.0,170.0,1252.0,0.0,102.0,0.0,0.0
Harris - 0862,4812.0,1404.0,2066.0,785.0,0.0,439.0,0.0,18.0
Harris - 0863,404.0,89.0,4.0,297.0,3.0,0.0,0.0,0.0
Harris - 0864,3420.0,2461.0,83.0,890.0,0.0,92.0,0.0,8.0
Harris - 0865,3353.0,1050.0,1081.0,844.0,0.0,267.0,0.0,58.0
Harris - 0866,0.0,0.0,0.0,0.0,0.0,0.0,0.0,0.0
Harris - 0867,2034.0,1175.0,77.0,688.0,0.0,0.0,0.0,0.0
Harris - 0868,2037.0,1305.0,366.0,318.0,0.0,34.0,0.0,0.0
Harris - 0869,589.0,97.0,63.0,462.0,0.0,0.0,0.0,10.0
Harris - 0870,0.0,0.0,0.0,0.0,0.0,0.0,0.0,0.0
Harris - 0871,44.0,14.0,0.0,9.0,0.0,0.0,0.0,0.0
Harris - 0872,1070.0,546.0,454.0,11.0,0.0,45.0,0.0,0.0
Harris - 0873,1032.0,674.0,33.0,153.0,0.0,128.0,12.0,24.0
Harris - 0874,3099.0,352.0,2265.0,221.0,0.0,175.0,0.0,0.0
Harris - 0875,3324.0,1772.0,779.0,447.0,0.0,328.0,0.0,0.0
Harris - 0876,2506.0,602.0,938.0,525.0,0.0,155.0,0.0,102.0
Harris - 0877,3994.0,1228.0,666.0,1434.0,0.0,724.0,0.0,0.0
Harris - 0878,1803.0,392.0,1090.0,144.0,5.0,124.0,0.0,0.0
Harris - 0879,3909.0,1503.0,1125.0,670.0,5.0,460.0,0.0,5.0
Harris - 0880,3219.0,489.0,1442.0,291.0,5.0,934.0,0.0,0.0
Harris - 0881,3783.0,1272.0,823.0,1350.0,0.0,256.0,0.0,0.0
Harris - 0882,3614.0,828.0,534.0,1183.0,3.0,1056.0,16.0,0.0
Harris - 0883,4007.0,1854.0,627.0,1443.0,0.0,26.0,0.0,0.0
Harris - 0884,696.0,411.0,53.0,288.0,0.0,0.0,0.0,0.0
Harris - 0885,4662.0,1977.0,813.0,1444.0,0.0,302.0,5.0,13.0
Harris - 0886,1345.0,415.0,614.0,137.0,0.0,111.0,0.0,5.0
Harris - 0887,678.0,90.0,540.0,16.0,0.0,21.0,0.0,0.0
Harris - 0888,2660.0,665.0,819.0,875.0,0.0,235.0,0.0,0.0
Harris - 0889,311.0,113.0,106.0,30.0,0.0,0.0,2.0,0.0
Harris - 0890,2651.0,432.0,1698.0,391.0,7.0,62.0,3.0,10.0
Harris - 0891,2027.0,467.0,923.0,182.0,0.0,130.0,0.0,5.0
Harris - 0892,1567.0,391.0,656.0,470.0,0.0,107.0,0.0,2.0
Harris - 0893,2262.0,471.0,694.0,675.0,0.0,378.0,0.0,0.0
Harris - 0894,4632.0,1096.0,542.0,2610.0,0.0,163.0,0.0,0.0
Harris - 0895,935.0,28.0,846.0,0.0,0.0,58.0,0.0,0.0
Harris - 0896,1917.0,222.0,1265.0,330.0,0.0,68.0,7.0,0.0
Harris - 0897,3438.0,613.0,1185.0,1282.0,0.0,219.0,27.0,29.0
Harris - 0898,2578.0,1784.0,384.0,170.0,0.0,243.0,0.0,0.0
Harris - 0899,1134.0,55.0,667.0,80.0,0.0,311.0,0.0,0.0
Harris - 0900,16.0,5.0,1.0,0.0,0.0,0.0,0.0,0.0
Harris - 0901,4392.0,1597.0,589.0,1628.0,0.0,648.0,0.0,0.0
Harris - 0902,4633.0,1002.0,2599.0,565.0,12.0,318.0,0.0,0.0
Harris - 0903,2246.0,433.0,1618.0,12.0,0.0,127.0,0.0,0.0
Harris - 0904,0.0,0.0,0.0,0.0,0.0,0.0,0.0,0.0
Harris - 0905,905.0,683.0,191.0,24.0,0.0,0.0,0.0,0.0
Harris - 0906,4412.0,591.0,2512.0,412.0,0.0,815.0,0.0,0.0
Harris - 0907,204.0,7.0,66.0,270.0,0.0,10.0,0.0,0.0
Harris - 0908,0.0,0.0,0.0,0.0,0.0,0.0,0.0,0.0
Harris - 0909,2123.0,106.0,1311.0,380.0,7.0,304.0,0.0,0.0
Harris - 0910,287.0,211.0,81.0,9.0,4.0,0.0,0.0,0.0
Harris - 0911,1359.0,394.0,616.0,313.0,0.0,0.0,0.0,6.0
Harris - 0912,2174.0,915.0,476.0,749.0,0.0,0.0,0.0,0.0
Harris - 0913,484.0,256.0,50.0,50.0,0.0,4.0,0.0,0.0
Harris - 0914,185.0,58.0,59.0,58.0,0.0,0.0,0.0,0.0
Harris - 0915,2993.0,574.0,1967.0,258.0,0.0,111.0,0.0,9.0
Harris - 0916,5105.0,619.0,3056.0,1225.0,10.0,116.0,0.0,24.0
Harris - 0917,0.0,0.0,0.0,0.0,0.0,0.0,0.0,0.0
Harris - 0918,48.0,8.0,16.0,20.0,0.0,0.0,0.0,0.0
Harris - 0919,3355.0,163.0,2261.0,12.0,0.0,810.0,0.0,0.0
Harris - 0920,302.0,117.0,118.0,40.0,0.0,0.0,0.0,0.0
Harris - 0921,284.0,97.0,180.0,10.0,0.0,12.0,0.0,0.0
Harris - 0922,0.0,0.0,0.0,0.0,0.0,0.0,0.0,0.0
Harris - 0923,4238.0,499.0,2725.0,401.0,68.0,523.0,0.0,0.0
Harris - 0924,0.0,0.0,0.0,0.0,0.0,0.0,0.0,0.0
Harris - 0925,0.0,0.0,0.0,0.0,0.0,0.0,0.0,0.0
Harris - 0926,3533.0,655.0,1316.0,662.0,0.0,733.0,0.0,0.0
Harris - 0927,4491.0,1265.0,2759.0,142.0,0.0,287.0,0.0,20.0
Harris - 0928,39.0,0.0,31.0,0.0,0.0,0.0,0.0,0.0
Harris - 0929,0.0,0.0,0.0,0.0,0.0,0.0,0.0,0.0
Harris - 0930,806.0,386.0,58.0,397.0,0.0,0.0,8.0,0.0
Harris - 0931,176.0,13.0,146.0,0.0,0.0,25.0,0.0,0.0
Harris - 0932,0.0,0.0,0.0,0.0,0.0,0.0,0.0,0.0
Harris - 0933,797.0,108.0,141.0,347.0,0.0,152.0,0.0,0.0
Harris - 0934,36.0,8.0,14.0,12.0,0.0,2.0,0.0,0.0
Harris - 0935,4003.0,1273.0,1261.0,950.0,0.0,306.0,0.0,0.0
Harris - 0936,201.0,116.0,47.0,26.0,0.0,0.0,0.0,18.0
Harris - 0937,3303.0,484.0,2003.0,373.0,0.0,355.0,4.0,0.0
Harris - 0938,584.0,250.0,35.0,270.0,0.0,20.0,0.0,0.0
Harris - 0939,0.0,0.0,0.0,0.0,0.0,0.0,0.0,0.0
Harris - 0940,28.0,7.0,0.0,28.0,0.0,0.0,0.0,0.0
Harris - 0941,1417.0,275.0,685.0,377.0,4.0,47.0,0.0,0.0
Harris - 0942,530.0,364.0,17.0,68.0,0.0,0.0,8.0,0.0
Harris - 0943,947.0,263.0,91.0,582.0,0.0,11.0,0.0,0.0
Harris - 0944,148.0,105.0,7.0,0.0,0.0,0.0,0.0,0.0
Harris - 0945,86.0,66.0,21.0,1.0,0.0,0.0,0.0,0.0
Harris - 0946,525.0,174.0,194.0,71.0,0.0,98.0,0.0,1.0
Harris - 0947,746.0,139.0,566.0,26.0,0.0,15.0,0.0,0.0
Harris - 0948,624.0,71.0,376.0,50.0,0.0,185.0,0.0,0.0
Harris - 0949,2177.0,666.0,473.0,803.0,0.0,182.0,0.0,0.0
Harris - 0950,2.0,2.0,0.0,0.0,0.0,0.0,0.0,0.0
Harris - 0951,294.0,127.0,82.0,0.0,0.0,25.0,0.0,3.0
Harris - 0952,853.0,764.0,45.0,9.0,0.0,9.0,0.0,0.0
Harris - 0953,822.0,585.0,207.0,27.0,0.0,0.0,6.0,0.0
Harris - 0954,1648.0,494.0,86.0,945.0,4.0,19.0,0.0,0.0
Harris - 0955,2668.0,768.0,1405.0,156.0,0.0,279.0,0.0,0.0
Harris - 0956,3000.0,1788.0,190.0,977.0,0.0,0.0,0.0,0.0
Harris - 0957,768.0,356.0,25.0,310.0,0.0,60.0,0.0,0.0
Harris - 0958,2827.0,977.0,287.0,880.0,39.0,439.0,0.0,0.0
Harris - 0959,4.0,0.0,3.0,0.0,0.0,0.0,0.0,0.0
Harris - 0960,2144.0,753.0,338.0,623.0,0.0,430.0,0.0,0.0
Harris - 0961,2724.0,1213.0,122.0,1167.0,0.0,135.0,0.0,0.0
Harris - 0962,8675.0,2139.0,1742.0,4296.0,237.0,38.0,26.0,24.0
Harris - 0963,1411.0,752.0,429.0,137.0,0.0,93.0,0.0,0.0
Harris - 0964,2236.0,687.0,876.0,514.0,0.0,67.0,0.0,0.0
Harris - 0965,620.0,257.0,287.0,6.0,4.0,29.0,0.0,3.0
Harris - 0966,2615.0,1502.0,341.0,741.0,31.0,0.0,0.0,0.0
Harris - 0967,3040.0,1711.0,269.0,948.0,0.0,0.0,84.0,33.0
Harris - 0968,6011.0,1752.0,642.0,3379.0,0.0,193.0,0.0,96.0
Harris - 0969,365.0,18.0,4.0,321.0,0.0,1.0,0.0,31.0
Harris - 0970,1354.0,517.0,105.0,637.0,0.0,0.0,0.0,59.0
Harris - 0971,500.0,181.0,153.0,66.0,3.0,6.0,0.0,0.0
Harris - 0972,3404.0,134.0,2916.0,68.0,0.0,122.0,0.0,0.0
Harris - 0973,1312.0,402.0,658.0,161.0,0.0,58.0,0.0,0.0
Harris - 0974,1902.0,540.0,292.0,898.0,0.0,75.0,0.0,0.0
Harris - 0975,111.0,19.0,59.0,37.0,0.0,12.0,0.0,0.0
Harris - 0976,1230.0,636.0,422.0,134.0,0.0,13.0,0.0,0.0
Harris - 0977,1778.0,1004.0,253.0,226.0,0.0,282.0,0.0,0.0
Harris - 0978,302.0,139.0,108.0,22.0,0.0,13.0,5.0,0.0
Harris - 0979,0.0,0.0,0.0,0.0,0.0,0.0,0.0,0.0
Harris - 0980,1173.0,207.0,511.0,113.0,0.0,280.0,0.0,38.0
Harris - 0981,86.0,3.0,51.0,0.0,0.0,25.0,0.0,0.0
Harris - 0982,3828.0,704.0,2646.0,92.0,0.0,321.0,0.0,0.0
Harris - 0983,4122.0,979.0,1586.0,881.0,0.0,673.0,0.0,0.0
Harris - 0984,593.0,208.0,20.0,321.0,0.0,30.0,0.0,0.0
Harris - 0985,461.0,81.0,213.0,126.0,0.0,16.0,0.0,0.0
Harris - 0986,1229.0,350.0,101.0,664.0,0.0,77.0,0.0,19.0
Harris - 0987,1302.0,775.0,86.0,441.0,0.0,0.0,0.0,0.0
Harris - 0988,2835.0,492.0,1851.0,367.0,0.0,7.0,0.0,0.0
Harris - 0989,6.0,2.0,0.0,4.0,0.0,0.0,0.0,0.0
Harris - 0990,68.0,19.0,5.0,0.0,0.0,33.0,0.0,0.0
Harris - 0991,5152.0,1437.0,1748.0,1623.0,7.0,404.0,0.0,3.0
Harris - 0992,675.0,229.0,379.0,63.0,0.0,4.0,0.0,0.0
Harris - 0993,0.0,0.0,0.0,0.0,0.0,0.0,0.0,0.0
Harris - 0994,5172.0,667.0,1188.0,2358.0,0.0,621.0,0.0,4.0
Harris - 0995,1925.0,690.0,288.0,804.0,0.0,95.0,0.0,0.0
Harris - 0996,715.0,317.0,237.0,126.0,0.0,27.0,0.0,0.0
Harris - 0997,2801.0,413.0,354.0,1935.0,17.0,6.0,0.0,58.0
Harris - 0998,6.0,1.0,0.0,0.0,0.0,1.0,0.0,0.0
Harris - 0999,0.0,0.0,0.0,0.0,0.0,0.0,0.0,0.0
Harris - 1000,407.0,281.0,8.0,114.0,0.0,14.0,0.0,0.0
Harris - 1001,2041.0,354.0,108.0,1142.0,0.0,339.0,4.0,0.0
Harris - 1002,1398.0,980.0,84.0,280.0,0.0,0.0,0.0,7.0
Harris - 1003,369.0,86.0,135.0,109.0,0.0,6.0,0.0,0.0
Harris - 1004,894.0,233.0,476.0,76.0,0.0,13.0,0.0,38.0
Harris - 1005,0.0,0.0,0.0,0.0,0.0,0.0,0.0,0.0
Harris - 1006,2169.0,132.0,148.0,1783.0,0.0,140.0,0.0,10.0
Harris - 1007,3547.0,1075.0,368.0,1567.0,0.0,343.0,18.0,65.0
Harris - 1008,1481.0,317.0,1026.0,125.0,0.0,1.0,0.0,0.0
Harris - 1009,550.0,203.0,54.0,44.0,0.0,223.0,0.0,0.0
Harris - 1010,2021.0,713.0,100.0,899.0,0.0,269.0,0.0,0.0
Harris - 1011,90.0,47.0,7.0,5.0,0.0,17.0,0.0,0.0
Harris - 1012,1751.0,933.0,144.0,389.0,0.0,287.0,0.0,0.0
Harris - 1013,0.0,0.0,0.0,0.0,0.0,0.0,0.0,0.0
Harris - 1014,0.0,0.0,0.0,0.0,0.0,0.0,0.0,0.0
Harris - 1015,0.0,0.0,0.0,0.0,0.0,0.0,0.0,0.0
Harris - 1016,3017.0,779.0,1671.0,294.0,41.0,64.0,2.0,14.0
Harris - 1017,393.0,120.0,100.0,165.0,0.0,0.0,0.0,0.0
Harris - 1018,0.0,0.0,0.0,0.0,0.0,0.0,0.0,0.0
Harris - 1019,808.0,440.0,127.0,216.0,0.0,0.0,0.0,0.0
Harris - 1020,3111.0,770.0,256.0,2059.0,0.0,15.0,0.0,11.0
Harris - 1021,895.0,257.0,267.0,263.0,0.0,0.0,0.0,0.0
Harris - 1022,2520.0,553.0,1458.0,243.0,0.0,355.0,0.0,2.0
Harris - 1023,1394.0,918.0,5.0,386.0,0.0,19.0,0.0,0.0
Harris - 1024,440.0,84.0,301.0,52.0,0.0,8.0,0.0,0.0
Harris - 1025,819.0,223.0,279.0,254.0,0.0,77.0,0.0,1.0
Harris - 1026,1973.0,1084.0,699.0,94.0,21.0,0.0,0.0,0.0
Harris - 1027,559.0,148.0,217.0,179.0,0.0,45.0,0.0,0.0
Harris - 1028,4692.0,1002.0,2708.0,842.0,0.0,51.0,0.0,0.0
Harris - 1029,2589.0,241.0,1213.0,71.0,0.0,517.0,0.0,488.0
Harris - 1030,334.0,212.0,118.0,26.0,0.0,0.0,0.0,0.0
Harris - 1031,3003.0,1595.0,964.0,343.0,3.0,0.0,0.0,0.0
Harris - 1032,347.0,51.0,222.0,40.0,0.0,7.0,0.0,0.0
Harris - 1033,815.0,92.0,505.0,139.0,0.0,36.0,0.0,0.0
Harris - 1034,2120.0,1424.0,273.0,267.0,0.0,69.0,0.0,0.0
Harris - 1035,85.0,12.0,54.0,5.0,0.0,3.0,0.0,0.0
Harris - 1036,29.0,2.0,20.0,0.0,0.0,11.0,0.0,0.0
Harris - 1037,4184.0,860.0,766.0,1403.0,0.0,1095.0,0.0,20.0
Harris - 1038,2759.0,501.0,1322.0,873.0,0.0,37.0,0.0,3.0
Harris - 1039,0.0,0.0,0.0,0.0,0.0,0.0,0.0,0.0
Harris - 1040,1583.0,960.0,177.0,352.0,13.0,52.0,0.0,0.0
Harris - 1041,828.0,68.0,179.0,319.0,0.0,122.0,0.0,0.0
Harris - 1042,3635.0,1406.0,613.0,802.0,0.0,709.0,0.0,0.0
Harris - 1043,2496.0,538.0,1805.0,35.0,0.0,22.0,5.0,20.0
Harris - 1044,435.0,96.0,81.0,28.0,0.0,100.0,0.0,0.0
Harris - 1045,1102.0,156.0,148.0,188.0,0.0,474.0,0.0,0.0
Harris - 1046,2006.0,1134.0,461.0,128.0,0.0,259.0,0.0,0.0
Harris - 1047,1182.0,187.0,585.0,379.0,0.0,52.0,0.0,0.0
Harris - 1048,592.0,34.0,299.0,191.0,0.0,75.0,0.0,0.0
Harris - 1049,480.0,124.0,39.0,210.0,0.0,65.0,0.0,0.0
Harris - 1050,1313.0,166.0,0.0,1148.0,0.0,0.0,0.0,0.0
Harris - 1051,0.0,0.0,0.0,0.0,0.0,0.0,0.0,0.0
Harris - 1052,0.0,0.0,0.0,0.0,0.0,0.0,0.0,0.0
Harris - 1053,2773.0,973.0,323.0,1355.0,0.0,122.0,0.0,0.0
Harris - 1054,4009.0,619.0,2903.0,82.0,0.0,265.0,0.0,16.0
Harris - 1055,3617.0,874.0,1640.0,331.0,40.0,424.0,0.0,15.0
Harris - 1056,3718.0,988.0,1712.0,386.0,0.0,716.0,0.0,0.0
Harris - 1057,14.0,5.0,0.0,4.0,0.0,0.0,0.0,0.0
Harris - 1058,492.0,102.0,92.0,307.0,0.0,36.0,0.0,0.0
Harris - 1059,1566.0,751.0,448.0,195.0,0.0,132.0,0.0,0.0
Harris - 1060,3827.0,787.0,386.0,2446.0,33.0,38.0,0.0,1.0
Harris - 1061,2523.0,391.0,515.0,1489.0,20.0,45.0,4.0,0.0
Harris - 1062,2547.0,962.0,1303.0,37.0,0.0,168.0,0.0,4.0
Harris - 1063,2762.0,1505.0,346.0,365.0,0.0,463.0,0.0,0.0
Harris - 1064,2968.0,1043.0,186.0,285.0,0.0,1606.0,0.0,0.0
Harris - 1065,2662.0,351.0,1389.0,540.0,0.0,389.0,0.0,0.0
Harris - 1066,24.0,3.0,0.0,2.0,0.0,1.0,0.0,0.0
Harris - 1067,2906.0,1145.0,371.0,1431.0,0.0,265.0,0.0,0.0
Harris - 1068,2821.0,1421.0,539.0,267.0,4.0,625.0,31.0,0.0
Harris - 1069,0.0,0.0,0.0,0.0,0.0,0.0,0.0,0.0
Harris - 1070,309.0,216.0,42.0,9.0,0.0,0.0,0.0,0.0
Harris - 1071,4652.0,1316.0,2306.0,894.0,0.0,0.0,0.0,0.0
Harris - 1072,1755.0,424.0,800.0,468.0,0.0,124.0,0.0,0.0
Harris - 1073,0.0,0.0,0.0,0.0,0.0,0.0,0.0,0.0
Harris - 1074,1425.0,138.0,205.0,912.0,0.0,80.0,0.0,0.0
Harris - 1075,0.0,0.0,0.0,0.0,0.0,0.0,0.0,0.0
Harris - 1076,4342.0,1881.0,926.0,899.0,105.0,535.0,0.0,0.0
Harris - 1077,4842.0,678.0,1006.0,2687.0,0.0,211.0,111.0,31.0
Harris - 1078,2633.0,1126.0,1066.0,273.0,0.0,133.0,0.0,0.0
Harris - 1079,2916.0,1254.0,182.0,1336.0,0.0,193.0,0.0,4.0
Harris - 1080,1123.0,552.0,184.0,245.0,0.0,153.0,0.0,0.0
Harris - 1081,145.0,37.0,10.0,63.0,0.0,29.0,0.0,0.0
Harris - 1082,0.0,0.0,0.0,0.0,0.0,0.0,0.0,0.0
Harris - 1083,0.0,0.0,0.0,0.0,0.0,0.0,0.0,0.0
Harris - 1084,471.0,132.0,254.0,77.0,0.0,0.0,0.0,0.0
Harris - 1085,2449.0,414.0,2001.0,13.0,2.0,0.0,0.0,0.0
Harris - 1086,5866.0,1575.0,3026.0,996.0,15.0,230.0,0.0,0.0
Harris - 1087,4344.0,1044.0,1196.0,1682.0,68.0,308.0,0.0,4.0
Harris - 1088,802.0,212.0,253.0,151.0,25.0,94.0,0.0,0.0
Harris - 1089,14.0,14.0,0.0,0.0,0.0,0.0,0.0,0.0
Harris - 1090,617.0,113.0,392.0,98.0,0.0,104.0,0.0,0.0
Harris - 1091,2698.0,877.0,785.0,273.0,43.0,567.0,1.0,68.0
Harris - 1092,1311.0,691.0,213.0,50.0,0.0,336.0,0.0,0.0
Harris - 1093,1683.0,224.0,1418.0,0.0,0.0,39.0,0.0,0.0
Harris - 1094,0.0,0.0,0.0,0.0,0.0,0.0,0.0,0.0
Harris - 1095,3939.0,1764.0,1546.0,304.0,0.0,245.0,0.0,5.0
Harris - 1096,3966.0,1157.0,2665.0,92.0,0.0,31.0,0.0,0.0
Harris - 1097,2293.0,666.0,195.0,1154.0,0.0,277.0,0.0,0.0
Harris - 1098,1888.0,1064.0,62.0,546.0,0.0,231.0,0.0,0.0
Harris - 1099,7.0,4.0,1.0,1.0,0.0,0.0,0.0,0.0
Harris - 1100,1319.0,298.0,942.0,0.0,0.0,13.0,0.0,0.0
Harris - 1101,1387.0,86.0,917.0,18.0,0.0,324.0,0.0,0.0
Harris - 1102,3987.0,948.0,1597.0,794.0,0.0,648.0,0.0,0.0
Harris - 1103,2825.0,813.0,1253.0,359.0,0.0,389.0,5.0,0.0
Harris - 1104,3156.0,603.0,1480.0,746.0,0.0,396.0,0.0,0.0
Harris - 1105,99.0,2.0,6.0,224.0,0.0,0.0,0.0,0.0
Harris - 1106,1698.0,560.0,85.0,797.0,0.0,8.0,0.0,104.0
Harris - 1107,220.0,140.0,53.0,4.0,0.0,0.0,1.0,0.0
Harris - 1108,94.0,20.0,11.0,73.0,0.0,0.0,0.0,0.0
Harris - 1109,158.0,15.0,191.0,0.0,0.0,0.0,0.0,0.0
Harris - 1110,2455.0,441.0,1760.0,27.0,7.0,205.0,0.0,2.0
Harris - 1111,2610.0,667.0,597.0,724.0,43.0,399.0,0.0,2.0
Harris - 1112,3236.0,763.0,1898.0,270.0,0.0,164.0,0.0,4.0
Harris - 1113,3800.0,1964.0,608.0,481.0,0.0,682.0,0.0,18.0
Harris - 1114,2780.0,419.0,358.0,1784.0,16.0,51.0,0.0,71.0
Harris - 1115,889.0,363.0,222.0,55.0,0.0,163.0,0.0,24.0
Harris - 1116,2103.0,410.0,733.0,459.0,0.0,437.0,13.0,0.0
Harris - 1117,2895.0,212.0,1346.0,1098.0,69.0,92.0,0.0,0.0
Harris - 1118,3202.0,581.0,436.0,2072.0,10.0,52.0,0.0,5.0
Harris - 1119,8.0,4.0,0.0,1.0,0.0,2.0,0.0,0.0
Harris - 1120,4045.0,1211.0,1247.0,657.0,11.0,806.0,0.0,5.0
Harris - 1121,646.0,270.0,27.0,207.0,0.0,25.0,0.0,0.0
Harris - 1122,3232.0,820.0,111.0,1985.0,0.0,19.0,4.0,21.0
Harris - 1123,1720.0,643.0,383.0,398.0,0.0,285.0,0.0,0.0
Harris - 1124,0.0,0.0,0.0,0.0,0.0,0.0,0.0,0.0
Harris - 1125,0.0,0.0,0.0,0.0,0.0,0.0,0.0,0.0
Harris - 1126,2471.0,983.0,353.0,1048.0,0.0,59.0,0.0,0.0
Harris - 1127,1640.0,164.0,624.0,615.0,0.0,63.0,0.0,123.0
Harris - 1128,3775.0,718.0,2526.0,169.0,0.0,162.0,0.0,57.0
Harris - 1129,0.0,0.0,0.0,0.0,0.0,0.0,0.0,0.0
Harris - 1130,980.0,773.0,83.0,23.0,0.0,65.0,0.0,0.0
Harris - 1131,250.0,10.0,200.0,49.0,0.0,10.0,0.0,0.0
Harris - 1132,0.0,0.0,0.0,0.0,0.0,0.0,0.0,0.0
Harris - 1133,107.0,23.0,49.0,28.0,0.0,9.0,0.0,0.0
Harris - 1134,4392.0,553.0,1783.0,1163.0,23.0,583.0,0.0,57.0
Harris - 1135,4905.0,2946.0,764.0,568.0,0.0,466.0,0.0,0.0
Harris - 1136,4718.0,1172.0,951.0,2208.0,0.0,301.0,0.0,86.0
Harris - 1137,3596.0,1192.0,593.0,1493.0,11.0,178.0,0.0,118.0
Harris - 1138,1219.0,317.0,115.0,273.0,4.0,551.0,0.0,0.0
Harris - 1139,3828.0,1876.0,392.0,1404.0,19.0,133.0,11.0,0.0
Harris - 1140,221.0,59.0,72.0,72.0,0.0,3.0,0.0,0.0
Harris - 1141,0.0,0.0,0.0,0.0,0.0,0.0,0.0,0.0
Harris - 1142,467.0,72.0,323.0,1.0,0.0,66.0,0.0,0.0
Harris - 1143,0.0,0.0,0.0,0.0,0.0,0.0,0.0,0.0
Harris - 1144,1519.0,189.0,1065.0,116.0,0.0,130.0,0.0,5.0
Harris - 1145,3934.0,908.0,2403.0,439.0,50.0,124.0,0.0,0.0
Harris - 1146,2700.0,602.0,1643.0,66.0,0.0,240.0,0.0,0.0
Harris - 1147,61.0,36.0,23.0,1.0,0.0,0.0,0.0,0.0
Harris - 1148,1599.0,724.0,89.0,387.0,0.0,368.0,0.0,0.0
Harris - 1149,3503.0,575.0,1287.0,1200.0,0.0,272.0,0.0,31.0
Harris - 1150,0.0,0.0,0.0,0.0,0.0,0.0,0.0,0.0
Harris - 1151,3497.0,751.0,1925.0,276.0,0.0,330.0,0.0,0.0
Harris - 1152,209.0,4.0,206.0,0.0,0.0,0.0,0.0,0.0
Harris - 1153,0.0,0.0,0.0,0.0,0.0,0.0,0.0,0.0
Harris - 1154,0.0,0.0,0.0,0.0,0.0,0.0,0.0,0.0
Harris - 1155,7.0,3.0,5.0,0.0,0.0,1.0,0.0,0.0
Harris - 1156,0.0,0.0,0.0,0.0,0.0,0.0,0.0,0.0
Harris - 1157,0.0,0.0,0.0,0.0,0.0,0.0,0.0,0.0
Harris - 1158,0.0,0.0,0.0,0.0,0.0,0.0,0.0,0.0
Harris - 1159,0.0,0.0,0.0,0.0,0.0,0.0,0.0,0.0
Harris - 1160,0.0,0.0,0.0,0.0,0.0,0.0,0.0,0.0
Harris - 1161,0.0,0.0,0.0,0.0,0.0,0.0,0.0,0.0
Harris - 1162,0.0,0.0,0.0,0.0,0.0,0.0,0.0,0.0
Harris - 1163,0.0,0.0,0.0,0.0,0.0,0.0,0.0,0.0
Harris - 1164,0.0,0.0,0.0,0.0,0.0,0.0,0.0,0.0
Harris - 1165,0.0,0.0,0.0,0.0,0.0,0.0,0.0,0.0
Harris - 1166,2023.0,328.0,1515.0,55.0,0.0,71.0,0.0,16.0
Harris - 1167,3760.0,551.0,304.0,2450.0,0.0,518.0,0.0,0.0
Harris - 1168,1619.0,619.0,855.0,0.0,0.0,117.0,0.0,0.0
Harris - 1169,750.0,289.0,356.0,0.0,0.0,82.0,0.0,0.0
Harris - 1170,4420.0,982.0,1496.0,1317.0,0.0,146.0,0.0,101.0
Harris - 1171,2605.0,489.0,1776.0,78.0,0.0,223.0,0.0,0.0
Harris - 1172,2920.0,804.0,1439.0,431.0,0.0,204.0,0.0,0.0
Howard - 0011,2563.0,1525.0,588.0,376.0,0.0,5.0,0.0,0.0
Howard - 0012,969.0,755.0,164.0,25.0,0.0,0.0,0.0,0.0
Howard - 0013,1928.0,843.0,621.0,344.0,37.0,11.0,0.0,0.0
Howard - 0014,285.0,223.0,83.0,0.0,0.0,0.0,0.0,0.0
Howard - 0016,353.0,156.0,146.0,27.0,7.0,3.0,0.0,0.0
Howard - 0024,392.0,62.0,262.0,24.0,0.0,0.0,0.0,0.0
Howard - 0025,1284.0,363.0,840.0,48.0,1.0,28.0,3.0,0.0
Howard - 0026,754.0,250.0,462.0,0.0,4.0,0.0,0.0,0.0
Howard - 0031,75.0,17.0,56.0,8.0,0.0,0.0,0.0,0.0
Howard - 0032,192.0,93.0,95.0,5.0,0.0,0.0,0.0,0.0
Howard - 0033,1825.0,680.0,1008.0,77.0,1.0,24.0,7.0,6.0
Howard - 0034,1890.0,852.0,939.0,7.0,0.0,50.0,5.0,0.0
Howard - 0035,536.0,250.0,249.0,12.0,0.0,0.0,0.0,0.0
Howard - 0037,0.0,0.0,0.0,0.0,0.0,0.0,0.0,0.0
Howard - 0041,11.0,3.0,7.0,3.0,0.0,0.0,0.0,0.0
Howard - 0042,742.0,412.0,299.0,32.0,1.0,0.0,0.0,4.0
Howard - 0045,1216.0,434.0,739.0,49.0,0.0,5.0,0.0,0.0
Howard - 0046,1387.0,629.0,623.0,41.0,32.0,32.0,0.0,8.0
Howard - 0103,264.0,78.0,183.0,16.0,0.0,0.0,0.0,0.0
Howard - 0104,230.0,101.0,128.0,0.0,0.0,0.0,0.0,0.0
Howard - 0105,0.0,0.0,0.0,0.0,0.0,0.0,0.0,0.0
Howard - 012A,216.0,92.0,90.0,25.0,0.0,0.0,0.0,0.0
Howard - 0205,1318.0,256.0,963.0,74.0,0.0,13.0,1.0,0.0
Howard - 0207,1045.0,233.0,751.0,42.0,0.0,0.0,0.0,0.0
Howard - 0208,2.0,2.0,0.0,0.0,0.0,0.0,0.0,0.0
Howard - 0209,0.0,0.0,0.0,0.0,0.0,0.0,0.0,0.0
Howard - 0304,653.0,227.0,422.0,14.0,3.0,7.0,0.0,0.0
Howard - 031A,0.0,0.0,0.0,0.0,0.0,0.0,0.0,0.0
Howard - 034A,26.0,6.0,19.0,0.0,0.0,0.0,0.0,0.0
Howard - 0404,578.0,115.0,453.0,0.0,0.0,0.0,0.0,0.0
Howard - 0405,556.0,119.0,413.0,0.0,0.0,0.0,0.0,0.0
Howard - 0408,72.0,13.0,59.0,0.0,0.0,0.0,0.0,0.0
Howard - 0409,591.0,156.0,413.0,28.0,12.0,0.0,0.0,0.0
Howard - 207C,540.0,135.0,383.0,0.0,5.0,0.0,0.0,0.0
Howard - 208C,156.0,33.0,118.0,0.0,0.0,0.0,0.0,0.0
Jasper - 0001,44.0,0.0,44.0,0.0,0.0,0.0,0.0,0.0
Jasper - 0002,554.0,29.0,586.0,0.0,0.0,0.0,0.0,0.0
Jasper - 0003,1057.0,0.0,973.0,13.0,0.0,0.0,0.0,0.0
Jasper - 0004,666.0,0.0,637.0,0.0,0.0,1.0,0.0,0.0
Jasper - 0005,151.0,4.0,148.0,3.0,0.0,0.0,0.0,0.0
Jasper - 0006,1346.0,173.0,780.0,382.0,0.0,0.0,0.0,0.0
Jasper - 0007,1276.0,125.0,589.0,486.0,0.0,0.0,0.0,0.0
Jasper - 0008,1376.0,24.0,632.0,696.0,0.0,5.0,0.0,0.0
Jasper - 0009,2300.0,214.0,1941.0,3.0,0.0,0.0,9.0,0.0
Jasper - 0010,2107.0,221.0,1790.0,9.0,3.0,0.0,0.0,8.0
Jasper - 0011,441.0,31.0,427.0,6.0,0.0,0.0,0.0,0.0
Jasper - 0012,746.0,18.0,624.0,103.0,7.0,0.0,0.0,0.0
Jasper - 0013,472.0,2.0,399.0,53.0,0.0,0.0,0.0,0.0
Jasper - 0014,2816.0,75.0,2384.0,292.0,0.0,0.0,0.0,8.0
Jasper - 0015,2751.0,9.0,2701.0,11.0,2.0,0.0,2.0,0.0
Jasper - 0016,238.0,4.0,229.0,0.0,0.0,0.0,0.0,0.0
Jasper - 0017,824.0,60.0,796.0,0.0,0.0,8.0,0.0,0.0
Jasper - 0019,2102.0,73.0,1694.0,222.0,8.0,1.0,0.0,0.0
Jasper - 0020,1399.0,75.0,623.0,686.0,5.0,2.0,0.0,12.0
Jasper - 0021,2014.0,44.0,1228.0,704.0,0.0,1.0,0.0,0.0
Karnes - 0001,1564.0,1131.0,397.0,29.0,0.0,0.0,0.0,0.0
Karnes - 0002,188.0,5.0,169.0,0.0,0.0,9.0,0.0,0.0
Karnes - 0003,144.0,3.0,127.0,0.0,0.0,8.0,0.0,0.0
Karnes - 0004,3834.0,1570.0,1115.0,1009.0,0.0,0.0,9.0,46.0
Karnes - 0005,1055.0,704.0,312.0,44.0,0.0,0.0,0.0,0.0
Karnes - 0006,207.0,6.0,198.0,0.0,0.0,4.0,0.0,0.0
Karnes - 0007,601.0,137.0,459.0,0.0,0.0,0.0,0.0,0.0
Karnes - 0008,196.0,42.0,143.0,0.0,0.0,5.0,0.0,0.0
Karnes - 0009,212.0,60.0,159.0,1.0,0.0,0.0,0.0,0.0
Karnes - 0010,344.0,58.0,288.0,1.0,0.0,0.0,0.0,0.0
Karnes - 0011,720.0,352.0,352.0,27.0,0.0,0.0,0.0,0.0
Karnes - 0012,1194.0,477.0,429.0,176.0,10.0,0.0,0.0,48.0
Karnes - 0013,45.0,13.0,30.0,0.0,0.0,0.0,0.0,0.0
Karnes - 0014,1305.0,1041.0,203.0,62.0,0.0,0.0,0.0,0.0
Karnes - 0015,164.0,111.0,36.0,5.0,0.0,0.0,0.0,0.0
Kenedy - 0001,19.0,14.0,3.0,0.0,0.0,0.0,0.0,0.0
Kenedy - 0002,17.0,15.0,2.0,0.0,0.0,0.0,0.0,0.0
Kenedy - 0003,15.0,16.0,1.0,0.0,0.0,0.0,0.0,0.0
Kenedy - 0004,16.0,10.0,4.0,0.0,0.0,0.0,0.0,0.0
Kenedy - 0005,12.0,13.0,0.0,0.0,0.0,0.0,0.0,0.0
Kenedy - 0006,4.0,4.0,1.0,0.0,0.0,0.0,0.0,0.0
Kimble - 0001,798.0,218.0,558.0,0.0,38.0,0.0,0.0,0.0
Kimble - 0002,675.0,166.0,472.0,0.0,6.0,0.0,0.0,0.0
Kimble - 0003,464.0,99.0,336.0,0.0,0.0,0.0,0.0,0.0
Kimble - 0004,434.0,114.0,277.0,14.0,0.0,0.0,0.0,18.0
Kimble - 0006,329.0,7.0,320.0,0.0,0.0,0.0,0.0,0.0
Kimble - 0007,315.0,11.0,304.0,10.0,0.0,0.0,0.0,0.0
Kimble - 0009,476.0,76.0,390.0,5.0,0.0,0.0,0.0,0.0
Kinney - 0001,512.0,246.0,282.0,0.0,0.0,0.0,0.0,0.0
Kinney - 0002,967.0,653.0,274.0,0.0,40.0,0.0,0.0,0.0
Kinney - 0003,377.0,130.0,203.0,0.0,0.0,0.0,0.0,0.0
Kinney - 0004,747.0,237.0,492.0,0.0,0.0,0.0,0.0,0.0
Lamar - 004GA,904.0,12.0,865.0,3.0,23.0,27.0,0.0,1.0
Lamar - 004GB,116.0,5.0,91.0,1.0,14.0,4.0,0.0,0.0
Lavaca - 0101,1498.0,121.0,1267.0,91.0,0.0,0.0,0.0,0.0
Lavaca - 0102,1566.0,173.0,1213.0,195.0,0.0,12.0,0.0,0.0
Lavaca - 0119,812.0,65.0,668.0,4.0,0.0,10.0,0.0,0.0
Lavaca - 0208,649.0,13.0,604.0,12.0,0.0,0.0,0.0,0.0
Lavaca - 0223,1315.0,149.0,1033.0,36.0,0.0,0.0,0.0,8.0
Lavaca - 0231,1603.0,95.0,1376.0,104.0,0.0,9.0,0.0,0.0
Lavaca - 0309,1311.0,70.0,1143.0,48.0,0.0,0.0,5.0,0.0
Lavaca - 0311,886.0,171.0,704.0,27.0,0.0,0.0,0.0,0.0
Lavaca - 0329,1617.0,90.0,1415.0,22.0,0.0,6.0,0.0,26.0
Lavaca - 0416,948.0,69.0,846.0,13.0,0.0,0.0,0.0,0.0
Lavaca - 0430,2799.0,938.0,1679.0,122.0,0.0,0.0,0.0,0.0
Loving - 0001,18.0,0.0,14.0,0.0,0.0,2.0,0.0,0.0
Loving - 0002,1.0,0.0,1.0,0.0,0.0,0.0,0.0,0.0
Loving - 0003,22.0,0.0,17.0,0.0,0.0,3.0,0.0,0.0
Loving - 0004,2.0,0.0,1.0,0.0,0.0,0.0,0.0,0.0
Marion - 0001,800.0,45.0,588.0,189.0,0.0,0.0,0.0,0.0
Marion - 0002,1353.0,143.0,1057.0,92.0,0.0,0.0,0.0,0.0
Marion - 0003,658.0,19.0,571.0,57.0,0.0,0.0,1.0,0.0
Marion - 0004,487.0,0.0,273.0,208.0,0.0,0.0,0.0,1.0
Marion - 0005,652.0,11.0,509.0,99.0,0.0,0.0,0.0,0.0
Marion - 0006,887.0,18.0,623.0,216.0,23.0,0.0,0.0,0.0
Marion - 0007,978.0,16.0,451.0,489.0,0.0,16.0,4.0,5.0
Marion - 0008,899.0,11.0,772.0,112.0,0.0,0.0,1.0,0.0
Marion - 0009,482.0,11.0,420.0,42.0,0.0,0.0,0.0,0.0
Marion - 0010,744.0,45.0,494.0,184.0,0.0,0.0,0.0,0.0
Martin - 0001,868.0,333.0,453.0,54.0,0.0,4.0,1.0,0.0
Martin - 0002,780.0,507.0,216.0,9.0,0.0,0.0,1.0,0.0
Martin - 0003,689.0,191.0,525.0,13.0,0.0,0.0,1.0,0.0
Martin - 0004,640.0,223.0,353.0,20.0,0.0,1.0,1.0,0.0
Martin - 003A,149.0,36.0,86.0,18.0,0.0,0.0,0.0,0.0
Martin - 004A,245.0,71.0,136.0,32.0,0.0,0.0,0.0,0.0
Medina - 001A,2062.0,492.0,1400.0,31.0,53.0,0.0,0.0,0.0
Medina - 001B,3027.0,590.0,2412.0,0.0,0.0,0.0,0.0,0.0
Medina - 001C,2397.0,898.0,1188.0,94.0,0.0,158.0,31.0,0.0
Medina - 001D,1450.0,532.0,866.0,32.0,0.0,0.0,0.0,6.0
Medina - 002A,1299.0,738.0,346.0,350.0,0.0,26.0,0.0,0.0
Medina - 002B,3718.0,1532.0,1935.0,19.0,0.0,6.0,0.0,0.0
Medina - 002C,5055.0,2803.0,2125.0,66.0,4.0,20.0,0.0,26.0
Medina - 003A,838.0,218.0,585.0,33.0,0.0,0.0,0.0,0.0
Medina - 003B,591.0,340.0,263.0,0.0,0.0,0.0,0.0,0.0
Medina - 003C,3339.0,1563.0,1683.0,48.0,8.0,0.0,0.0,0.0
Medina - 003D,6936.0,3955.0,2207.0,549.0,0.0,0.0,4.0,0.0
Medina - 003E,104.0,17.0,82.0,0.0,0.0,0.0,0.0,0.0
Medina - 004A,1792.0,730.0,1053.0,0.0,0.0,0.0,0.0,0.0
Medina - 004B,4592.0,2550.0,1769.0,224.0,0.0,0.0,0.0,0.0
Medina - 004C,2896.0,2062.0,817.0,29.0,0.0,0.0,0.0,0.0
Menard - 0001,313.0,129.0,153.0,0.0,0.0,0.0,0.0,8.0
Menard - 0002,349.0,95.0,242.0,4.0,0.0,0.0,0.0,0.0
Menard - 0003,393.0,60.0,330.0,0.0,0.0,0.0,0.0,0.0
Menard - 0005,77.0,3.0,76.0,0.0,0.0,0.0,0.0,0.0
Menard - 0006,96.0,2.0,95.0,0.0,0.0,0.0,0.0,0.0
Morris - 0101,874.0,92.0,283.0,486.0,0.0,100.0,0.0,0.0
Morris - 0102,389.0,1.0,167.0,193.0,0.0,0.0,0.0,0.0
Morris - 0103,545.0,55.0,346.0,129.0,0.0,0.0,0.0,0.0
Morris - 0202,1076.0,38.0,989.0,34.0,0.0,0.0,0.0,0.0
Morris - 0203,1306.0,87.0,853.0,343.0,0.0,0.0,0.0,0.0
Morris - 0302,1079.0,29.0,779.0,235.0,31.0,0.0,0.0,0.0
Morris - 0303,1313.0,39.0,1106.0,137.0,0.0,0.0,0.0,0.0
Morris - 0401,2333.0,194.0,1542.0,460.0,14.0,0.0,0.0,0.0
Motley - 0001,297.0,26.0,241.0,0.0,0.0,0.0,0.0,0.0
Motley - 0002,79.0,10.0,65.0,0.0,0.0,0.0,0.0,0.0
Motley - 0003,19.0,4.0,16.0,0.0,0.0,0.0,0.0,0.0
Motley - 0004,204.0,6.0,186.0,0.0,0.0,0.0,0.0,0.0
Motley - 0005,158.0,17.0,125.0,21.0,0.0,0.0,0.0,0.0
Motley - 0006,272.0,33.0,210.0,42.0,0.0,0.0,0.0,0.0
Newton - 0001,1369.0,8.0,1166.0,187.0,4.0,0.0,0.0,3.0
Newton - 0002,463.0,0.0,382.0,74.0,0.0,0.0,0.0,0.0
Newton - 0003,649.0,39.0,550.0,0.0,0.0,0.0,0.0,0.0
Newton - 0004,134.0,0.0,106.0,16.0,0.0,0.0,0.0,0.0
Newton - 0005,458.0,117.0,430.0,0.0,0.0,0.0,0.0,0.0
Newton - 0006,1074.0,11.0,608.0,322.0,2.0,0.0,0.0,0.0
Newton - 0007,228.0,0.0,183.0,43.0,0.0,0.0,0.0,0.0
Newton - 0009,180.0,0.0,120.0,56.0,0.0,9.0,0.0,0.0
Newton - 0010,450.0,19.0,429.0,6.0,0.0,0.0,0.0,0.0
Newton - 0011,374.0,1.0,369.0,0.0,0.0,0.0,0.0,0.0
Newton - 0012,370.0,0.0,313.0,43.0,0.0,0.0,0.0,3.0
Newton - 0013,868.0,18.0,801.0,31.0,0.0,0.0,0.0,11.0
Newton - 0014,289.0,0.0,113.0,175.0,0.0,0.0,0.0,0.0
Newton - 0015,240.0,0.0,193.0,49.0,0.0,0.0,0.0,0.0
Newton - 0016,254.0,0.0,184.0,46.0,0.0,13.0,0.0,0.0
Newton - 0017,64.0,0.0,9.0,56.0,0.0,0.0,0.0,0.0
Newton - 0018,382.0,10.0,370.0,11.0,0.0,0.0,0.0,0.0
Newton - 0019,220.0,0.0,181.0,31.0,0.0,0.0,0.0,0.0
Newton - 0020,98.0,0.0,14.0,85.0,0.0,0.0,0.0,0.0
Newton - 0021,280.0,24.0,244.0,0.0,0.0,0.0,0.0,21.0
Newton - 0022,563.0,71.0,258.0,244.0,0.0,1.0,0.0,0.0
Newton - 0023,154.0,13.0,102.0,10.0,0.0,0.0,0.0,0.0
Nueces - 0001,1710.0,684.0,739.0,192.0,22.0,17.0,0.0,5.0
Nueces - 0002,2908.0,1446.0,1239.0,196.0,5.0,27.0,0.0,0.0
Nueces - 0003,3383.0,1699.0,1370.0,217.0,0.0,67.0,0.0,0.0
Nueces - 0004,3423.0,2512.0,525.0,209.0,23.0,13.0,0.0,18.0
Nueces - 0005,2153.0,1082.0,1043.0,4.0,0.0,0.0,0.0,0.0
Nueces - 0006,4044.0,1306.0,2043.0,349.0,39.0,206.0,0.0,0.0
Nueces - 0007,952.0,666.0,57.0,200.0,0.0,7.0,0.0,0.0
Nueces - 0009,1994.0,1004.0,947.0,0.0,0.0,0.0,0.0,0.0
Nueces - 0010,1242.0,514.0,717.0,0.0,0.0,17.0,0.0,0.0
Nueces - 0011,320.0,230.0,109.0,0.0,0.0,0.0,0.0,0.0
Nueces - 0012,964.0,745.0,179.0,0.0,0.0,8.0,4.0,0.0
Nueces - 0013,1476.0,1460.0,23.0,0.0,0.0,0.0,0.0,10.0
Nueces - 0014,418.0,245.0,154.0,0.0,6.0,0.0,0.0,0.0
Nueces - 0015,1477.0,1014.0,379.0,52.0,0.0,4.0,0.0,0.0
Nueces - 0016,1047.0,586.0,415.0,12.0,0.0,5.0,0.0,0.0
Nueces - 0017,4456.0,3097.0,1034.0,83.0,0.0,98.0,0.0,0.0
Nueces - 0018,4352.0,1329.0,2473.0,284.0,8.0,171.0,0.0,9.0
Nueces - 0019,2829.0,134.0,2603.0,25.0,0.0,0.0,4.0,17.0
Nueces - 0020,3780.0,2805.0,622.0,172.0,0.0,163.0,0.0,0.0
Nueces - 0021,467.0,68.0,356.0,40.0,0.0,0.0,0.0,0.0
Nueces - 0022,552.0,365.0,186.0,0.0,0.0,0.0,0.0,0.0
Nueces - 0023,2806.0,690.0,2073.0,0.0,0.0,30.0,0.0,0.0
Nueces - 0024,1494.0,1138.0,219.0,147.0,6.0,0.0,0.0,0.0
Nueces - 0025,626.0,301.0,290.0,0.0,0.0,31.0,0.0,0.0
Nueces - 0026,4522.0,2433.0,1605.0,104.0,0.0,254.0,0.0,43.0
Nueces - 0027,528.0,478.0,68.0,0.0,0.0,3.0,0.0,0.0
Nueces - 0028,242.0,54.0,211.0,18.0,0.0,1.0,0.0,0.0
Nueces - 0029,3590.0,1593.0,1492.0,139.0,35.0,172.0,42.0,31.0
Nueces - 0030,87.0,23.0,37.0,20.0,0.0,0.0,0.0,0.0
Nueces - 0031,631.0,424.0,147.0,34.0,0.0,11.0,0.0,8.0
Nueces - 0032,3941.0,2672.0,923.0,308.0,4.0,14.0,0.0,6.0
Nueces - 0033,2061.0,1156.0,609.0,262.0,33.0,17.0,0.0,2.0
Nueces - 0034,1554.0,1109.0,362.0,74.0,0.0,0.0,0.0,0.0
Nueces - 0035,1038.0,1011.0,23.0,0.0,0.0,0.0,0.0,0.0
Nueces - 0036,736.0,654.0,52.0,0.0,0.0,0.0,0.0,0.0
Nueces - 0037,1584.0,1333.0,218.0,27.0,0.0,0.0,0.0,0.0
Nueces - 0038,353.0,116.0,36.0,135.0,0.0,0.0,0.0,0.0
Nueces - 0039,907.0,545.0,281.0,18.0,9.0,33.0,0.0,0.0
Nueces - 0040,3887.0,600.0,3077.0,0.0,28.0,31.0,0.0,89.0
Nueces - 0041,507.0,403.0,9.0,95.0,0.0,0.0,0.0,0.0
Nueces - 0042,278.0,50.0,233.0,9.0,0.0,6.0,0.0,0.0
Nueces - 0043,984.0,702.0,248.0,24.0,0.0,0.0,0.0,0.0
Nueces - 0044,1157.0,1029.0,67.0,51.0,12.0,0.0,0.0,0.0
Nueces - 0045,805.0,674.0,98.0,38.0,0.0,0.0,0.0,0.0
Nueces - 0046,410.0,363.0,35.0,7.0,0.0,0.0,0.0,0.0
Nueces - 0047,475.0,415.0,33.0,23.0,0.0,0.0,0.0,0.0
Nueces - 0048,2320.0,1486.0,624.0,221.0,0.0,0.0,0.0,0.0
Nueces - 0049,1524.0,808.0,646.0,57.0,0.0,0.0,0.0,0.0
Nueces - 0050,440.0,205.0,197.0,38.0,0.0,0.0,0.0,0.0
Nueces - 0051,3091.0,2224.0,558.0,289.0,5.0,14.0,0.0,0.0
Nueces - 0052,613.0,544.0,66.0,0.0,0.0,0.0,0.0,0.0
Nueces - 0053,830.0,761.0,58.0,0.0,0.0,0.0,0.0,0.0
Nueces - 0054,1334.0,1224.0,86.0,8.0,0.0,0.0,25.0,0.0
Nueces - 0055,1390.0,1360.0,19.0,0.0,0.0,0.0,0.0,3.0
Nueces - 0056,1704.0,1453.0,201.0,17.0,0.0,4.0,0.0,0.0
Nueces - 0057,912.0,760.0,117.0,0.0,0.0,7.0,0.0,0.0
Nueces - 0058,1845.0,817.0,970.0,58.0,0.0,0.0,0.0,0.0
Nueces - 0059,1407.0,741.0,605.0,24.0,0.0,19.0,0.0,0.0
Nueces - 0060,1519.0,1410.0,87.0,14.0,0.0,4.0,0.0,0.0
Nueces - 0061,855.0,718.0,8.0,151.0,0.0,0.0,0.0,0.0
Nueces - 0062,962.0,844.0,76.0,31.0,0.0,0.0,0.0,0.0
Nueces - 0063,2285.0,942.0,1281.0,4.0,9.0,48.0,0.0,0.0
Nueces - 0064,867.0,161.0,682.0,3.0,0.0,4.0,0.0,0.0
Nueces - 0065,4454.0,1582.0,2563.0,230.0,0.0,64.0,4.0,0.0
Nueces - 0066,2054.0,1114.0,482.0,228.0,5.0,62.0,34.0,0.0
Nueces - 0067,6278.0,3343.0,2366.0,166.0,11.0,309.0,7.0,0.0
Nueces - 0068,1292.0,1019.0,273.0,0.0,0.0,0.0,0.0,0.0
Nueces - 0069,1912.0,1332.0,475.0,0.0,0.0,90.0,0.0,0.0
Nueces - 0070,3592.0,2044.0,1094.0,276.0,6.0,115.0,23.0,0.0
Nueces - 0071,2008.0,1714.0,212.0,40.0,0.0,0.0,46.0,0.0
Nueces - 0072,1688.0,1393.0,272.0,0.0,0.0,0.0,0.0,0.0
Nueces - 0073,2052.0,1803.0,202.0,23.0,8.0,0.0,0.0,0.0
Nueces - 0074,1874.0,1781.0,61.0,32.0,0.0,0.0,0.0,0.0
Nueces - 0075,2185.0,2083.0,102.0,0.0,0.0,0.0,0.0,0.0
Nueces - 0076,766.0,662.0,78.0,24.0,0.0,0.0,0.0,0.0
Nueces - 0077,376.0,317.0,29.0,11.0,0.0,1.0,0.0,0.0
Nueces - 0078,1493.0,1250.0,47.0,189.0,0.0,5.0,0.0,0.0
Nueces - 0079,983.0,715.0,191.0,126.0,6.0,0.0,0.0,0.0
Nueces - 0080,1570.0,1267.0,71.0,204.0,0.0,0.0,0.0,0.0
Nueces - 0081,4142.0,864.0,3075.0,4.0,7.0,134.0,0.0,0.0
Nueces - 0082,1103.0,925.0,131.0,35.0,0.0,8.0,0.0,0.0
Nueces - 0083,1129.0,1101.0,30.0,0.0,0.0,0.0,0.0,0.0
Nueces - 0084,835.0,569.0,248.0,11.0,0.0,0.0,0.0,0.0
Nueces - 0085,541.0,528.0,9.0,5.0,0.0,10.0,0.0,0.0
Nueces - 0086,751.0,341.0,341.0,11.0,17.0,28.0,0.0,0.0
Nueces - 0087,1654.0,1182.0,472.0,0.0,0.0,0.0,0.0,0.0
Nueces - 0088,2841.0,1665.0,974.0,129.0,0.0,0.0,0.0,0.0
Nueces - 0089,899.0,599.0,177.0,87.0,0.0,0.0,0.0,0.0
Nueces - 0090,976.0,598.0,336.0,12.0,0.0,16.0,0.0,0.0
Nueces - 0091,5738.0,2094.0,3018.0,297.0,4.0,294.0,0.0,9.0
Nueces - 0093,3557.0,3203.0,214.0,140.0,0.0,0.0,0.0,0.0
Nueces - 0094,1215.0,597.0,557.0,9.0,11.0,0.0,0.0,0.0
Nueces - 0095,813.0,729.0,87.0,0.0,0.0,0.0,0.0,0.0
Nueces - 0096,1147.0,1059.0,90.0,0.0,0.0,0.0,0.0,0.0
Nueces - 0097,1318.0,1210.0,65.0,4.0,4.0,14.0,17.0,0.0
Nueces - 0098,1813.0,1102.0,76.0,627.0,0.0,0.0,0.0,0.0
Nueces - 0099,841.0,777.0,68.0,3.0,0.0,0.0,0.0,0.0
Nueces - 0100,1504.0,996.0,493.0,18.0,0.0,0.0,0.0,0.0
Nueces - 0101,3300.0,2223.0,1058.0,6.0,0.0,5.0,0.0,0.0
Nueces - 0102,1687.0,897.0,578.0,228.0,0.0,0.0,0.0,0.0
Nueces - 0103,3318.0,2004.0,1202.0,79.0,0.0,48.0,0.0,0.0
Nueces - 0104,1076.0,1038.0,37.0,0.0,0.0,0.0,0.0,0.0
Nueces - 0105,1398.0,1229.0,175.0,0.0,0.0,0.0,0.0,0.0
Nueces - 0106,2432.0,1409.0,670.0,278.0,0.0,37.0,0.0,0.0
Nueces - 0107,4275.0,2088.0,2095.0,12.0,7.0,22.0,1.0,0.0
Nueces - 0108,1312.0,942.0,309.0,0.0,0.0,5.0,0.0,0.0
Nueces - 0109,505.0,261.0,166.0,68.0,0.0,0.0,0.0,0.0
Nueces - 0110,2030.0,830.0,1157.0,20.0,0.0,0.0,4.0,0.0
Nueces - 0111,1378.0,901.0,369.0,16.0,0.0,26.0,0.0,0.0
Nueces - 0112,2491.0,1423.0,909.0,77.0,0.0,45.0,0.0,1.0
Nueces - 0113,617.0,408.0,131.0,100.0,0.0,0.0,0.0,0.0
Nueces - 0114,1194.0,1049.0,108.0,67.0,0.0,0.0,0.0,0.0
Nueces - 0115,2545.0,1446.0,966.0,90.0,0.0,40.0,0.0,0.0
Nueces - 0116,4621.0,3027.0,1271.0,59.0,0.0,217.0,0.0,0.0
Nueces - 0117,3070.0,833.0,1975.0,93.0,24.0,26.0,0.0,0.0
Nueces - 0118,3333.0,2890.0,387.0,42.0,5.0,0.0,0.0,0.0
Nueces - 0119,3944.0,2153.0,1578.0,122.0,0.0,15.0,0.0,0.0
Nueces - 0120,3156.0,1886.0,907.0,1.0,0.0,353.0,0.0,4.0
Nueces - 0121,2174.0,1188.0,744.0,149.0,0.0,28.0,0.0,6.0
Nueces - 0122,3513.0,1073.0,2310.0,64.0,0.0,57.0,0.0,0.0
Nueces - 0123,2036.0,1089.0,877.0,11.0,0.0,0.0,0.0,54.0
Nueces - 0124,3812.0,2408.0,1164.0,87.0,2.0,89.0,0.0,1.0
Nueces - 0125,3682.0,1996.0,1389.0,53.0,0.0,117.0,0.0,0.0
Nueces - 0126,5629.0,1951.0,3286.0,32.0,0.0,231.0,0.0,29.0
Nueces - 0127,1716.0,680.0,924.0,64.0,0.0,45.0,0.0,0.0
Nueces - 0128,3871.0,2094.0,1484.0,114.0,4.0,85.0,0.0,0.0
Nueces - 0129,3907.0,2062.0,1325.0,282.0,45.0,120.0,0.0,0.0
Oldham - 0101,80.0,10.0,56.0,9.0,0.0,0.0,0.0,0.0
Oldham - 0103,160.0,18.0,131.0,2.0,0.0,0.0,0.0,0.0
Oldham - 0202,149.0,13.0,128.0,2.0,0.0,0.0,0.0,0.0
Oldham - 0203,196.0,30.0,166.0,1.0,0.0,0.0,0.0,0.0
Oldham - 0303,390.0,126.0,267.0,3.0,0.0,0.0,0.0,0.0
Oldham - 0403,178.0,42.0,140.0,3.0,0.0,0.0,0.0,0.0
Oldham - 0404,145.0,7.0,144.0,0.0,0.0,0.0,0.0,0.0
Orange - 0001,532.0,71.0,316.0,135.0,0.0,0.0,0.0,0.0
Orange - 0002,1491.0,127.0,615.0,704.0,0.0,0.0,0.0,0.0
Orange - 0003,1820.0,225.0,242.0,1288.0,0.0,0.0,0.0,39.0
Orange - 0004,482.0,1.0,21.0,458.0,0.0,0.0,0.0,0.0
Orange - 0005,1878.0,94.0,735.0,952.0,0.0,0.0,0.0,12.0
Orange - 0006,1584.0,37.0,1343.0,121.0,0.0,30.0,0.0,27.0
Orange - 0007,2102.0,114.0,1808.0,122.0,0.0,0.0,0.0,0.0
Orange - 0008,2335.0,117.0,2039.0,200.0,8.0,0.0,0.0,9.0
Orange - 0009,2748.0,71.0,2568.0,49.0,9.0,0.0,0.0,4.0
Orange - 0010,1020.0,253.0,605.0,75.0,0.0,73.0,0.0,0.0
Orange - 0011,1014.0,150.0,678.0,156.0,0.0,28.0,0.0,0.0
Orange - 0012,1563.0,155.0,1254.0,114.0,15.0,0.0,0.0,0.0
Orange - 0013,1933.0,69.0,1689.0,134.0,0.0,3.0,0.0,0.0
Orange - 0014,1838.0,140.0,1382.0,272.0,0.0,17.0,0.0,0.0
Orange - 0015,1394.0,90.0,1191.0,61.0,6.0,0.0,0.0,0.0
Orange - 0016,2835.0,134.0,2612.0,11.0,15.0,4.0,18.0,23.0
Orange - 0017,2339.0,37.0,2175.0,59.0,0.0,21.0,0.0,0.0
Orange - 0018,2628.0,23.0,2484.0,11.0,1.0,0.0,27.0,49.0
Orange - 0019,2198.0,126.0,2045.0,6.0,0.0,0.0,1.0,0.0
Orange - 0020,2084.0,241.0,1818.0,19.0,0.0,6.0,1.0,2.0
Orange - 0021,293.0,38.0,246.0,0.0,0.0,0.0,0.0,0.0
Orange - 0022,1247.0,93.0,1127.0,0.0,3.0,29.0,3.0,0.0
Orange - 0023,2896.0,170.0,2657.0,15.0,14.0,36.0,28.0,0.0
Orange - 0024,1268.0,9.0,1101.0,0.0,0.0,137.0,0.0,0.0
Orange - 0025,2088.0,212.0,1788.0,0.0,0.0,0.0,0.0,1.0
Orange - 0026,2531.0,265.0,2174.0,0.0,3.0,33.0,0.0,4.0
Orange - 0027,2266.0,118.0,2126.0,0.0,0.0,11.0,2.0,0.0
Orange - 0028,4025.0,496.0,3385.0,0.0,36.0,71.0,0.0,0.0
Orange - 0029,1237.0,44.0,1178.0,0.0,0.0,0.0,0.0,0.0
Orange - 0030,1177.0,106.0,974.0,2.0,0.0,40.0,3.0,0.0
Orange - 0031,2240.0,22.0,2168.0,0.0,0.0,0.0,0.0,0.0
Orange - 0032,2247.0,331.0,1895.0,0.0,9.0,0.0,0.0,0.0
Orange - 0033,1463.0,76.0,1353.0,0.0,0.0,15.0,0.0,3.0
Orange - 0034,1615.0,113.0,1375.0,1.0,0.0,60.0,0.0,9.0
Panola - 0001,2053.0,124.0,1300.0,389.0,0.0,5.0,0.0,6.0
Panola - 0002,2428.0,101.0,1910.0,209.0,0.0,45.0,0.0,0.0
Panola - 0003,1267.0,118.0,988.0,109.0,0.0,0.0,0.0,0.0
Panola - 0005,590.0,78.0,430.0,47.0,0.0,0.0,0.0,0.0
Panola - 0007,654.0,0.0,587.0,82.0,0.0,2.0,0.0,0.0
Panola - 0008,247.0,0.0,277.0,10.0,0.0,3.0,0.0,0.0
Panola - 0009,850.0,17.0,743.0,52.0,0.0,9.0,0.0,0.0
Panola - 0010,326.0,12.0,215.0,118.0,0.0,0.0,0.0,2.0
Panola - 0012,391.0,22.0,277.0,48.0,0.0,0.0,0.0,7.0
Panola - 0013,326.0,19.0,244.0,33.0,1.0,2.0,0.0,0.0
Panola - 0014,534.0,29.0,487.0,3.0,0.0,0.0,0.0,0.0
Panola - 0018,2128.0,33.0,1830.0,181.0,0.0,0.0,0.0,12.0
Panola - 0019,403.0,1.0,334.0,11.0,3.0,3.0,0.0,0.0
Panola - 0020,361.0,10.0,296.0,30.0,0.0,0.0,0.0,1.0
Panola - 0022,464.0,14.0,296.0,63.0,0.0,2.0,0.0,0.0
Panola - 0026,148.0,7.0,86.0,64.0,0.0,0.0,0.0,0.0
Panola - 0027,1516.0,258.0,760.0,431.0,0.0,26.0,0.0,0.0
Panola - 0028,2020.0,175.0,1622.0,146.0,0.0,10.0,0.0,0.0
Panola - 0029,317.0,22.0,243.0,2.0,0.0,0.0,0.0,5.0
Parker - 0100,4356.0,752.0,3339.0,203.0,1.0,8.0,0.0,7.0
Parker - 0105,3087.0,242.0,2647.0,27.0,0.0,0.0,26.0,15.0
Parker - 0110,2688.0,272.0,2364.0,16.0,18.0,0.0,0.0,0.0
Parker - 0111,1751.0,364.0,1382.0,0.0,0.0,0.0,0.0,0.0
Parker - 0115,3757.0,265.0,3303.0,12.0,12.0,49.0,0.0,30.0
Parker - 0120,3199.0,272.0,2828.0,18.0,4.0,8.0,0.0,6.0
Parker - 0125,3709.0,460.0,3139.0,0.0,2.0,12.0,0.0,34.0
Parker - 0130,4836.0,502.0,4143.0,90.0,6.0,24.0,4.0,39.0
Parker - 0135,1866.0,136.0,1685.0,13.0,4.0,0.0,0.0,11.0
Parker - 0140,1656.0,146.0,1497.0,0.0,8.0,2.0,0.0,4.0
Parker - 0200,2785.0,597.0,1855.0,84.0,31.0,0.0,4.0,62.0
Parker - 0205,2981.0,582.0,2326.0,73.0,0.0,0.0,0.0,6.0
Parker - 0210,2120.0,87.0,1789.0,0.0,47.0,0.0,0.0,62.0
Parker - 0215,4771.0,786.0,3776.0,2.0,19.0,34.0,0.0,31.0
Parker - 0220,1110.0,58.0,1047.0,0.0,0.0,0.0,0.0,0.0
Parker - 0225,1836.0,146.0,1586.0,22.0,0.0,13.0,0.0,10.0
Parker - 0230,1653.0,121.0,1478.0,14.0,10.0,3.0,0.0,0.0
Parker - 0235,1214.0,112.0,1029.0,0.0,0.0,0.0,0.0,15.0
Parker - 0240,2112.0,164.0,1903.0,21.0,0.0,15.0,0.0,4.0
Parker - 0245,1319.0,231.0,1047.0,0.0,0.0,0.0,0.0,13.0
Parker - 0250,1336.0,95.0,1148.0,15.0,4.0,0.0,0.0,5.0
Parker - 0255,3196.0,409.0,2425.0,142.0,2.0,75.0,0.0,0.0
Parker - 0260,3750.0,128.0,3584.0,22.0,9.0,3.0,0.0,54.0
Parker - 0265,1649.0,77.0,1416.0,15.0,7.0,0.0,0.0,36.0
Parker - 0300,1863.0,267.0,1444.0,24.0,0.0,23.0,0.0,0.0
Parker - 0305,3236.0,365.0,2616.0,112.0,1.0,182.0,0.0,0.0
Parker - 0310,2475.0,185.0,2087.0,171.0,0.0,24.0,0.0,0.0
Parker - 0315,5105.0,355.0,4562.0,19.0,10.0,78.0,0.0,0.0
Parker - 0320,2289.0,231.0,2026.0,0.0,0.0,0.0,0.0,0.0
Parker - 0325,2217.0,152.0,1991.0,14.0,4.0,0.0,0.0,2.0
Parker - 0330,1526.0,279.0,1209.0,0.0,0.0,0.0,0.0,0.0
Parker - 0335,5014.0,883.0,3978.0,33.0,0.0,52.0,0.0,13.0
Parker - 0340,1013.0,79.0,908.0,0.0,0.0,0.0,0.0,0.0
Parker - 0345,2489.0,222.0,2204.0,14.0,0.0,0.0,0.0,10.0
Parker - 0350,2355.0,66.0,2255.0,0.0,0.0,0.0,0.0,0.0
Parker - 0400,3277.0,473.0,2618.0,167.0,0.0,13.0,0.0,0.0
Parker - 0410,2931.0,245.0,2617.0,5.0,0.0,0.0,0.0,15.0
Parker - 0415,1751.0,132.0,1540.0,0.0,0.0,0.0,0.0,0.0
Parker - 0420,1950.0,312.0,1556.0,46.0,0.0,19.0,0.0,0.0
Parker - 0430,3509.0,438.0,2939.0,15.0,4.0,41.0,0.0,0.0
Parker - 0435,3024.0,224.0,2675.0,3.0,5.0,75.0,0.0,0.0
Parker - 0440,3919.0,370.0,3461.0,20.0,2.0,26.0,0.0,0.0
Parker - 0445,2103.0,192.0,1819.0,30.0,0.0,8.0,0.0,0.0
Parker - 0450,2405.0,247.0,2123.0,16.0,0.0,19.0,0.0,0.0
Parker - 0455,3181.0,430.0,2598.0,54.0,5.0,45.0,0.0,0.0
Parmer - 0101,1796.0,939.0,843.0,15.0,0.0,0.0,0.0,0.0
Parmer - 0201,728.0,585.0,115.0,0.0,0.0,0.0,0.0,0.0
Parmer - 0202,357.0,125.0,227.0,0.0,0.0,0.0,0.0,0.0
Parmer - 0301,1223.0,427.0,778.0,10.0,0.0,0.0,0.0,0.0
Parmer - 0303,58.0,18.0,36.0,0.0,0.0,0.0,0.0,0.0
Parmer - 0401,214.0,30.0,170.0,0.0,0.0,0.0,0.0,0.0
Parmer - 0402,1086.0,766.0,198.0,6.0,0.0,0.0,0.0,0.0
Potter - 0121,2411.0,457.0,1813.0,52.0,7.0,23.0,4.0,0.0
Potter - 0122,3919.0,992.0,2425.0,313.0,0.0,8.0,0.0,13.0
Potter - 0123,4253.0,835.0,3188.0,53.0,32.0,26.0,0.0,17.0
Potter - 0124,2958.0,522.0,2337.0,47.0,12.0,2.0,0.0,5.0
Potter - 0125,4690.0,978.0,3332.0,309.0,24.0,32.0,0.0,5.0
Potter - 0126,3418.0,726.0,2167.0,391.0,12.0,62.0,0.0,4.0
Potter - 0221,2884.0,1742.0,708.0,305.0,0.0,23.0,20.0,0.0
Potter - 0222,2946.0,532.0,510.0,290.0,25.0,1455.0,6.0,0.0
Potter - 0223,2618.0,1846.0,604.0,83.0,6.0,23.0,4.0,0.0
Potter - 0224,4014.0,2329.0,1546.0,65.0,6.0,51.0,0.0,0.0
Potter - 0225,2254.0,1406.0,683.0,127.0,0.0,29.0,0.0,0.0
Potter - 0321,2393.0,250.0,2129.0,0.0,0.0,0.0,0.0,0.0
Potter - 0322,198.0,6.0,167.0,0.0,0.0,0.0,0.0,0.0
Potter - 0323,4116.0,642.0,3382.0,12.0,0.0,0.0,0.0,24.0
Potter - 0324,4859.0,626.0,4006.0,102.0,0.0,24.0,10.0,0.0
Potter - 0325,3324.0,516.0,2602.0,128.0,0.0,8.0,0.0,10.0
Potter - 0326,3710.0,1396.0,2020.0,24.0,1.0,141.0,4.0,17.0
Potter - 0327,6705.0,2029.0,2831.0,1626.0,0.0,43.0,0.0,0.0
Potter - 0421,2669.0,1509.0,743.0,360.0,0.0,34.0,0.0,0.0
Potter - 0422,5380.0,1850.0,1830.0,1502.0,9.0,35.0,12.0,0.0
Potter - 0424,2005.0,481.0,391.0,1043.0,0.0,72.0,0.0,0.0
Potter - 0425,2117.0,1036.0,580.0,448.0,0.0,39.0,0.0,0.0
Potter - 0426,1069.0,354.0,480.0,171.0,12.0,0.0,0.0,0.0
Potter - 0427,975.0,729.0,180.0,40.0,0.0,0.0,0.0,0.0
Reagan - 0001,339.0,297.0,30.0,4.0,0.0,0.0,0.0,0.0
Reagan - 0002,502.0,243.0,221.0,6.0,0.0,0.0,0.0,4.0
Reagan - 0004,543.0,373.0,155.0,27.0,0.0,0.0,0.0,6.0
Reeves - 0002,1424.0,1297.0,128.0,5.0,0.0,13.0,0.0,0.0
Reeves - 0003,2139.0,1446.0,312.0,168.0,4.0,0.0,0.0,0.0
Reeves - 0004,26.0,8.0,62.0,0.0,0.0,0.0,0.0,0.0
Reeves - 0005,305.0,228.0,79.0,0.0,0.0,0.0,0.0,0.0
Reeves - 0006,162.0,97.0,63.0,0.0,0.0,0.0,0.0,0.0
Reeves - 0007,1575.0,1365.0,170.0,7.0,0.0,8.0,0.0,0.0
Reeves - 0008,472.0,393.0,148.0,29.0,0.0,0.0,0.0,0.0
Reeves - 0010,1291.0,1108.0,203.0,3.0,13.0,0.0,0.0,0.0
Reeves - 0011,765.0,703.0,68.0,5.0,0.0,0.0,0.0,0.0
Sabine - 0001,2222.0,56.0,1907.0,140.0,0.0,61.0,0.0,0.0
Sabine - 0002,1340.0,0.0,1201.0,16.0,0.0,0.0,0.0,0.0
Sabine - 0003,670.0,4.0,494.0,95.0,1.0,0.0,0.0,10.0
Sabine - 0004,262.0,1.0,287.0,0.0,3.0,0.0,0.0,0.0
Sabine - 0005,1466.0,19.0,1392.0,51.0,0.0,0.0,0.0,6.0
Sabine - 0006,1701.0,21.0,1473.0,75.0,0.0,0.0,49.0,0.0
Sabine - 0007,176.0,0.0,80.0,189.0,0.0,0.0,0.0,0.0
Sabine - 0008,392.0,19.0,323.0,8.0,0.0,0.0,3.0,0.0
Scurry - 0005,89.0,44.0,48.0,0.0,0.0,0.0,0.0,0.0
Scurry - 0006,303.0,91.0,195.0,0.0,0.0,2.0,0.0,0.0
Scurry - 0007,2101.0,356.0,1669.0,11.0,15.0,29.0,0.0,0.0
Scurry - 0008,1232.0,500.0,711.0,0.0,0.0,0.0,0.0,0.0
Scurry - 0009,406.0,123.0,267.0,0.0,0.0,2.0,0.0,0.0
Scurry - 0010,1283.0,359.0,849.0,42.0,10.0,8.0,0.0,0.0
Scurry - 0011,137.0,21.0,106.0,1.0,0.0,7.0,0.0,0.0
Scurry - 0012,2268.0,915.0,1239.0,74.0,50.0,7.0,0.0,0.0
Scurry - 0013,461.0,95.0,352.0,0.0,5.0,0.0,0.0,0.0
Scurry - 0014,1442.0,524.0,510.0,289.0,0.0,0.0,0.0,0.0
Scurry - 0015,2247.0,1398.0,721.0,37.0,0.0,11.0,0.0,49.0
Shelby - 0002,954.0,64.0,826.0,8.0,32.0,0.0,0.0,0.0
Shelby - 0003,210.0,25.0,166.0,4.0,0.0,0.0,0.0,0.0
Shelby - 0004,737.0,0.0,618.0,125.0,0.0,0.0,0.0,0.0
Shelby - 0005,2728.0,380.0,2043.0,124.0,0.0,0.0,0.0,0.0
Shelby - 0006,609.0,0.0,626.0,14.0,0.0,0.0,0.0,0.0
Shelby - 0007,883.0,0.0,592.0,226.0,0.0,0.0,0.0,0.0
Shelby - 0008,1288.0,235.0,557.0,538.0,0.0,0.0,0.0,0.0
Shelby - 001N,1284.0,362.0,770.0,144.0,0.0,0.0,0.0,0.0
Shelby - 001S,2431.0,421.0,1613.0,218.0,10.0,0.0,0.0,0.0
Shelby - 001W,284.0,72.0,207.0,0.0,0.0,0.0,0.0,0.0
Shelby - 009N,1352.0,120.0,927.0,206.0,0.0,0.0,0.0,0.0
Shelby - 009S,999.0,52.0,666.0,190.0,0.0,0.0,0.0,0.0
Shelby - 01SE,1494.0,108.0,456.0,831.0,0.0,0.0,47.0,0.0
Shelby - 01SW,1505.0,54.0,1311.0,98.0,9.0,0.0,0.0,0.0
Sutton - 0101,591.0,525.0,34.0,0.0,0.0,0.0,3.0,0.0
Sutton - 0201,576.0,232.0,360.0,4.0,0.0,0.0,0.0,1.0
Sutton - 0301,595.0,233.0,323.0,4.0,11.0,0.0,0.0,4.0
Sutton - 0401,568.0,346.0,191.0,0.0,0.0,0.0,2.0,0.0
Taylor - 0101,4429.0,1527.0,2709.0,169.0,11.0,0.0,0.0,0.0
Taylor - 0102,2813.0,780.0,1886.0,100.0,0.0,3.0,0.0,5.0
Taylor - 0103,3402.0,695.0,2301.0,341.0,8.0,29.0,0.0,0.0
Taylor - 0104,2639.0,137.0,2281.0,146.0,6.0,37.0,0.0,0.0
Taylor - 0105,5529.0,1240.0,3503.0,520.0,36.0,177.0,0.0,25.0
Taylor - 0106,3120.0,531.0,2048.0,260.0,3.0,85.0,0.0,66.0
Taylor - 0107,787.0,165.0,584.0,35.0,0.0,5.0,0.0,0.0
Taylor - 0108,1163.0,87.0,1049.0,20.0,1.0,34.0,0.0,0.0
Taylor - 0109,220.0,12.0,200.0,22.0,0.0,0.0,0.0,0.0
Taylor - 0110,124.0,2.0,119.0,0.0,0.0,0.0,0.0,0.0
Taylor - 0201,2707.0,1424.0,972.0,338.0,6.0,4.0,0.0,5.0
Taylor - 0202,4569.0,2094.0,1991.0,351.0,0.0,42.0,0.0,8.0
Taylor - 0203,6338.0,2252.0,2935.0,711.0,0.0,67.0,4.0,45.0
Taylor - 0204,2569.0,611.0,1885.0,29.0,0.0,27.0,0.0,0.0
Taylor - 0205,4434.0,1464.0,2399.0,462.0,22.0,28.0,0.0,0.0
Taylor - 0206,3216.0,455.0,2575.0,57.0,0.0,7.0,4.0,31.0
Taylor - 0207,291.0,20.0,235.0,6.0,0.0,0.0,0.0,0.0
Taylor - 0301,4144.0,952.0,2760.0,194.0,8.0,105.0,0.0,0.0
Taylor - 0302,2804.0,400.0,2153.0,137.0,5.0,58.0,0.0,8.0
Taylor - 0303,2181.0,114.0,1955.0,15.0,0.0,4.0,0.0,0.0
Taylor - 0304,4426.0,953.0,2621.0,343.0,0.0,311.0,0.0,3.0
Taylor - 0305,3665.0,460.0,2861.0,253.0,5.0,19.0,0.0,0.0
Taylor - 0306,5322.0,973.0,4220.0,64.0,1.0,51.0,0.0,0.0
Taylor - 0307,4024.0,549.0,3220.0,145.0,19.0,85.0,0.0,0.0
Taylor - 0308,1732.0,124.0,1541.0,30.0,0.0,0.0,0.0,0.0
Taylor - 0401,3043.0,297.0,2257.0,320.0,0.0,88.0,33.0,11.0
Taylor - 0402,4834.0,714.0,3355.0,539.0,0.0,140.0,0.0,22.0
Taylor - 0403,3801.0,592.0,2606.0,315.0,0.0,105.0,0.0,21.0
Taylor - 0404,2797.0,659.0,1897.0,169.0,6.0,19.0,0.0,21.0
Taylor - 0405,2943.0,910.0,1670.0,298.0,28.0,1.0,0.0,0.0
Taylor - 0406,5251.0,682.0,3627.0,774.0,2.0,33.0,20.0,18.0
Taylor - 0407,1429.0,43.0,1225.0,104.0,6.0,10.0,12.0,2.0
Taylor - 0408,3814.0,650.0,2972.0,70.0,0.0,97.0,0.0,3.0
Taylor - 0409,929.0,116.0,762.0,22.0,0.0,0.0,0.0,17.0
Travis - 0100,3215.0,475.0,1981.0,457.0,0.0,222.0,0.0,0.0
Travis - 0101,3573.0,1050.0,1870.0,605.0,0.0,44.0,0.0,0.0
Travis - 0102,3658.0,703.0,2204.0,564.0,0.0,149.0,0.0,0.0
Travis - 0103,1824.0,305.0,1246.0,226.0,0.0,41.0,0.0,9.0
Travis - 0104,3142.0,740.0,2076.0,84.0,18.0,155.0,0.0,0.0
Travis - 0105,2433.0,419.0,1347.0,355.0,0.0,166.0,4.0,90.0
Travis - 0106,3326.0,534.0,2187.0,124.0,0.0,419.0,0.0,12.0
Travis - 0107,3651.0,894.0,1873.0,134.0,0.0,409.0,0.0,0.0
Travis - 0110,3105.0,412.0,1418.0,961.0,0.0,110.0,0.0,0.0
Travis - 0111,3087.0,1014.0,1048.0,652.0,0.0,233.0,0.0,54.0
Travis - 0112,2346.0,877.0,1083.0,266.0,0.0,67.0,0.0,17.0
Travis - 0113,2558.0,528.0,1615.0,251.0,2.0,85.0,0.0,65.0
Travis - 0114,2283.0,415.0,1695.0,99.0,8.0,32.0,0.0,31.0
Travis - 0115,1213.0,248.0,348.0,303.0,0.0,24.0,0.0,0.0
Travis - 0116,4534.0,1531.0,2151.0,752.0,3.0,50.0,0.0,57.0
Travis - 0117,2569.0,563.0,1466.0,462.0,0.0,37.0,0.0,0.0
Travis - 0120,2712.0,646.0,803.0,1050.0,0.0,14.0,24.0,32.0
Travis - 0121,2759.0,928.0,517.0,1084.0,0.0,111.0,0.0,100.0
Travis - 0122,2902.0,1414.0,1172.0,164.0,0.0,79.0,0.0,0.0
Travis - 0123,3009.0,1276.0,748.0,922.0,0.0,27.0,0.0,0.0
Travis - 0124,4029.0,1512.0,775.0,1324.0,0.0,200.0,2.0,1.0
Travis - 0125,1484.0,653.0,873.0,48.0,0.0,18.0,0.0,43.0
Travis - 0126,5052.0,1862.0,1750.0,1176.0,0.0,108.0,28.0,53.0
Travis - 0127,4888.0,2233.0,1167.0,1393.0,0.0,0.0,0.0,0.0
Travis - 0130,7037.0,2286.0,2746.0,1594.0,6.0,262.0,0.0,15.0
Travis - 0131,3790.0,1836.0,1016.0,857.0,0.0,81.0,0.0,0.0
Travis - 0132,6868.0,3208.0,1832.0,1363.0,5.0,302.0,0.0,0.0
Travis - 0133,3217.0,1238.0,1063.0,811.0,0.0,112.0,0.0,0.0
Travis - 0134,4227.0,1138.0,1843.0,783.0,0.0,316.0,5.0,0.0
Travis - 0135,2255.0,434.0,1542.0,141.0,0.0,109.0,0.0,0.0
Travis - 0136,1656.0,393.0,1046.0,154.0,0.0,9.0,0.0,25.0
Travis - 0137,4323.0,1736.0,1577.0,570.0,0.0,323.0,0.0,0.0
Travis - 0138,6073.0,1071.0,2084.0,1614.0,0.0,1049.0,0.0,0.0
Travis - 0140,500.0,238.0,233.0,64.0,0.0,9.0,0.0,0.0
Travis - 0141,6701.0,1225.0,2907.0,1532.0,0.0,974.0,0.0,29.0
Travis - 0142,3017.0,984.0,1538.0,338.0,4.0,89.0,0.0,0.0
Travis - 0143,5165.0,2298.0,1392.0,984.0,0.0,215.0,0.0,55.0
Travis - 0144,3019.0,1375.0,784.0,613.0,0.0,42.0,0.0,0.0
Travis - 0145,2862.0,1293.0,942.0,554.0,0.0,36.0,0.0,0.0
Travis - 0146,1100.0,679.0,359.0,29.0,0.0,14.0,0.0,0.0
Travis - 0152,3511.0,852.0,1438.0,651.0,0.0,511.0,0.0,10.0
Travis - 0153,3725.0,1004.0,1819.0,673.0,0.0,274.0,0.0,4.0
Travis - 0155,5666.0,3028.0,1970.0,369.0,0.0,127.0,0.0,94.0
Travis - 0156,3783.0,1014.0,1667.0,567.0,0.0,352.0,0.0,0.0
Travis - 0160,2787.0,942.0,1339.0,402.0,0.0,70.0,0.0,0.0
Travis - 0161,2197.0,659.0,1043.0,329.0,0.0,106.0,0.0,4.0
Travis - 0162,3428.0,849.0,1386.0,805.0,0.0,185.0,0.0,0.0
Travis - 0163,3151.0,1207.0,1359.0,369.0,0.0,212.0,0.0,16.0
Travis - 0164,2831.0,695.0,1365.0,476.0,0.0,237.0,0.0,9.0
Travis - 0165,3035.0,1116.0,1409.0,389.0,0.0,60.0,0.0,7.0
Travis - 0170,4082.0,1410.0,1523.0,909.0,0.0,149.0,0.0,6.0
Travis - 0171,5469.0,1057.0,2722.0,1296.0,0.0,403.0,0.0,18.0
Travis - 0172,367.0,91.0,142.0,37.0,0.0,9.0,0.0,0.0
Travis - 0173,1085.0,197.0,772.0,87.0,5.0,24.0,0.0,0.0
Travis - 0174,981.0,175.0,598.0,152.0,0.0,26.0,8.0,0.0
Travis - 0175,15.0,17.0,2.0,0.0,0.0,0.0,0.0,0.0
Travis - 0176,60.0,25.0,33.0,0.0,0.0,3.0,2.0,0.0
Travis - 0177,3652.0,955.0,1551.0,274.0,0.0,692.0,0.0,0.0
Travis - 0178,3097.0,827.0,835.0,1425.0,0.0,33.0,0.0,0.0
Travis - 0180,3108.0,1187.0,1119.0,247.0,8.0,464.0,45.0,0.0
Travis - 0181,4511.0,1405.0,1093.0,1438.0,0.0,505.0,0.0,40.0
Travis - 0182,3670.0,1473.0,990.0,693.0,0.0,374.0,14.0,0.0
Travis - 0183,1795.0,547.0,505.0,343.0,0.0,278.0,0.0,0.0
Travis - 0184,3156.0,872.0,951.0,587.0,0.0,767.0,0.0,6.0
Travis - 0185,1041.0,406.0,470.0,0.0,0.0,62.0,0.0,0.0
Travis - 0186,4133.0,1197.0,1240.0,821.0,0.0,764.0,0.0,53.0
Travis - 0190,3629.0,1017.0,1361.0,898.0,0.0,86.0,0.0,71.0
Travis - 0191,2917.0,679.0,1562.0,267.0,0.0,266.0,0.0,8.0
Travis - 0192,3361.0,1064.0,1459.0,526.0,11.0,227.0,0.0,3.0
Travis - 0193,4494.0,786.0,2397.0,1100.0,16.0,193.0,0.0,0.0
Travis - 0194,2581.0,304.0,1317.0,328.0,0.0,555.0,0.0,0.0
Travis - 0200,4068.0,280.0,3552.0,0.0,12.0,60.0,5.0,24.0
Travis - 0201,3467.0,353.0,2994.0,32.0,0.0,40.0,0.0,0.0
Travis - 0202,3082.0,454.0,2182.0,151.0,37.0,186.0,0.0,0.0
Travis - 0203,3454.0,489.0,2399.0,114.0,0.0,343.0,0.0,28.0
Travis - 0204,3463.0,581.0,2195.0,312.0,0.0,273.0,0.0,0.0
Travis - 0205,3361.0,174.0,3043.0,33.0,0.0,101.0,0.0,0.0
Travis - 0206,3229.0,843.0,2102.0,122.0,0.0,24.0,0.0,0.0
Travis - 0207,3210.0,828.0,2148.0,88.0,0.0,80.0,6.0,0.0
Travis - 0210,2050.0,240.0,1681.0,0.0,0.0,125.0,4.0,0.0
Travis - 0211,2963.0,501.0,2217.0,45.0,0.0,154.0,0.0,12.0
Travis - 0212,4189.0,496.0,2775.0,556.0,0.0,291.0,0.0,0.0
Travis - 0213,3022.0,241.0,2624.0,2.0,0.0,38.0,0.0,0.0
Travis - 0214,2209.0,700.0,1203.0,115.0,0.0,122.0,5.0,0.0
Travis - 0215,937.0,110.0,683.0,68.0,0.0,58.0,0.0,0.0
Travis - 0216,4489.0,1391.0,2246.0,262.0,0.0,560.0,0.0,5.0
Travis - 0220,2680.0,287.0,2263.0,4.0,12.0,86.0,0.0,0.0
Travis - 0221,4152.0,707.0,3021.0,197.0,0.0,65.0,5.0,0.0
Travis - 0223,1444.0,244.0,1180.0,6.0,0.0,12.0,0.0,0.0
Travis - 0224,1758.0,380.0,1291.0,26.0,0.0,15.0,0.0,0.0
Travis - 0225,2967.0,736.0,1986.0,51.0,0.0,164.0,0.0,0.0
Travis - 0226,3062.0,986.0,1600.0,238.0,0.0,96.0,0.0,0.0
Travis - 0227,3444.0,870.0,2013.0,364.0,0.0,101.0,0.0,0.0
Travis - 0230,5407.0,704.0,4258.0,64.0,7.0,292.0,0.0,23.0
Travis - 0231,3268.0,232.0,2920.0,0.0,10.0,58.0,0.0,0.0
Travis - 0232,2823.0,283.0,2403.0,8.0,0.0,106.0,0.0,0.0
Travis - 0233,3527.0,139.0,3086.0,115.0,4.0,102.0,0.0,18.0
Travis - 0234,3343.0,394.0,2640.0,39.0,0.0,186.0,4.0,7.0
Travis - 0235,2966.0,310.0,2353.0,83.0,0.0,157.0,0.0,15.0
Travis - 0236,4648.0,799.0,3299.0,215.0,0.0,148.0,66.0,5.0
Travis - 0237,2393.0,466.0,1772.0,41.0,11.0,64.0,0.0,0.0
Travis - 0238,3856.0,626.0,2978.0,6.0,0.0,83.0,0.0,47.0
Travis - 0240,4813.0,1958.0,2175.0,387.0,0.0,46.0,12.0,1.0
Travis - 0241,4151.0,1450.0,1448.0,926.0,0.0,304.0,0.0,18.0
Travis - 0242,4859.0,1937.0,2060.0,464.0,0.0,210.0,13.0,6.0
Travis - 0243,3855.0,1020.0,2212.0,302.0,0.0,142.0,7.0,0.0
Travis - 0244,3164.0,951.0,1406.0,441.0,21.0,345.0,0.0,0.0
Travis - 0245,4462.0,1026.0,2499.0,511.0,0.0,316.0,0.0,0.0
Travis - 0246,4529.0,1137.0,2433.0,369.0,0.0,390.0,36.0,0.0
Travis - 0247,2819.0,871.0,1314.0,421.0,0.0,189.0,0.0,0.0
Travis - 0250,2595.0,511.0,1236.0,303.0,0.0,285.0,0.0,142.0
Travis - 0251,3848.0,1097.0,1549.0,782.0,0.0,324.0,0.0,27.0
Travis - 0252,3158.0,1709.0,899.0,334.0,0.0,118.0,0.0,0.0
Travis - 0253,4378.0,1780.0,1604.0,322.0,0.0,573.0,0.0,0.0
Travis - 0254,4829.0,1230.0,2273.0,451.0,12.0,476.0,0.0,0.0
Travis - 0255,4064.0,759.0,2097.0,641.0,8.0,481.0,0.0,0.0
Travis - 0256,3481.0,639.0,2008.0,307.0,0.0,482.0,0.0,0.0
Travis - 0260,2309.0,544.0,1604.0,78.0,0.0,61.0,0.0,11.0
Travis - 0261,2245.0,228.0,1639.0,152.0,0.0,115.0,0.0,0.0
Travis - 0262,3106.0,409.0,2258.0,174.0,0.0,94.0,0.0,0.0
Travis - 0263,4150.0,867.0,2354.0,641.0,0.0,248.0,0.0,0.0
Travis - 0264,3395.0,547.0,2417.0,144.0,0.0,251.0,0.0,0.0
Travis - 0265,2728.0,389.0,1902.0,221.0,0.0,99.0,0.0,0.0
Travis - 0266,3522.0,652.0,2295.0,71.0,8.0,376.0,52.0,44.0
Travis - 0267,3307.0,454.0,2423.0,22.0,17.0,216.0,3.0,79.0
Travis - 0268,2452.0,131.0,1192.0,94.0,2.0,757.0,0.0,11.0
Travis - 0270,5046.0,587.0,3921.0,24.0,5.0,341.0,29.0,0.0
Travis - 0271,2066.0,241.0,1719.0,0.0,0.0,88.0,19.0,0.0
Travis - 0272,4315.0,252.0,3078.0,211.0,15.0,617.0,0.0,0.0
Travis - 0273,3424.0,219.0,2605.0,86.0,18.0,403.0,0.0,57.0
Travis - 0274,5008.0,1256.0,2643.0,663.0,6.0,383.0,0.0,0.0
Travis - 0275,2273.0,429.0,1635.0,0.0,0.0,226.0,0.0,0.0
Travis - 0280,4341.0,561.0,3574.0,82.0,11.0,24.0,5.0,0.0
Travis - 0281,3372.0,239.0,2942.0,92.0,0.0,5.0,0.0,0.0
Travis - 0282,2556.0,242.0,2250.0,0.0,6.0,15.0,0.0,0.0
Travis - 0290,3928.0,336.0,3301.0,11.0,0.0,242.0,0.0,0.0
Travis - 0291,1244.0,168.0,957.0,60.0,0.0,76.0,0.0,2.0
Travis - 0292,3752.0,329.0,2644.0,116.0,0.0,665.0,0.0,0.0
Travis - 0293,4001.0,657.0,3065.0,77.0,0.0,134.0,0.0,0.0
Travis - 0294,2544.0,207.0,1974.0,1.0,0.0,288.0,0.0,2.0
Travis - 0300,2278.0,328.0,1702.0,44.0,0.0,91.0,13.0,19.0
Travis - 0301,3045.0,380.0,2096.0,214.0,0.0,259.0,0.0,0.0
Travis - 0302,4965.0,479.0,4061.0,84.0,42.0,267.0,0.0,43.0
Travis - 0303,438.0,26.0,338.0,65.0,0.0,3.0,0.0,1.0
Travis - 0304,5055.0,543.0,4051.0,79.0,0.0,256.0,0.0,8.0
Travis - 0305,2436.0,426.0,1793.0,54.0,0.0,107.0,0.0,18.0
Travis - 0306,3649.0,374.0,3040.0,129.0,12.0,53.0,0.0,13.0
Travis - 0307,3410.0,445.0,2520.0,61.0,5.0,43.0,0.0,8.0
Travis - 0310,2571.0,715.0,937.0,93.0,0.0,704.0,0.0,0.0
Travis - 0311,4516.0,1463.0,1537.0,191.0,0.0,1155.0,0.0,0.0
Travis - 0312,5953.0,1683.0,2219.0,855.0,8.0,836.0,0.0,0.0
Travis - 0313,2463.0,706.0,914.0,108.0,27.0,528.0,0.0,0.0
Travis - 0314,2760.0,669.0,1342.0,332.0,0.0,308.0,4.0,0.0
Travis - 0315,3594.0,1025.0,1595.0,289.0,1.0,532.0,0.0,0.0
Travis - 0320,3632.0,327.0,2756.0,134.0,8.0,314.0,0.0,0.0
Travis - 0321,1594.0,103.0,1374.0,8.0,0.0,68.0,0.0,0.0
Travis - 0322,2909.0,262.0,2417.0,18.0,9.0,183.0,0.0,0.0
Travis - 0323,2467.0,186.0,1909.0,43.0,0.0,253.0,0.0,11.0
Travis - 0324,2671.0,436.0,1963.0,23.0,0.0,197.0,0.0,0.0
Travis - 0325,785.0,60.0,343.0,3.0,0.0,328.0,0.0,0.0
Travis - 0326,2461.0,226.0,1939.0,0.0,19.0,254.0,0.0,0.0
Travis - 0327,1985.0,130.0,1575.0,4.0,7.0,269.0,0.0,0.0
Travis - 0330,4788.0,900.0,2889.0,276.0,22.0,145.0,0.0,0.0
Travis - 0331,2033.0,573.0,1372.0,30.0,0.0,24.0,0.0,0.0
Travis - 0332,2561.0,793.0,1624.0,95.0,0.0,9.0,0.0,0.0
Travis - 0333,2372.0,506.0,1496.0,140.0,0.0,176.0,0.0,0.0
Travis - 0334,2887.0,807.0,1844.0,112.0,0.0,60.0,0.0,0.0
Travis - 0335,3119.0,569.0,2189.0,60.0,0.0,133.0,0.0,54.0
Travis - 0336,3759.0,1114.0,2234.0,133.0,3.0,227.0,0.0,44.0
Travis - 0337,5259.0,1534.0,2974.0,296.0,1.0,275.0,0.0,28.0
Travis - 0340,2848.0,353.0,2163.0,20.0,0.0,292.0,0.0,4.0
Travis - 0341,2869.0,970.0,1779.0,27.0,0.0,52.0,0.0,23.0
Travis - 0342,3636.0,1060.0,2344.0,18.0,0.0,174.0,0.0,15.0
Travis - 0344,2768.0,497.0,1803.0,59.0,0.0,324.0,5.0,17.0
Travis - 0345,2988.0,535.0,1987.0,150.0,0.0,176.0,0.0,24.0
Travis - 0346,3442.0,577.0,2411.0,136.0,0.0,271.0,0.0,0.0
Travis - 0347,2815.0,215.0,2246.0,111.0,0.0,225.0,0.0,0.0
Travis - 0349,3478.0,480.0,2487.0,183.0,17.0,240.0,0.0,2.0
Travis - 0350,5054.0,1032.0,3663.0,208.0,0.0,18.0,0.0,0.0
Travis - 0351,4802.0,521.0,3352.0,174.0,3.0,458.0,0.0,0.0
Travis - 0352,3035.0,426.0,2396.0,238.0,2.0,88.0,0.0,0.0
Travis - 0353,3826.0,448.0,3143.0,46.0,0.0,114.0,0.0,0.0
Travis - 0354,3698.0,401.0,3049.0,42.0,0.0,156.0,0.0,2.0
Travis - 0355,776.0,118.0,602.0,5.0,0.0,12.0,0.0,21.0
Travis - 0356,2579.0,387.0,2068.0,88.0,0.0,0.0,0.0,0.0
Travis - 0357,3885.0,683.0,2605.0,179.0,12.0,187.0,0.0,12.0
Travis - 0358,3639.0,602.0,2791.0,51.0,21.0,145.0,0.0,13.0
Travis - 0360,3654.0,629.0,2545.0,126.0,21.0,216.0,0.0,0.0
Travis - 0361,2009.0,128.0,1764.0,28.0,9.0,25.0,1.0,0.0
Travis - 0362,2927.0,250.0,2374.0,143.0,0.0,103.0,15.0,0.0
Travis - 0363,3719.0,254.0,2404.0,352.0,0.0,697.0,0.0,0.0
Travis - 0364,2935.0,361.0,2312.0,51.0,0.0,180.0,0.0,0.0
Travis - 0365,1744.0,196.0,1375.0,49.0,11.0,68.0,0.0,0.0
Travis - 0366,3317.0,330.0,2879.0,55.0,1.0,18.0,0.0,0.0
Travis - 0367,2820.0,195.0,2464.0,6.0,0.0,79.0,0.0,0.0
Travis - 0370,3812.0,665.0,2896.0,167.0,0.0,44.0,0.0,19.0
Travis - 0371,2514.0,185.0,2165.0,65.0,0.0,33.0,0.0,0.0
Travis - 0373,2056.0,132.0,1769.0,34.0,26.0,43.0,0.0,0.0
Travis - 0374,2229.0,220.0,1946.0,0.0,4.0,21.0,0.0,0.0
Travis - 0375,3759.0,375.0,3060.0,68.0,46.0,138.0,4.0,0.0
Travis - 0376,3309.0,346.0,2863.0,22.0,0.0,94.0,0.0,0.0
Travis - 0380,5045.0,455.0,3868.0,179.0,0.0,237.0,0.0,91.0
Travis - 0382,4052.0,869.0,2656.0,47.0,0.0,188.0,14.0,22.0
Travis - 0383,3434.0,443.0,2319.0,98.0,4.0,512.0,36.0,0.0
Travis - 0384,3788.0,554.0,1918.0,419.0,0.0,808.0,0.0,0.0
Travis - 0387,2297.0,491.0,1396.0,136.0,0.0,250.0,0.0,0.0
Travis - 0390,3587.0,456.0,2671.0,0.0,0.0,374.0,0.0,0.0
Travis - 0391,2398.0,81.0,2086.0,0.0,0.0,168.0,0.0,0.0
Travis - 0392,2812.0,226.0,2272.0,7.0,0.0,255.0,5.0,0.0
Travis - 0393,3922.0,462.0,2593.0,236.0,0.0,597.0,0.0,0.0
Travis - 0394,2936.0,283.0,1808.0,197.0,0.0,630.0,0.0,6.0
Travis - 0395,3028.0,316.0,2571.0,25.0,5.0,60.0,1.0,0.0
Travis - 0396,3145.0,191.0,2765.0,18.0,28.0,21.0,0.0,4.0
Travis - 0400,2530.0,671.0,1601.0,63.0,0.0,184.0,0.0,0.0
Travis - 0401,2835.0,535.0,1873.0,220.0,0.0,78.0,0.0,13.0
Travis - 0402,3711.0,1000.0,2400.0,147.0,0.0,115.0,0.0,0.0
Travis - 0403,3404.0,1284.0,1644.0,130.0,7.0,50.0,19.0,22.0
Travis - 0404,455.0,193.0,65.0,192.0,0.0,27.0,0.0,0.0
Travis - 0405,4115.0,1939.0,1741.0,311.0,0.0,71.0,0.0,0.0
Travis - 0410,2638.0,580.0,1772.0,138.0,0.0,93.0,0.0,63.0
Travis - 0411,2522.0,306.0,1939.0,22.0,0.0,133.0,0.0,19.0
Travis - 0412,2209.0,446.0,1496.0,71.0,0.0,31.0,0.0,40.0
Travis - 0413,2462.0,455.0,1661.0,187.0,0.0,104.0,0.0,0.0
Travis - 0414,4919.0,1196.0,3083.0,135.0,0.0,251.0,0.0,67.0
Travis - 0415,3174.0,699.0,2327.0,42.0,0.0,49.0,0.0,18.0
Travis - 0416,3718.0,725.0,2782.0,37.0,0.0,68.0,0.0,0.0
Travis - 0417,2285.0,824.0,1199.0,44.0,24.0,114.0,0.0,0.0
Travis - 0418,4633.0,1349.0,2300.0,270.0,21.0,320.0,10.0,189.0
Travis - 0420,5498.0,1882.0,2606.0,313.0,0.0,289.0,0.0,41.0
Travis - 0421,3032.0,703.0,1948.0,138.0,0.0,165.0,0.0,0.0
Travis - 0422,3489.0,1830.0,1254.0,189.0,57.0,27.0,0.0,0.0
Travis - 0423,3237.0,1592.0,902.0,385.0,0.0,194.0,4.0,39.0
Travis - 0424,4961.0,2398.0,1972.0,430.0,0.0,117.0,0.0,0.0
Travis - 0425,4150.0,1108.0,2129.0,440.0,0.0,227.0,0.0,16.0
Travis - 0426,2192.0,991.0,1065.0,54.0,0.0,13.0,0.0,0.0
Travis - 0427,3381.0,1300.0,1455.0,337.0,15.0,41.0,0.0,0.0
Travis - 0430,2945.0,820.0,1802.0,138.0,5.0,36.0,0.0,0.0
Travis - 0431,2827.0,736.0,1853.0,3.0,10.0,154.0,0.0,0.0
Travis - 0432,1237.0,407.0,772.0,26.0,0.0,19.0,0.0,0.0
Travis - 0433,694.0,163.0,487.0,25.0,0.0,57.0,0.0,0.0
Travis - 0434,2052.0,616.0,1302.0,64.0,0.0,30.0,0.0,0.0
Travis - 0435,2896.0,1049.0,1569.0,140.0,0.0,76.0,0.0,0.0
Travis - 0436,2456.0,728.0,1547.0,58.0,0.0,11.0,0.0,0.0
Travis - 0437,4620.0,1966.0,2221.0,177.0,0.0,92.0,0.0,53.0
Travis - 0438,2979.0,1147.0,1619.0,107.0,0.0,67.0,0.0,0.0
Travis - 0439,2982.0,1384.0,1251.0,85.0,0.0,251.0,0.0,0.0
Travis - 0445,3653.0,1503.0,1858.0,68.0,0.0,244.0,0.0,0.0
Travis - 0446,3553.0,988.0,2338.0,21.0,0.0,24.0,0.0,0.0
Travis - 0447,1808.0,363.0,1219.0,96.0,0.0,78.0,0.0,18.0
Travis - 0448,4742.0,1684.0,2378.0,211.0,160.0,207.0,0.0,0.0
Travis - 0449,3631.0,753.0,2316.0,250.0,25.0,66.0,0.0,0.0
Travis - 0450,4607.0,1543.0,2372.0,239.0,27.0,292.0,0.0,0.0
Travis - 0451,2890.0,1003.0,1563.0,87.0,0.0,36.0,0.0,0.0
Travis - 0452,3039.0,1161.0,1330.0,128.0,0.0,247.0,0.0,57.0
Travis - 0453,2454.0,810.0,1222.0,76.0,0.0,153.0,0.0,117.0
Travis - 0454,2960.0,1240.0,687.0,762.0,0.0,174.0,20.0,0.0
Travis - 0455,2623.0,660.0,1606.0,117.0,0.0,149.0,0.0,60.0
Travis - 0456,4711.0,1460.0,1971.0,564.0,0.0,650.0,0.0,29.0
Travis - 0460,2704.0,1375.0,756.0,501.0,0.0,17.0,0.0,0.0
Travis - 0461,3154.0,1680.0,806.0,488.0,23.0,84.0,4.0,0.0
Travis - 0462,5060.0,3521.0,907.0,281.0,0.0,281.0,0.0,0.0
Travis - 0463,1376.0,408.0,430.0,323.0,0.0,92.0,0.0,9.0
Travis - 0464,6598.0,3106.0,2604.0,310.0,0.0,479.0,0.0,0.0
Travis - 0465,4514.0,1839.0,1882.0,629.0,0.0,96.0,0.0,0.0
Travis - 0466,5468.0,2844.0,1768.0,498.0,0.0,129.0,0.0,34.0
Travis - 0467,3192.0,1397.0,862.0,745.0,0.0,141.0,20.0,10.0
Travis - 0470,2696.0,957.0,1115.0,307.0,50.0,218.0,0.0,0.0
Travis - 0471,4627.0,2386.0,1644.0,410.0,0.0,72.0,0.0,20.0
Travis - 0472,5167.0,1870.0,2842.0,170.0,0.0,230.0,4.0,0.0
Travis - 0473,3222.0,1539.0,1078.0,384.0,0.0,124.0,0.0,1.0
Travis - 0474,2134.0,1294.0,587.0,23.0,0.0,192.0,0.0,0.0
Travis - 0475,1848.0,956.0,832.0,30.0,0.0,0.0,0.0,0.0
Travis - 0480,2470.0,1624.0,677.0,146.0,0.0,0.0,0.0,0.0
Travis - 0481,3822.0,1838.0,1377.0,520.0,33.0,40.0,0.0,0.0
Travis - 0482,3448.0,1560.0,1046.0,698.0,24.0,29.0,0.0,19.0
Travis - 0483,7380.0,5084.0,1363.0,442.0,0.0,457.0,0.0,0.0
Travis - 0490,4916.0,2961.0,1736.0,124.0,0.0,56.0,22.0,15.0
Upshur - 0001,1720.0,147.0,1450.0,66.0,0.0,1.0,0.0,3.0
Upshur - 0002,3348.0,130.0,3079.0,58.0,7.0,8.0,0.0,33.0
Upshur - 0003,1710.0,135.0,1451.0,8.0,0.0,48.0,0.0,16.0
Upshur - 0004,1392.0,106.0,1206.0,32.0,0.0,8.0,0.0,0.0
Upshur - 0005,700.0,30.0,570.0,66.0,0.0,0.0,0.0,2.0
Upshur - 0006,2134.0,127.0,1857.0,136.0,0.0,0.0,12.0,0.0
Upshur - 0007,3239.0,193.0,2479.0,387.0,15.0,0.0,5.0,52.0
Upshur - 0008,1084.0,71.0,902.0,101.0,0.0,7.0,0.0,7.0
Upshur - 0009,1898.0,96.0,1535.0,295.0,0.0,0.0,0.0,6.0
Upshur - 0010,2489.0,107.0,2214.0,102.0,0.0,0.0,0.0,0.0
Upshur - 0011,612.0,44.0,563.0,7.0,0.0,0.0,0.0,0.0
Upshur - 0012,888.0,56.0,800.0,18.0,0.0,0.0,0.0,0.0
Upshur - 0013,767.0,67.0,603.0,48.0,0.0,21.0,0.0,5.0
Upshur - 0014,841.0,85.0,694.0,27.0,0.0,7.0,0.0,5.0
Upshur - 0016,1923.0,115.0,1508.0,198.0,5.0,0.0,0.0,0.0
Upshur - 0017,2970.0,354.0,1929.0,597.0,8.0,0.0,0.0,17.0
Upshur - 0018,885.0,31.0,638.0,132.0,0.0,0.0,0.0,14.0
Upshur - 0020,84.0,0.0,71.0,8.0,0.0,0.0,0.0,0.0
Uvalde - 0001,1495.0,854.0,625.0,0.0,0.0,6.0,0.0,7.0
Uvalde - 0002,804.0,432.0,361.0,16.0,0.0,0.0,0.0,0.0
Uvalde - 0003,485.0,49.0,420.0,0.0,0.0,0.0,0.0,0.0
Uvalde - 0004,303.0,32.0,256.0,0.0,1.0,2.0,0.0,3.0
Uvalde - 0005,2488.0,1157.0,1268.0,7.0,0.0,18.0,0.0,0.0
Uvalde - 0006,125.0,20.0,107.0,0.0,0.0,3.0,0.0,0.0
Uvalde - 0007,472.0,223.0,226.0,0.0,0.0,9.0,0.0,0.0
Uvalde - 0008,1432.0,1044.0,324.0,0.0,3.0,15.0,0.0,0.0
Uvalde - 0009,1414.0,1268.0,62.0,0.0,0.0,81.0,0.0,0.0
Uvalde - 0010,1198.0,1003.0,138.0,36.0,0.0,0.0,0.0,6.0
Uvalde - 0011,692.0,349.0,328.0,0.0,3.0,0.0,0.0,5.0
Uvalde - 0012,2830.0,1897.0,852.0,20.0,6.0,59.0,0.0,0.0
Uvalde - 0013,3293.0,2864.0,377.0,0.0,0.0,6.0,0.0,11.0
Uvalde - 0014,52.0,11.0,38.0,0.0,0.0,1.0,0.0,0.0
Walker - 0101,2030.0,330.0,977.0,451.0,0.0,0.0,0.0,0.0
Walker - 0102,10832.0,1763.0,6256.0,2405.0,39.0,210.0,0.0,39.0
Walker - 0103,2364.0,213.0,1837.0,216.0,0.0,0.0,0.0,0.0
Walker - 0104,2499.0,314.0,1886.0,200.0,7.0,3.0,0.0,0.0
Walker - 0203,2426.0,227.0,1469.0,789.0,0.0,1.0,0.0,0.0
Walker - 0205,5555.0,622.0,3958.0,672.0,6.0,239.0,128.0,0.0
Walker - 0206,1196.0,171.0,753.0,95.0,3.0,34.0,0.0,0.0
Walker - 0301,7215.0,1962.0,2755.0,2203.0,19.0,16.0,0.0,4.0
Walker - 0302,1037.0,302.0,573.0,189.0,1.0,0.0,0.0,0.0
Walker - 0303,874.0,323.0,376.0,90.0,0.0,1.0,0.0,0.0
Walker - 0304,9498.0,1846.0,5056.0,2024.0,10.0,31.0,15.0,4.0
Walker - 0401,7352.0,1753.0,3953.0,1350.0,4.0,22.0,6.0,34.0
Walker - 0404,3795.0,321.0,2847.0,502.0,0.0,17.0,4.0,0.0
Walker - 0405,128.0,24.0,52.0,23.0,1.0,0.0,0.0,0.0
Waller - 0101,1731.0,540.0,723.0,441.0,0.0,0.0,0.0,0.0
Waller - 0102,3772.0,702.0,1159.0,1855.0,29.0,0.0,0.0,14.0
Waller - 0103,231.0,125.0,77.0,28.0,1.0,0.0,0.0,0.0
Waller - 0104,1056.0,423.0,384.0,160.0,0.0,0.0,0.0,0.0
Waller - 0105,1092.0,249.0,688.0,54.0,0.0,0.0,0.0,26.0
Waller - 0106,2374.0,612.0,1036.0,633.0,0.0,0.0,20.0,0.0
Waller - 0207,3788.0,408.0,3039.0,113.0,0.0,6.0,0.0,0.0
Waller - 0208,2770.0,524.0,1353.0,662.0,0.0,0.0,0.0,24.0
Waller - 0209,2988.0,327.0,2302.0,51.0,0.0,10.0,4.0,0.0
Waller - 0210,517.0,266.0,211.0,0.0,0.0,0.0,0.0,0.0
Waller - 0311,4679.0,212.0,161.0,4228.0,0.0,19.0,0.0,7.0
Waller - 0312,2650.0,499.0,185.0,2180.0,0.0,0.0,0.0,0.0
Waller - 0313,1476.0,378.0,1078.0,25.0,0.0,0.0,0.0,0.0
Waller - 0314,1686.0,708.0,617.0,138.0,0.0,45.0,0.0,25.0
Waller - 0315,252.0,106.0,117.0,6.0,0.0,0.0,0.0,10.0
Waller - 0416,463.0,72.0,376.0,75.0,0.0,0.0,0.0,0.0
Waller - 0417,0.0,0.0,0.0,0.0,0.0,0.0,0.0,0.0
Waller - 0418,3212.0,695.0,2192.0,162.0,0.0,198.0,0.0,44.0
Waller - 0419,3740.0,1721.0,825.0,1163.0,0.0,16.0,0.0,5.0
Waller - 0420,3336.0,729.0,2051.0,119.0,0.0,339.0,0.0,54.0
Wilson - 0101,4048.0,1939.0,1941.0,127.0,0.0,0.0,0.0,0.0
Wilson - 0102,3137.0,2360.0,819.0,14.0,0.0,0.0,0.0,0.0
Wilson - 0103,2165.0,1034.0,1115.0,14.0,0.0,0.0,0.0,0.0
Wilson - 0104,1773.0,616.0,1113.0,32.0,0.0,0.0,0.0,0.0
Wilson - 0205,3258.0,899.0,2355.0,0.0,10.0,0.0,0.0,0.0
Wilson - 0206,2976.0,1731.0,1163.0,63.0,0.0,21.0,0.0,0.0
Wilson - 0207,3505.0,1169.0,2091.0,131.0,0.0,2.0,0.0,4.0
Wilson - 0311,2744.0,420.0,2205.0,7.0,19.0,0.0,5.0,0.0
Wilson - 0312,3035.0,606.0,2287.0,5.0,39.0,14.0,0.0,0.0
Wilson - 0313,4002.0,1215.0,2586.0,75.0,6.0,0.0,0.0,0.0
Wilson - 0414,3295.0,1147.0,2021.0,99.0,0.0,0.0,0.0,5.0
Wilson - 0415,3329.0,918.0,2242.0,98.0,0.0,22.0,0.0,0.0
Wilson - 0416,2035.0,505.0,1367.0,84.0,0.0,14.0,0.0,0.0
Yoakum - 0101,1049.0,713.0,380.0,0.0,0.0,0.0,2.0,0.0
Yoakum - 0202,1210.0,704.0,433.0,15.0,0.0,1.0,2.0,0.0
Yoakum - 0303,490.0,160.0,196.0,0.0,0.0,14.0,0.0,27.0
Yoakum - 0305,401.0,265.0,113.0,0.0,0.0,0.0,0.0,0.0
Yoakum - 0404,401.0,91.0,253.0,0.0,0.0,12.0,0.0,14.0
Yoakum - 0406,566.0,317.0,270.0,0.0,0.0,0.0,0.0,0.0
Zapata - 0001,1675.0,1535.0,120.0,4.0,0.0,0.0,0.0,0.0
Zapata - 0002,1353.0,1209.0,122.0,6.0,0.0,7.0,0.0,0.0
Zapata - 0003,2264.0,1902.0,302.0,14.0,0.0,20.0,0.0,0.0
Zapata - 0004,1554.0,1532.0,24.0,4.0,0.0,0.0,0.0,0.0
Zapata - 001A,18.0,17.0,0.0,0.0,0.0,0.0,0.0,0.0
Zapata - 001B,11.0,12.0,0.0,0.0,0.0,0.0,0.0,0.0
Zapata - 002A,310.0,305.0,0.0,5.0,0.0,0.0,0.0,0.0
Zavala - 0001,531.0,519.0,29.0,0.0,0.0,0.0,0.0,0.0
Zavala - 0002,1257.0,1117.0,125.0,7.0,0.0,11.0,0.0,0.0
Zavala - 0003,1828.0,1774.0,35.0,0.0,0.0,0.0,0.0,0.0
Zavala - 0004,921.0,773.0,73.0,40.0,0.0,38.0,0.0,0.0
Zavala - 001A,1234.0,1162.0,68.0,0.0,0.0,0.0,0.0,0.0
Zavala - 004A,545.0,464.0,81.0,0.0,0.0,0.0,0.0,0.0
Andrews - 0001,2656.0,1641.0,963.0,22.0,15.0,0.0,0.0,0.0
Andrews - 0002,3223.0,1072.0,2029.0,0.0,12.0,32.0,0.0,0.0
Andrews - 0003,2381.0,1151.0,1126.0,58.0,13.0,0.0,0.0,0.0
Andrews - 0004,3302.0,1785.0,1249.0,201.0,24.0,0.0,4.0,0.0
Aransas - 0001,2526.0,335.0,2187.0,12.0,0.0,22.0,0.0,0.0
Aransas - 0002,4402.0,1975.0,2051.0,17.0,23.0,0.0,0.0,11.0
Aransas - 0003,5428.0,1053.0,3860.0,253.0,21.0,103.0,0.0,0.0
Aransas - 0004,3907.0,325.0,3389.0,50.0,32.0,30.0,0.0,0.0
Aransas - 001A,2839.0,755.0,1966.0,0.0,11.0,91.0,0.0,13.0
Aransas - 004A,1380.0,203.0,1106.0,0.0,42.0,0.0,0.0,0.0
Bailey - 0004A,782.0,634.0,120.0,17.0,0.0,0.0,1.0,0.0
Bailey - 0004B,84.0,0.0,83.0,0.0,0.0,8.0,0.0,0.0
Bandera - 0101,1826.0,366.0,1387.0,2.0,0.0,19.0,0.0,1.0
Bandera - 0102,2856.0,502.0,2300.0,0.0,0.0,12.0,0.0,5.0
Bandera - 0203,2781.0,345.0,2349.0,0.0,0.0,11.0,0.0,0.0
Bandera - 0204,1953.0,371.0,1463.0,40.0,22.0,31.0,0.0,0.0
Bandera - 0305,2476.0,548.0,1916.0,38.0,0.0,3.0,0.0,0.0
Bandera - 0306,1523.0,123.0,1265.0,135.0,0.0,0.0,0.0,0.0
Bandera - 0407,2415.0,483.0,1831.0,2.0,0.0,4.0,0.0,0.0
Bandera - 0408,223.0,9.0,208.0,0.0,0.0,0.0,0.0,0.0
Bandera - 0409,1272.0,253.0,884.0,24.0,58.0,17.0,0.0,0.0
Bandera - 0410,400.0,30.0,358.0,0.0,0.0,0.0,0.0,0.0
Bastrop - 1001,378.0,81.0,280.0,5.0,0.0,0.0,0.0,0.0
Bastrop - 1002,685.0,188.0,492.0,10.0,0.0,1.0,0.0,0.0
Bastrop - 1003,2949.0,960.0,1819.0,17.0,0.0,22.0,0.0,3.0
Bastrop - 1004,2690.0,860.0,1359.0,312.0,0.0,122.0,0.0,12.0
Bastrop - 1005,1379.0,197.0,1117.0,13.0,0.0,32.0,0.0,11.0
Bastrop - 1006,5074.0,2164.0,2270.0,466.0,0.0,22.0,0.0,0.0
Bastrop - 1007,1883.0,202.0,1724.0,23.0,10.0,0.0,0.0,2.0
Bastrop - 1008,2038.0,721.0,969.0,15.0,9.0,163.0,0.0,0.0
Bastrop - 1009,2438.0,774.0,1556.0,14.0,0.0,0.0,0.0,0.0
Bastrop - 2010,1006.0,399.0,537.0,69.0,0.0,3.0,0.0,4.0
Bastrop - 2011,2896.0,928.0,1593.0,269.0,12.0,62.0,0.0,0.0
Bastrop - 2012,1658.0,405.0,1126.0,58.0,0.0,7.0,0.0,1.0
Bastrop - 2013,3703.0,641.0,2971.0,42.0,24.0,27.0,0.0,25.0
Bastrop - 2014,3125.0,460.0,2440.0,74.0,16.0,9.0,0.0,14.0
Bastrop - 2015,3380.0,264.0,2529.0,434.0,0.0,12.0,0.0,3.0
Bastrop - 2016,2722.0,323.0,2302.0,81.0,0.0,0.0,0.0,9.0
Bastrop - 3017,3513.0,1184.0,2150.0,135.0,0.0,0.0,0.0,3.0
Bastrop - 3018,1980.0,248.0,1652.0,84.0,0.0,0.0,0.0,0.0
Bastrop - 3019,4368.0,2236.0,1771.0,259.0,0.0,0.0,0.0,0.0
Bastrop - 3020,4827.0,3365.0,1245.0,172.0,0.0,0.0,0.0,0.0
Bastrop - 4021,3571.0,883.0,2337.0,248.0,0.0,20.0,0.0,0.0
Bastrop - 4022,2324.0,555.0,1455.0,256.0,0.0,0.0,0.0,0.0
Bastrop - 4023,2351.0,491.0,1420.0,333.0,0.0,60.0,0.0,5.0
Bastrop - 4024,2047.0,848.0,1043.0,100.0,1.0,35.0,0.0,0.0
Bastrop - 4025,3626.0,1437.0,1241.0,831.0,4.0,24.0,0.0,0.0
Bastrop - 4026,2738.0,845.0,1256.0,587.0,0.0,15.0,0.0,47.0
Brazos - 0089A,12.0,1.0,10.0,0.0,0.0,0.0,0.0,0.0
Brazos - 0089B,0.0,0.0,0.0,0.0,0.0,0.0,0.0,0.0
Brazos - 0091A,12.0,2.0,7.0,1.0,0.0,0.0,0.0,0.0
Brazos - 0091B,11.0,1.0,8.0,0.0,0.0,0.0,0.0,0.0
Briscoe - 0001,158.0,42.0,98.0,15.0,0.0,0.0,0.0,0.0
Briscoe - 0002,275.0,60.0,187.0,30.0,0.0,0.0,0.0,0.0
Briscoe - 0003,221.0,35.0,177.0,6.0,0.0,0.0,0.0,0.0
Briscoe - 0004,247.0,20.0,235.0,1.0,0.0,0.0,0.0,0.0
Briscoe - 0006,74.0,13.0,56.0,0.0,0.0,0.0,0.0,0.0
Calhoun - 0001,2319.0,1917.0,229.0,37.0,0.0,1.0,0.0,0.0
Calhoun - 0002,663.0,343.0,271.0,0.0,0.0,21.0,0.0,0.0
Calhoun - 0003,535.0,130.0,288.0,0.0,48.0,8.0,0.0,0.0
Calhoun - 0004,1922.0,1137.0,610.0,138.0,0.0,52.0,0.0,0.0
Calhoun - 0005,1639.0,512.0,1013.0,42.0,3.0,72.0,0.0,0.0
Calhoun - 0006,348.0,190.0,152.0,15.0,0.0,0.0,0.0,0.0
Calhoun - 0007,2553.0,988.0,1156.0,230.0,3.0,206.0,0.0,0.0
Calhoun - 0008,619.0,22.0,541.0,0.0,0.0,0.0,0.0,0.0
Calhoun - 0009,1130.0,652.0,480.0,0.0,0.0,10.0,0.0,0.0
Calhoun - 0010,1885.0,378.0,1424.0,0.0,0.0,28.0,0.0,0.0
Calhoun - 0011,802.0,82.0,722.0,0.0,0.0,0.0,0.0,0.0
Cameron - 0001,1200.0,770.0,425.0,0.0,0.0,0.0,0.0,0.0
Cameron - 0002,652.0,265.0,373.0,0.0,13.0,0.0,0.0,0.0
Cameron - 0003,5248.0,4310.0,828.0,0.0,0.0,50.0,2.0,4.0
Cameron - 0004,2242.0,1653.0,527.0,0.0,12.0,37.0,0.0,0.0
Cameron - 0005,2660.0,1928.0,687.0,0.0,0.0,55.0,0.0,0.0
Cameron - 0006,1389.0,1248.0,92.0,17.0,0.0,6.0,0.0,0.0
Cameron - 0007,2525.0,2363.0,139.0,11.0,0.0,0.0,0.0,0.0
Cameron - 0008,592.0,588.0,5.0,0.0,0.0,0.0,0.0,0.0
Cameron - 0009,3796.0,3369.0,252.0,113.0,0.0,0.0,0.0,0.0
Cameron - 0010,2699.0,2656.0,0.0,0.0,1.0,53.0,0.0,0.0
Cameron - 0011,2188.0,2030.0,124.0,3.0,0.0,5.0,0.0,4.0
Cameron - 0012,2620.0,2313.0,313.0,3.0,0.0,0.0,0.0,0.0
Cameron - 0013,1122.0,1080.0,35.0,0.0,0.0,0.0,0.0,0.0
Cameron - 0014,3606.0,3319.0,101.0,0.0,0.0,181.0,0.0,0.0
Cameron - 0015,1817.0,1653.0,139.0,0.0,0.0,26.0,0.0,0.0
Cameron - 0016,454.0,230.0,250.0,0.0,7.0,0.0,0.0,0.0
Cameron - 0017,6685.0,6539.0,145.0,0.0,0.0,0.0,0.0,0.0
Cameron - 0018,2480.0,2258.0,204.0,0.0,0.0,0.0,0.0,0.0
Cameron - 0019,2635.0,2585.0,48.0,0.0,8.0,0.0,0.0,0.0
Cameron - 0020,1483.0,1293.0,176.0,0.0,0.0,12.0,0.0,0.0
Cameron - 0021,1305.0,1204.0,95.0,0.0,0.0,0.0,0.0,0.0
Cameron - 0022,2856.0,2651.0,182.0,33.0,7.0,4.0,0.0,0.0
Cameron - 0023,393.0,337.0,48.0,0.0,0.0,0.0,0.0,0.0
Cameron - 0024,1222.0,1169.0,55.0,0.0,0.0,0.0,0.0,0.0
Cameron - 0025,976.0,846.0,128.0,0.0,0.0,7.0,0.0,0.0
Cameron - 0026,2338.0,1927.0,424.0,0.0,0.0,0.0,0.0,0.0
Cameron - 0027,3016.0,2830.0,138.0,0.0,0.0,8.0,0.0,0.0
Cameron - 0028,2755.0,2367.0,327.0,23.0,7.0,11.0,0.0,0.0
Cameron - 0029,2371.0,1692.0,645.0,4.0,0.0,0.0,0.0,0.0
Cameron - 0030,1499.0,1153.0,332.0,0.0,0.0,0.0,0.0,0.0
Cameron - 0031,242.0,200.0,37.0,0.0,0.0,0.0,0.0,0.0
Cameron - 0032,3500.0,2706.0,525.0,229.0,19.0,0.0,0.0,0.0
Cameron - 0033,1096.0,958.0,112.0,1.0,0.0,0.0,0.0,0.0
Cameron - 0034,2058.0,1325.0,698.0,7.0,0.0,5.0,1.0,0.0
Cameron - 0035,1378.0,998.0,310.0,56.0,40.0,0.0,27.0,0.0
Cameron - 0036,2300.0,1854.0,432.0,0.0,0.0,12.0,0.0,0.0
Cameron - 0037,2921.0,2888.0,24.0,0.0,0.0,0.0,0.0,0.0
Cameron - 0038,654.0,476.0,178.0,0.0,0.0,0.0,0.0,0.0
Cameron - 0039,1457.0,1395.0,65.0,0.0,0.0,0.0,0.0,0.0
Cameron - 0040,3094.0,2564.0,509.0,0.0,0.0,21.0,0.0,0.0
Cameron - 0041,5053.0,4500.0,260.0,261.0,35.0,0.0,0.0,0.0
Cameron - 0042,1606.0,1352.0,172.0,9.0,0.0,0.0,54.0,0.0
Cameron - 0043,1853.0,1705.0,130.0,9.0,0.0,0.0,0.0,0.0
Cameron - 0044,3879.0,2449.0,1089.0,206.0,17.0,58.0,4.0,0.0
Cameron - 0045,2180.0,2175.0,0.0,0.0,0.0,8.0,0.0,0.0
Cameron - 0046,4013.0,3610.0,400.0,0.0,0.0,0.0,0.0,0.0
Cameron - 0047,2667.0,2160.0,463.0,14.0,6.0,0.0,0.0,0.0
Cameron - 0048,3553.0,3167.0,287.0,0.0,43.0,39.0,0.0,0.0
Cameron - 0049,3151.0,2958.0,197.0,13.0,1.0,0.0,4.0,0.0
Cameron - 0050,1681.0,1279.0,338.0,0.0,1.0,0.0,0.0,0.0
Cameron - 0051,1255.0,1186.0,71.0,0.0,0.0,3.0,0.0,0.0
Cameron - 0052,2681.0,274.0,2162.0,37.0,0.0,116.0,0.0,25.0
Cameron - 0053,4251.0,4186.0,56.0,0.0,0.0,0.0,5.0,0.0
Cameron - 0054,4815.0,4449.0,311.0,4.0,0.0,47.0,0.0,0.0
Cameron - 0055,3534.0,3024.0,475.0,0.0,10.0,13.0,0.0,6.0
Cameron - 0056,2538.0,1831.0,538.0,17.0,0.0,118.0,0.0,0.0
Cameron - 0057,370.0,335.0,30.0,0.0,0.0,0.0,0.0,0.0
Cameron - 0058,3114.0,2681.0,408.0,12.0,11.0,7.0,0.0,0.0
Cameron - 0059,603.0,30.0,601.0,9.0,0.0,17.0,0.0,2.0
Cameron - 0060,1461.0,1332.0,121.0,0.0,0.0,0.0,0.0,0.0
Cameron - 0061,2231.0,2041.0,152.0,0.0,4.0,30.0,0.0,0.0
Cameron - 0062,2723.0,2597.0,66.0,0.0,0.0,58.0,0.0,0.0
Cameron - 0063,1471.0,1273.0,197.0,0.0,0.0,0.0,0.0,0.0
Cameron - 0064,550.0,457.0,96.0,0.0,0.0,0.0,0.0,0.0
Cameron - 0065,2976.0,2582.0,412.0,4.0,0.0,0.0,0.0,4.0
Cameron - 0066,2998.0,2554.0,497.0,1.0,0.0,57.0,6.0,0.0
Cameron - 0067,3097.0,973.0,1960.0,0.0,0.0,30.0,1.0,34.0
Cameron - 0068,2915.0,2853.0,63.0,0.0,0.0,0.0,0.0,0.0
Cameron - 0069,3654.0,3455.0,187.0,13.0,13.0,0.0,0.0,0.0
Cameron - 0070,868.0,814.0,30.0,0.0,4.0,0.0,4.0,0.0
Cameron - 0071,3752.0,3531.0,192.0,0.0,0.0,6.0,0.0,0.0
Cameron - 0072,3769.0,3381.0,218.0,0.0,0.0,75.0,0.0,0.0
Cameron - 0073,4025.0,3268.0,495.0,73.0,9.0,132.0,0.0,15.0
Cameron - 0074,5132.0,4993.0,135.0,0.0,0.0,0.0,0.0,4.0
Cameron - 0075,3190.0,3170.0,19.0,0.0,0.0,0.0,0.0,0.0
Cameron - 0076,3928.0,3502.0,421.0,0.0,0.0,0.0,0.0,0.0
Cameron - 0077,3333.0,3209.0,125.0,0.0,3.0,0.0,0.0,0.0
Cameron - 0078,3625.0,3030.0,464.0,50.0,0.0,50.0,0.0,0.0
Cameron - 0079,4666.0,3624.0,987.0,8.0,0.0,33.0,0.0,0.0
Cameron - 0080,4358.0,2496.0,1608.0,77.0,0.0,183.0,0.0,0.0
Cameron - 0081,2503.0,2167.0,309.0,3.0,1.0,3.0,0.0,0.0
Cameron - 0082,3074.0,2899.0,149.0,0.0,10.0,6.0,0.0,0.0
Cameron - 0083,1734.0,1142.0,558.0,0.0,0.0,0.0,4.0,0.0
Cameron - 0084,1905.0,1403.0,434.0,19.0,0.0,38.0,0.0,0.0
Cameron - 0085,2716.0,2064.0,500.0,0.0,0.0,0.0,0.0,0.0
Cameron - 0086,3135.0,2967.0,67.0,61.0,0.0,45.0,0.0,0.0
Cameron - 0087,2753.0,2014.0,693.0,0.0,0.0,42.0,10.0,0.0
Cameron - 0088,3792.0,3663.0,108.0,32.0,0.0,0.0,0.0,0.0
Cameron - 0089,1343.0,1166.0,185.0,0.0,12.0,0.0,0.0,0.0
Cameron - 0090,709.0,625.0,58.0,0.0,2.0,0.0,0.0,0.0
Cameron - 0091,890.0,864.0,4.0,135.0,2.0,0.0,0.0,0.0
Cameron - 0092,255.0,218.0,39.0,0.0,0.0,0.0,0.0,0.0
Cameron - 0093,521.0,446.0,70.0,0.0,0.0,0.0,0.0,0.0
Cameron - 0094,1432.0,1368.0,57.0,0.0,0.0,0.0,2.0,0.0
Cameron - 0095,472.0,471.0,0.0,0.0,0.0,0.0,0.0,0.0
Cameron - 0096,4046.0,3318.0,702.0,17.0,2.0,2.0,0.0,0.0
Cameron - 0097,370.0,326.0,45.0,0.0,0.0,0.0,0.0,0.0
Cameron - 0098,6325.0,5840.0,244.0,0.0,0.0,90.0,20.0,0.0
Cameron - 0099,425.0,358.0,54.0,0.0,0.0,0.0,0.0,0.0
Cameron - 0100,4398.0,3991.0,280.0,12.0,0.0,103.0,0.0,0.0
Cameron - 0101,1699.0,1573.0,120.0,0.0,0.0,5.0,0.0,0.0
Cochran - 0101,349.0,168.0,156.0,18.0,0.0,0.0,0.0,0.0
Cochran - 0202,403.0,171.0,203.0,33.0,0.0,0.0,0.0,0.0
Cochran - 0303,68.0,28.0,38.0,0.0,0.0,0.0,0.0,0.0
Cochran - 0306,242.0,102.0,145.0,2.0,0.0,0.0,0.0,0.0
Cochran - 0404,427.0,300.0,103.0,16.0,0.0,0.0,0.0,0.0
Coleman - 0001,1511.0,300.0,1129.0,48.0,0.0,7.0,0.0,0.0
Coleman - 0002,1210.0,94.0,985.0,100.0,0.0,14.0,0.0,0.0
Coleman - 0003,1540.0,145.0,1294.0,49.0,0.0,2.0,0.0,0.0
Coleman - 0004,1259.0,45.0,1230.0,0.0,0.0,5.0,0.0,6.0
Coleman - 002E,388.0,24.0,327.0,7.0,0.0,0.0,0.0,0.0
Coryell - 0101,7163.0,1268.0,3643.0,1376.0,21.0,47.0,129.0,69.0
Coryell - 0102,1560.0,107.0,1372.0,2.0,14.0,13.0,4.0,7.0
Coryell - 0103,421.0,54.0,344.0,0.0,3.0,6.0,0.0,0.0
Coryell - 0104,4938.0,818.0,3339.0,366.0,17.0,70.0,64.0,0.0
Coryell - 0205,4133.0,584.0,2960.0,265.0,2.0,105.0,1.0,22.0
Coryell - 0206,3955.0,711.0,1933.0,783.0,5.0,180.0,36.0,132.0
Coryell - 0207,6079.0,1436.0,3421.0,639.0,7.0,181.0,67.0,64.0
Coryell - 0308,4354.0,446.0,3536.0,59.0,0.0,20.0,0.0,3.0
Coryell - 0309,842.0,100.0,511.0,19.0,24.0,6.0,0.0,35.0
Coryell - 0310,820.0,84.0,668.0,10.0,4.0,41.0,0.0,0.0
Coryell - 0311,6964.0,1417.0,3393.0,1521.0,11.0,182.0,123.0,36.0
Coryell - 0412,4154.0,631.0,2730.0,471.0,0.0,66.0,10.0,0.0
Coryell - 0413,11420.0,2698.0,5613.0,2312.0,93.0,116.0,14.0,104.0
Coryell - 0414,368.0,20.0,348.0,0.0,0.0,0.0,0.0,0.0
Coryell - 0415,210.0,14.0,183.0,0.0,0.0,0.0,0.0,5.0
Coryell - 0416,5843.0,1055.0,3191.0,983.0,13.0,117.0,50.0,90.0
Denton - 4162A,709.0,137.0,514.0,45.0,0.0,6.0,0.0,0.0
Denton - 4162B,125.0,21.0,93.0,12.0,0.0,0.0,0.0,0.0
Denton - 4205A,3344.0,361.0,2719.0,62.0,0.0,148.0,0.0,26.0
Denton - 4205B,302.0,24.0,146.0,14.0,0.0,62.0,0.0,0.0
Denton - 4220A,5021.0,1020.0,3531.0,240.0,20.0,188.0,0.0,1.0
Denton - 4220B,46.0,4.0,40.0,0.0,0.0,0.0,0.0,0.0
Denton - 4220C,11.0,1.0,0.0,0.0,0.0,0.0,0.0,8.0
Denton - 9202A,0.0,0.0,0.0,0.0,0.0,0.0,0.0,0.0
Denton - 9202B,0.0,0.0,0.0,0.0,0.0,0.0,0.0,0.0
Dickens - 0001,95.0,20.0,70.0,0.0,0.0,0.0,0.0,0.0
Dickens - 0002,118.0,14.0,99.0,3.0,0.0,0.0,2.0,0.0
Dickens - 0003,329.0,99.0,206.0,4.0,0.0,13.0,0.0,0.0
Dickens - 0004,320.0,153.0,170.0,8.0,0.0,12.0,0.0,0.0
Dickens - 0005,199.0,38.0,154.0,3.0,0.0,0.0,3.0,0.0
Dickens - 0006,254.0,53.0,187.0,1.0,0.0,2.0,1.0,0.0
Edwards - 0001,220.0,110.0,80.0,0.0,0.0,0.0,0.0,0.0
Edwards - 0002,230.0,37.0,192.0,26.0,0.0,0.0,0.0,0.0
Edwards - 0003,218.0,49.0,184.0,0.0,0.0,0.0,0.0,0.0
Edwards - 0004,220.0,98.0,99.0,0.0,0.0,0.0,0.0,0.0
El Paso - 0001,2528.0,2226.0,254.0,11.0,0.0,2.0,0.0,0.0
El Paso - 0002,4120.0,3536.0,406.0,89.0,38.0,30.0,0.0,0.0
El Paso - 0003,2871.0,2544.0,295.0,11.0,0.0,7.0,0.0,0.0
El Paso - 0004,1810.0,1489.0,281.0,0.0,0.0,9.0,0.0,12.0
El Paso - 0005,4243.0,3667.0,541.0,16.0,0.0,1.0,0.0,0.0
El Paso - 0006,2174.0,1076.0,1080.0,10.0,0.0,0.0,0.0,0.0
El Paso - 0007,2500.0,1550.0,927.0,17.0,0.0,0.0,0.0,0.0
El Paso - 0008,2025.0,999.0,979.0,0.0,4.0,17.0,0.0,0.0
El Paso - 0009,2812.0,1772.0,951.0,0.0,0.0,51.0,0.0,0.0
El Paso - 0010,5252.0,4647.0,534.0,7.0,0.0,60.0,0.0,0.0
El Paso - 0011,3875.0,3024.0,606.0,17.0,12.0,128.0,0.0,8.0
El Paso - 0012,2810.0,1831.0,817.0,93.0,0.0,66.0,0.0,0.0
El Paso - 0013,3242.0,2274.0,675.0,19.0,29.0,237.0,0.0,0.0
El Paso - 0014,3689.0,2673.0,625.0,211.0,0.0,124.0,0.0,0.0
El Paso - 0015,2101.0,1329.0,545.0,70.0,0.0,138.0,4.0,13.0
El Paso - 0016,4016.0,3256.0,628.0,30.0,0.0,22.0,0.0,0.0
El Paso - 0017,1574.0,1132.0,366.0,2.0,0.0,54.0,0.0,0.0
El Paso - 0018,2627.0,1390.0,1091.0,76.0,0.0,52.0,0.0,4.0
El Paso - 0019,5118.0,3874.0,1022.0,118.0,9.0,61.0,0.0,0.0
El Paso - 0020,1180.0,732.0,385.0,22.0,0.0,19.0,0.0,0.0
El Paso - 0021,2463.0,1531.0,766.0,18.0,0.0,116.0,3.0,0.0
El Paso - 0022,3061.0,2083.0,893.0,0.0,0.0,53.0,0.0,29.0
El Paso - 0023,1326.0,793.0,413.0,25.0,0.0,11.0,4.0,14.0
El Paso - 0024,3239.0,2173.0,805.0,124.0,0.0,91.0,1.0,4.0
El Paso - 0025,4693.0,3427.0,882.0,229.0,34.0,86.0,0.0,0.0
El Paso - 0026,1419.0,781.0,550.0,54.0,4.0,0.0,0.0,0.0
El Paso - 0027,2301.0,1584.0,412.0,275.0,0.0,0.0,0.0,0.0
El Paso - 0028,455.0,402.0,6.0,43.0,0.0,0.0,0.0,4.0
El Paso - 0029,2732.0,2073.0,530.0,85.0,16.0,9.0,0.0,0.0
El Paso - 0030,223.0,220.0,0.0,8.0,0.0,0.0,0.0,0.0
El Paso - 0031,2829.0,1949.0,614.0,96.0,9.0,187.0,0.0,0.0
El Paso - 0032,1945.0,1422.0,474.0,0.0,0.0,47.0,0.0,0.0
El Paso - 0033,1687.0,843.0,808.0,0.0,0.0,38.0,0.0,0.0
El Paso - 0034,1357.0,1084.0,198.0,30.0,19.0,16.0,0.0,0.0
El Paso - 0035,2413.0,1353.0,890.0,87.0,0.0,68.0,3.0,0.0
El Paso - 0036,2963.0,2377.0,418.0,124.0,0.0,8.0,0.0,28.0
El Paso - 0037,2981.0,2668.0,117.0,101.0,14.0,0.0,4.0,0.0
El Paso - 0038,2528.0,1891.0,546.0,28.0,8.0,0.0,4.0,8.0
El Paso - 0039,1001.0,805.0,88.0,74.0,0.0,0.0,0.0,0.0
El Paso - 0040,1085.0,951.0,109.0,14.0,1.0,2.0,3.0,0.0
El Paso - 0041,840.0,754.0,81.0,2.0,2.0,0.0,0.0,0.0
El Paso - 0042,2142.0,2034.0,119.0,14.0,0.0,0.0,0.0,0.0
El Paso - 0043,2188.0,1014.0,804.0,227.0,0.0,54.0,0.0,22.0
El Paso - 0044,3871.0,2551.0,694.0,308.0,0.0,190.0,8.0,93.0
El Paso - 0045,4309.0,2568.0,815.0,462.0,0.0,174.0,0.0,90.0
El Paso - 0046,1673.0,1293.0,201.0,74.0,37.0,0.0,0.0,15.0
El Paso - 0047,2427.0,1250.0,894.0,196.0,0.0,50.0,0.0,8.0
El Paso - 0048,1713.0,1245.0,300.0,117.0,13.0,3.0,0.0,49.0
El Paso - 0049,2157.0,1293.0,578.0,212.0,0.0,61.0,0.0,15.0
El Paso - 0050,2930.0,2171.0,521.0,160.0,0.0,38.0,0.0,15.0
El Paso - 0051,3124.0,1472.0,1030.0,376.0,0.0,151.0,0.0,0.0
El Paso - 0052,3111.0,2484.0,388.0,110.0,0.0,10.0,0.0,5.0
El Paso - 0053,3451.0,2403.0,501.0,336.0,0.0,85.0,0.0,18.0
El Paso - 0054,4452.0,3330.0,706.0,230.0,0.0,40.0,0.0,32.0
El Paso - 0055,3049.0,2008.0,611.0,335.0,11.0,42.0,0.0,0.0
El Paso - 0056,2268.0,1432.0,553.0,150.0,41.0,52.0,0.0,0.0
El Paso - 0057,2649.0,1946.0,515.0,65.0,0.0,48.0,0.0,0.0
El Paso - 0058,2421.0,1319.0,474.0,344.0,0.0,27.0,81.0,85.0
El Paso - 0059,3368.0,3002.0,206.0,127.0,22.0,0.0,0.0,0.0
El Paso - 0060,2583.0,1354.0,791.0,187.0,0.0,91.0,0.0,0.0
El Paso - 0061,1801.0,1422.0,223.0,67.0,0.0,27.0,0.0,0.0
El Paso - 0062,3135.0,2562.0,229.0,300.0,0.0,0.0,0.0,35.0
El Paso - 0063,4060.0,3172.0,553.0,297.0,0.0,0.0,29.0,4.0
El Paso - 0064,3167.0,2672.0,265.0,148.0,0.0,76.0,4.0,0.0
El Paso - 0065,3407.0,776.0,1821.0,518.0,15.0,57.0,30.0,20.0
El Paso - 0066,2480.0,2081.0,324.0,75.0,0.0,0.0,0.0,0.0
El Paso - 0067,2450.0,1914.0,350.0,175.0,4.0,0.0,0.0,0.0
El Paso - 0068,1600.0,1002.0,323.0,215.0,0.0,19.0,0.0,0.0
El Paso - 0069,5195.0,5018.0,115.0,61.0,16.0,0.0,0.0,4.0
El Paso - 0070,2503.0,2335.0,145.0,13.0,0.0,5.0,4.0,4.0
El Paso - 0071,1812.0,1584.0,243.0,13.0,0.0,0.0,0.0,0.0
El Paso - 0072,1320.0,1171.0,117.0,3.0,0.0,0.0,0.0,0.0
El Paso - 0073,1118.0,1012.0,104.0,0.0,0.0,0.0,0.0,0.0
El Paso - 0074,2125.0,1995.0,93.0,18.0,4.0,0.0,0.0,0.0
El Paso - 0075,1002.0,813.0,170.0,7.0,0.0,6.0,0.0,0.0
El Paso - 0076,1685.0,1554.0,135.0,0.0,0.0,0.0,0.0,0.0
El Paso - 0077,2720.0,2459.0,256.0,44.0,0.0,0.0,0.0,0.0
El Paso - 0078,1083.0,989.0,87.0,0.0,0.0,0.0,0.0,0.0
El Paso - 0079,692.0,578.0,82.0,18.0,0.0,5.0,0.0,0.0
El Paso - 0080,1925.0,1784.0,39.0,10.0,0.0,0.0,0.0,76.0
El Paso - 0081,479.0,470.0,8.0,0.0,0.0,0.0,0.0,0.0
El Paso - 0082,2301.0,2254.0,19.0,0.0,0.0,0.0,9.0,0.0
El Paso - 0083,1668.0,1562.0,26.0,0.0,0.0,0.0,83.0,0.0
El Paso - 0084,2182.0,1953.0,70.0,0.0,127.0,0.0,0.0,0.0
El Paso - 0085,1981.0,1874.0,43.0,0.0,6.0,5.0,50.0,0.0
El Paso - 0086,1177.0,281.0,537.0,213.0,20.0,57.0,26.0,6.0
El Paso - 0087,660.0,233.0,198.0,120.0,0.0,0.0,0.0,6.0
El Paso - 0088,4830.0,1104.0,2266.0,930.0,43.0,135.0,23.0,56.0
El Paso - 0089,3604.0,3154.0,424.0,17.0,0.0,0.0,0.0,0.0
El Paso - 0090,2054.0,1699.0,334.0,6.0,15.0,0.0,0.0,2.0
El Paso - 0091,744.0,608.0,81.0,26.0,0.0,0.0,0.0,2.0
El Paso - 0092,3527.0,2552.0,687.0,200.0,63.0,0.0,0.0,0.0
El Paso - 0093,1223.0,1096.0,103.0,8.0,0.0,20.0,0.0,0.0
El Paso - 0094,2825.0,2185.0,554.0,83.0,0.0,0.0,4.0,0.0
El Paso - 0095,3247.0,2442.0,713.0,14.0,22.0,37.0,8.0,0.0
El Paso - 0096,3339.0,2417.0,755.0,54.0,0.0,71.0,0.0,0.0
El Paso - 0097,2466.0,1831.0,412.0,76.0,0.0,151.0,0.0,0.0
El Paso - 0098,1648.0,1201.0,272.0,24.0,0.0,0.0,0.0,5.0
El Paso - 0099,2040.0,1540.0,484.0,0.0,0.0,0.0,0.0,0.0
El Paso - 0100,3315.0,2760.0,404.0,101.0,45.0,5.0,0.0,0.0
El Paso - 0101,2546.0,2060.0,375.0,83.0,0.0,0.0,0.0,0.0
El Paso - 0102,2619.0,2279.0,267.0,0.0,0.0,69.0,0.0,0.0
El Paso - 0103,2167.0,1724.0,350.0,64.0,0.0,2.0,0.0,0.0
El Paso - 0104,4544.0,3369.0,820.0,172.0,0.0,66.0,0.0,0.0
El Paso - 0105,2877.0,2497.0,306.0,45.0,7.0,18.0,0.0,0.0
El Paso - 0106,3131.0,2848.0,254.0,17.0,0.0,2.0,0.0,0.0
El Paso - 0107,2246.0,1593.0,279.0,356.0,18.0,0.0,0.0,0.0
El Paso - 0108,1887.0,1532.0,335.0,25.0,0.0,0.0,0.0,0.0
El Paso - 0109,2561.0,1648.0,390.0,513.0,0.0,0.0,0.0,0.0
El Paso - 0110,3839.0,3292.0,441.0,69.0,0.0,0.0,0.0,0.0
El Paso - 0111,1740.0,1655.0,52.0,5.0,42.0,5.0,0.0,0.0
El Paso - 0112,6576.0,5424.0,881.0,142.0,49.0,61.0,0.0,0.0
El Paso - 0113,2848.0,2335.0,412.0,101.0,0.0,0.0,0.0,0.0
El Paso - 0114,4676.0,4283.0,293.0,12.0,0.0,88.0,0.0,0.0
El Paso - 0115,3861.0,3346.0,393.0,41.0,0.0,86.0,0.0,0.0
El Paso - 0116,4261.0,3817.0,349.0,24.0,0.0,60.0,0.0,0.0
El Paso - 0117,2800.0,2274.0,360.0,58.0,13.0,32.0,0.0,0.0
El Paso - 0118,2717.0,2022.0,574.0,87.0,18.0,11.0,0.0,0.0
El Paso - 0119,3010.0,2647.0,240.0,92.0,0.0,22.0,0.0,0.0
El Paso - 0120,3311.0,2564.0,367.0,238.0,0.0,0.0,0.0,0.0
El Paso - 0121,1973.0,1633.0,287.0,4.0,0.0,30.0,0.0,0.0
El Paso - 0122,3264.0,2968.0,233.0,22.0,5.0,0.0,38.0,0.0
El Paso - 0123,3586.0,3215.0,268.0,67.0,0.0,29.0,0.0,0.0
El Paso - 0124,3948.0,3683.0,229.0,0.0,5.0,31.0,0.0,0.0
El Paso - 0125,5822.0,5447.0,284.0,40.0,19.0,17.0,0.0,0.0
El Paso - 0126,5122.0,3967.0,324.0,4.0,0.0,436.0,0.0,0.0
El Paso - 0127,545.0,357.0,159.0,28.0,0.0,8.0,0.0,0.0
El Paso - 0128,4545.0,3330.0,531.0,380.0,38.0,33.0,163.0,10.0
El Paso - 0129,5594.0,4337.0,654.0,485.0,0.0,23.0,0.0,58.0
El Paso - 0130,4845.0,4224.0,448.0,124.0,0.0,0.0,0.0,0.0
El Paso - 0131,4715.0,3828.0,374.0,477.0,0.0,22.0,0.0,0.0
El Paso - 0132,904.0,780.0,0.0,52.0,0.0,50.0,0.0,0.0
El Paso - 0133,2737.0,2601.0,10.0,112.0,0.0,3.0,0.0,0.0
El Paso - 0134,1382.0,1262.0,122.0,0.0,0.0,14.0,0.0,0.0
El Paso - 0135,2883.0,2619.0,231.0,29.0,0.0,0.0,0.0,0.0
El Paso - 0136,1956.0,1800.0,69.0,78.0,23.0,0.0,0.0,0.0
El Paso - 0137,1817.0,1595.0,71.0,25.0,0.0,109.0,0.0,0.0
El Paso - 0138,2514.0,2306.0,170.0,11.0,25.0,0.0,0.0,0.0
El Paso - 0139,1917.0,1764.0,20.0,49.0,0.0,62.0,0.0,0.0
El Paso - 0140,2192.0,2073.0,107.0,16.0,0.0,0.0,0.0,0.0
El Paso - 0141,1827.0,1687.0,109.0,27.0,0.0,0.0,0.0,0.0
El Paso - 0142,929.0,851.0,62.0,1.0,0.0,7.0,0.0,0.0
El Paso - 0143,2225.0,2081.0,49.0,14.0,0.0,75.0,0.0,0.0
El Paso - 0144,2531.0,2286.0,228.0,6.0,4.0,0.0,0.0,0.0
El Paso - 0145,3181.0,2865.0,109.0,214.0,0.0,0.0,0.0,0.0
El Paso - 0146,961.0,907.0,14.0,0.0,0.0,0.0,0.0,0.0
El Paso - 0147,1454.0,1397.0,36.0,0.0,0.0,0.0,0.0,0.0
El Paso - 0148,2145.0,2042.0,120.0,0.0,0.0,4.0,0.0,0.0
El Paso - 0149,3386.0,3212.0,142.0,0.0,35.0,0.0,0.0,0.0
El Paso - 0150,1766.0,1645.0,65.0,5.0,1.0,0.0,0.0,0.0
El Paso - 0151,2689.0,2562.0,98.0,23.0,0.0,0.0,0.0,0.0
El Paso - 0152,1964.0,1883.0,85.0,0.0,0.0,0.0,0.0,0.0
El Paso - 0153,2323.0,2216.0,99.0,5.0,0.0,0.0,0.0,0.0
El Paso - 0154,1990.0,1877.0,70.0,12.0,0.0,0.0,0.0,16.0
El Paso - 0155,1296.0,1202.0,92.0,0.0,0.0,0.0,0.0,0.0
El Paso - 0156,2114.0,2103.0,0.0,0.0,0.0,12.0,0.0,0.0
El Paso - 0157,454.0,450.0,0.0,10.0,3.0,0.0,0.0,0.0
El Paso - 0158,1646.0,1064.0,425.0,44.0,95.0,0.0,0.0,0.0
El Paso - 0159,2625.0,2487.0,24.0,0.0,0.0,11.0,0.0,0.0
El Paso - 0160,3673.0,3644.0,23.0,0.0,0.0,0.0,4.0,0.0
El Paso - 0161,1058.0,1026.0,24.0,0.0,0.0,0.0,0.0,0.0
El Paso - 0162,4655.0,4416.0,228.0,0.0,0.0,0.0,0.0,0.0
El Paso - 0163,2453.0,2348.0,112.0,0.0,0.0,0.0,0.0,0.0
El Paso - 0164,4762.0,4558.0,88.0,0.0,3.0,103.0,3.0,0.0
El Paso - 0165,4939.0,4567.0,97.0,183.0,126.0,0.0,2.0,0.0
El Paso - 0166,3095.0,2646.0,374.0,32.0,9.0,15.0,6.0,0.0
El Paso - 0167,3978.0,3751.0,150.0,30.0,0.0,10.0,0.0,0.0
El Paso - 0168,520.0,509.0,16.0,0.0,0.0,0.0,0.0,0.0
El Paso - 0169,3451.0,3315.0,94.0,0.0,18.0,24.0,0.0,0.0
El Paso - 0170,4012.0,3652.0,365.0,68.0,2.0,0.0,0.0,0.0
El Paso - 0171,2829.0,2796.0,34.0,4.0,0.0,0.0,0.0,0.0
El Paso - 0172,3179.0,2931.0,119.0,0.0,51.0,0.0,0.0,14.0
El Paso - 0173,1550.0,1527.0,21.0,0.0,0.0,4.0,0.0,0.0
El Paso - 0174,81.0,66.0,17.0,0.0,0.0,0.0,0.0,0.0
El Paso - 0175,261.0,256.0,15.0,2.0,0.0,0.0,0.0,0.0
El Paso - 0176,1199.0,637.0,508.0,40.0,0.0,5.0,0.0,0.0
El Paso - 0177,702.0,459.0,202.0,14.0,0.0,26.0,0.0,0.0
El Paso - 0178,1018.0,690.0,265.0,11.0,0.0,8.0,0.0,0.0
El Paso - 0179,879.0,847.0,41.0,0.0,0.0,0.0,0.0,0.0
El Paso - 0180,2691.0,2517.0,161.0,25.0,0.0,0.0,0.0,0.0
El Paso - 0181,6902.0,4654.0,1417.0,687.0,0.0,60.0,0.0,0.0
El Paso - 0182,6676.0,4553.0,1239.0,502.0,10.0,151.0,0.0,26.0
El Paso - 0183,0.0,0.0,0.0,0.0,0.0,0.0,0.0,0.0
El Paso - 0184,0.0,0.0,0.0,0.0,0.0,0.0,0.0,0.0
El Paso - 0185,485.0,277.0,172.0,18.0,0.0,15.0,0.0,0.0
El Paso - 0186,943.0,763.0,110.0,8.0,0.0,44.0,0.0,14.0
El Paso - 0187,0.0,0.0,0.0,0.0,0.0,0.0,0.0,0.0
El Paso - 0188,168.0,111.0,33.0,12.0,0.0,5.0,0.0,0.0
El Paso - 0189,304.0,250.0,21.0,3.0,0.0,2.0,0.0,0.0
El Paso - 0190,169.0,169.0,2.0,0.0,0.0,0.0,0.0,0.0
El Paso - 0191,481.0,435.0,21.0,4.0,0.0,0.0,3.0,21.0
El Paso - 0192,4634.0,3608.0,808.0,28.0,10.0,83.0,0.0,103.0
El Paso - 0193,3453.0,2058.0,1163.0,52.0,0.0,180.0,0.0,0.0
El Paso - 0194,4219.0,2398.0,1022.0,565.0,15.0,11.0,26.0,45.0
El Paso - 0195,4899.0,3055.0,967.0,532.0,0.0,53.0,0.0,50.0
El Paso - 0196,3454.0,2858.0,433.0,48.0,0.0,53.0,0.0,0.0
El Paso - 0197,4756.0,4061.0,472.0,204.0,0.0,20.0,6.0,0.0
El Paso - 0198,4071.0,3591.0,134.0,250.0,0.0,39.0,0.0,0.0
El Paso - 0199,1281.0,1005.0,263.0,0.0,0.0,0.0,0.0,4.0
El Paso - 0200,563.0,417.0,148.0,0.0,0.0,0.0,0.0,0.0
El Paso - 0201,5206.0,4564.0,456.0,149.0,14.0,0.0,9.0,0.0
El Paso - 0202,3411.0,3040.0,223.0,94.0,0.0,0.0,0.0,0.0
El Paso - 0203,6887.0,5882.0,654.0,216.0,0.0,0.0,41.0,83.0
El Paso - 0204,2944.0,2465.0,244.0,156.0,0.0,54.0,0.0,0.0
El Paso - 0205,5135.0,4683.0,287.0,46.0,80.0,21.0,0.0,12.0
El Paso - 0206,1172.0,1160.0,0.0,0.0,0.0,0.0,0.0,0.0
El Paso - 0207,2144.0,2033.0,45.0,39.0,0.0,0.0,0.0,0.0
El Paso - 0208,2086.0,1942.0,84.0,0.0,5.0,0.0,0.0,0.0
El Paso - 0210,0.0,0.0,0.0,0.0,0.0,0.0,0.0,0.0
El Paso - 0212,2326.0,1668.0,367.0,223.0,0.0,25.0,0.0,0.0
El Paso - 0213,340.0,339.0,3.0,0.0,0.0,0.0,0.0,0.0
El Paso - 0214,10.0,5.0,0.0,0.0,0.0,0.0,0.0,0.0
El Paso - 0215,4666.0,4127.0,323.0,136.0,11.0,53.0,0.0,0.0
El Paso - 0216,18.0,16.0,1.0,0.0,0.0,0.0,0.0,0.0
El Paso - 0217,477.0,480.0,0.0,0.0,0.0,0.0,0.0,0.0
El Paso - 0218,147.0,136.0,9.0,0.0,0.0,0.0,0.0,0.0
El Paso - 0219,1706.0,1596.0,40.0,18.0,26.0,2.0,0.0,0.0
El Paso - 0220,1104.0,854.0,132.0,4.0,132.0,11.0,0.0,0.0
El Paso - 0221,1205.0,231.0,631.0,173.0,0.0,30.0,3.0,15.0
Fayette - 0110,900.0,11.0,887.0,1.0,0.0,0.0,0.0,0.0
Fayette - 0112,1228.0,140.0,1021.0,36.0,0.0,0.0,0.0,0.0
Fayette - 0204,1514.0,93.0,1394.0,16.0,0.0,0.0,0.0,0.0
Fayette - 0207,1859.0,121.0,1676.0,21.0,0.0,0.0,0.0,0.0
Fayette - 0315,674.0,56.0,558.0,13.0,0.0,8.0,0.0,0.0
Fayette - 0316,2422.0,790.0,1504.0,132.0,4.0,17.0,0.0,0.0
Fayette - 0422,643.0,39.0,578.0,10.0,0.0,0.0,11.0,0.0
Fayette - 0423,926.0,60.0,731.0,122.0,0.0,0.0,7.0,0.0
Fayette - 0425,2796.0,495.0,1970.0,275.0,6.0,0.0,1.0,0.0
Fayette - 101N,2355.0,510.0,1575.0,212.0,4.0,4.0,0.0,0.0
Fayette - 201E,1629.0,191.0,1212.0,227.0,6.0,5.0,0.0,0.0
Fayette - 301W,2047.0,306.0,1668.0,44.0,0.0,0.0,0.0,0.0
Fisher - 0010A,691.0,240.0,391.0,60.0,0.0,0.0,0.0,11.0
Fisher - 0010B,0.0,0.0,0.0,0.0,0.0,0.0,0.0,0.0
Grayson - 0101,2728.0,587.0,1720.0,263.0,13.0,0.0,29.0,9.0
Grayson - 0102,3036.0,788.0,1342.0,635.0,11.0,116.0,0.0,4.0
Grayson - 0103,3129.0,597.0,1972.0,349.0,6.0,0.0,92.0,0.0
Grayson - 0104,1177.0,73.0,1013.0,2.0,10.0,1.0,7.0,0.0
Grayson - 0105,1083.0,105.0,970.0,5.0,4.0,0.0,0.0,0.0
Grayson - 0106,3330.0,479.0,2577.0,162.0,16.0,8.0,0.0,0.0
Grayson - 0107,2120.0,43.0,1988.0,21.0,15.0,0.0,0.0,0.0
Grayson - 0108,2609.0,210.0,2292.0,45.0,5.0,0.0,0.0,0.0
Grayson - 0109,5254.0,572.0,4223.0,291.0,14.0,0.0,0.0,0.0
Grayson - 0201,4328.0,405.0,3442.0,185.0,20.0,39.0,0.0,28.0
Grayson - 0202,5545.0,387.0,4403.0,295.0,27.0,33.0,0.0,7.0
Grayson - 0203,1827.0,289.0,1210.0,138.0,9.0,0.0,0.0,13.0
Grayson - 0204,113.0,19.0,85.0,1.0,0.0,0.0,0.0,0.0
Grayson - 0205,4055.0,177.0,3745.0,4.0,6.0,64.0,0.0,39.0
Grayson - 0206,3051.0,211.0,2357.0,307.0,3.0,13.0,0.0,15.0
Grayson - 0207,1023.0,128.0,858.0,15.0,0.0,0.0,0.0,0.0
Grayson - 0208,1674.0,59.0,1491.0,66.0,7.0,0.0,0.0,0.0
Grayson - 0209,1680.0,63.0,1548.0,63.0,3.0,0.0,0.0,0.0
Grayson - 0210,2663.0,161.0,2381.0,20.0,0.0,34.0,0.0,0.0
Grayson - 0301,3525.0,187.0,2853.0,220.0,18.0,61.0,0.0,0.0
Grayson - 0302,5111.0,547.0,3553.0,823.0,18.0,7.0,0.0,8.0
Grayson - 0303,452.0,62.0,394.0,3.0,4.0,0.0,0.0,0.0
Grayson - 0304,4762.0,414.0,3590.0,536.0,9.0,78.0,0.0,22.0
Grayson - 0305,1377.0,133.0,1208.0,3.0,9.0,0.0,0.0,0.0
Grayson - 0306,5136.0,406.0,4451.0,21.0,33.0,121.0,5.0,0.0
Grayson - 0307,2603.0,214.0,2292.0,12.0,5.0,0.0,0.0,11.0
Grayson - 0308,1624.0,335.0,1273.0,0.0,5.0,0.0,0.0,0.0
Grayson - 0309,958.0,294.0,605.0,20.0,3.0,0.0,0.0,0.0
Grayson - 0310,250.0,18.0,204.0,5.0,1.0,0.0,0.0,0.0
Grayson - 0401,2265.0,204.0,1749.0,241.0,8.0,3.0,0.0,0.0
Grayson - 0402,3035.0,191.0,2532.0,88.0,23.0,16.0,0.0,69.0
Grayson - 0403,3698.0,94.0,3343.0,15.0,25.0,47.0,0.0,26.0
Grayson - 0404,4375.0,124.0,4022.0,34.0,26.0,8.0,12.0,32.0
Grayson - 0405,878.0,91.0,626.0,97.0,0.0,18.0,0.0,9.0
Grayson - 0406,2896.0,89.0,2618.0,17.0,71.0,17.0,27.0,7.0
Grayson - 0407,387.0,103.0,234.0,15.0,0.0,0.0,0.0,0.0
Grayson - 0408,1375.0,77.0,1247.0,33.0,10.0,5.0,0.0,2.0
Grayson - 0409,2768.0,196.0,2486.0,93.0,16.0,0.0,0.0,0.0
Grayson - 0410,2749.0,227.0,2343.0,74.0,11.0,30.0,0.0,0.0
Grayson - 0411,256.0,19.0,214.0,1.0,0.0,0.0,0.0,0.0
Grayson - 0412,1293.0,77.0,966.0,172.0,4.0,83.0,0.0,0.0
Harris - 0045A,3903.0,1483.0,973.0,1400.0,0.0,0.0,0.0,0.0
Harris - 0045B,0.0,0.0,0.0,0.0,0.0,0.0,0.0,0.0
Harris - 0675A,3955.0,797.0,2480.0,334.0,51.0,116.0,0.0,40.0
Harris - 0675B,0.0,0.0,0.0,0.0,0.0,0.0,0.0,0.0
Hartley - 0101,394.0,94.0,263.0,0.0,0.0,0.0,1.0,0.0
Hartley - 0102,324.0,74.0,239.0,0.0,0.0,0.0,2.0,0.0
Hartley - 0201,244.0,32.0,216.0,0.0,0.0,0.0,0.0,0.0
Hartley - 0202,1321.0,366.0,623.0,313.0,0.0,4.0,9.0,0.0
Hartley - 0301,666.0,105.0,543.0,0.0,0.0,0.0,0.0,0.0
Hartley - 0401,771.0,242.0,442.0,0.0,8.0,0.0,2.0,0.0
Haskell - 0001,456.0,72.0,342.0,22.0,0.0,0.0,0.0,0.0
Haskell - 0002,943.0,162.0,686.0,76.0,0.0,0.0,0.0,0.0
Haskell - 0003,724.0,200.0,477.0,66.0,0.0,0.0,0.0,0.0
Haskell - 0004,362.0,94.0,231.0,35.0,0.0,0.0,0.0,0.0
Haskell - 0005,549.0,125.0,396.0,30.0,0.0,0.0,0.0,4.0
Haskell - 0006,426.0,144.0,257.0,29.0,3.0,0.0,0.0,0.0
Haskell - 0007,149.0,70.0,78.0,0.0,0.0,0.0,0.0,0.0
Haskell - 0008,188.0,61.0,103.0,0.0,2.0,0.0,0.0,0.0
Haskell - 0009,271.0,4.0,266.0,3.0,0.0,0.0,0.0,0.0
Haskell - 0010,224.0,30.0,181.0,3.0,0.0,0.0,0.0,2.0
Hidalgo - 0001,1385.0,1367.0,13.0,0.0,0.0,0.0,0.0,0.0
Hidalgo - 0002,2377.0,1917.0,509.0,23.0,1.0,1.0,1.0,0.0
Hidalgo - 0003,789.0,780.0,3.0,3.0,0.0,1.0,0.0,0.0
Hidalgo - 0004,2799.0,2717.0,12.0,0.0,0.0,10.0,0.0,0.0
Hidalgo - 0005,1195.0,1140.0,30.0,0.0,0.0,0.0,0.0,0.0
Hidalgo - 0006,2854.0,2344.0,400.0,0.0,0.0,80.0,0.0,0.0
Hidalgo - 0007,4226.0,3232.0,844.0,45.0,0.0,94.0,0.0,0.0
Hidalgo - 0008,1985.0,1519.0,391.0,0.0,0.0,64.0,0.0,0.0
Hidalgo - 0009,3543.0,3145.0,281.0,106.0,0.0,0.0,0.0,0.0
Hidalgo - 0010,2273.0,1978.0,295.0,0.0,0.0,0.0,0.0,0.0
Hidalgo - 0011,1902.0,1814.0,93.0,0.0,0.0,0.0,0.0,0.0
Hidalgo - 0012,203.0,200.0,0.0,2.0,0.0,0.0,0.0,0.0
Hidalgo - 0013,5792.0,4608.0,943.0,89.0,0.0,193.0,0.0,4.0
Hidalgo - 0014,1196.0,1046.0,144.0,8.0,0.0,0.0,0.0,0.0
Hidalgo - 0015,1145.0,1034.0,110.0,0.0,1.0,0.0,0.0,0.0
Hidalgo - 0016,1727.0,1681.0,44.0,0.0,0.0,0.0,0.0,0.0
Hidalgo - 0017,1356.0,1283.0,16.0,0.0,0.0,0.0,0.0,0.0
Hidalgo - 0018,271.0,254.0,9.0,0.0,0.0,0.0,0.0,0.0
Hidalgo - 0019,153.0,118.0,35.0,0.0,0.0,0.0,0.0,0.0
Hidalgo - 0020,3863.0,3819.0,20.0,9.0,0.0,7.0,0.0,5.0
Hidalgo - 0021,357.0,353.0,7.0,0.0,0.0,0.0,0.0,0.0
Hidalgo - 0022,613.0,531.0,124.0,0.0,0.0,0.0,0.0,0.0
Hidalgo - 0023,2173.0,1704.0,469.0,0.0,0.0,0.0,0.0,0.0
Hidalgo - 0024,84.0,50.0,31.0,0.0,0.0,0.0,0.0,18.0
Hidalgo - 0025,4160.0,3356.0,792.0,5.0,0.0,0.0,0.0,0.0
Hidalgo - 0026,1006.0,903.0,65.0,0.0,0.0,0.0,0.0,0.0
Hidalgo - 0027,942.0,905.0,38.0,0.0,0.0,0.0,0.0,0.0
Hidalgo - 0028,4753.0,4404.0,336.0,0.0,0.0,0.0,0.0,0.0
Hidalgo - 0029,1711.0,1110.0,453.0,116.0,0.0,49.0,0.0,0.0
Hidalgo - 0030,6761.0,6001.0,513.0,247.0,0.0,0.0,0.0,0.0
Hidalgo - 0031,2988.0,2376.0,526.0,90.0,0.0,0.0,0.0,0.0
Hidalgo - 0032,2561.0,2278.0,222.0,38.0,0.0,0.0,2.0,0.0
Hidalgo - 0033,1301.0,1222.0,69.0,0.0,0.0,14.0,0.0,0.0
Hidalgo - 0034,848.0,776.0,68.0,0.0,0.0,0.0,0.0,0.0
Hidalgo - 0035,3536.0,3218.0,269.0,4.0,0.0,83.0,0.0,0.0
Hidalgo - 0036,3631.0,3406.0,214.0,0.0,0.0,0.0,0.0,0.0
Hidalgo - 0037,1364.0,1061.0,212.0,0.0,0.0,0.0,0.0,0.0
Hidalgo - 0038,3494.0,2800.0,626.0,0.0,0.0,51.0,0.0,0.0
Hidalgo - 0039,2173.0,2120.0,65.0,0.0,0.0,0.0,2.0,0.0
Hidalgo - 0040,2984.0,3009.0,5.0,0.0,5.0,4.0,0.0,0.0
Hidalgo - 0041,5404.0,5039.0,90.0,227.0,38.0,0.0,0.0,0.0
Hidalgo - 0042,2987.0,2835.0,121.0,0.0,0.0,7.0,0.0,0.0
Hidalgo - 0043,1835.0,1799.0,18.0,0.0,0.0,4.0,0.0,0.0
Hidalgo - 0044,3126.0,3017.0,33.0,0.0,0.0,12.0,0.0,0.0
Hidalgo - 0045,1316.0,712.0,593.0,0.0,0.0,0.0,0.0,0.0
Hidalgo - 0046,477.0,423.0,14.0,35.0,0.0,0.0,0.0,0.0
Hidalgo - 0047,1586.0,1516.0,33.0,4.0,0.0,0.0,0.0,0.0
Hidalgo - 0048,3311.0,3195.0,72.0,4.0,0.0,24.0,0.0,0.0
Hidalgo - 0049,2922.0,2754.0,112.0,0.0,0.0,57.0,4.0,0.0
Hidalgo - 0050,2497.0,2420.0,101.0,0.0,0.0,0.0,0.0,0.0
Hidalgo - 0051,1642.0,1563.0,0.0,0.0,0.0,55.0,0.0,0.0
Hidalgo - 0052,3818.0,3329.0,284.0,30.0,25.0,142.0,0.0,25.0
Hidalgo - 0053,3477.0,3259.0,148.0,4.0,5.0,54.0,0.0,5.0
Hidalgo - 0054,1991.0,1627.0,248.0,5.0,0.0,108.0,0.0,4.0
Hidalgo - 0055,1999.0,1869.0,95.0,19.0,0.0,0.0,4.0,0.0
Hidalgo - 0056,2447.0,2363.0,53.0,0.0,0.0,5.0,0.0,0.0
Hidalgo - 0057,1209.0,1124.0,11.0,89.0,0.0,0.0,0.0,0.0
Hidalgo - 0058,4183.0,3868.0,292.0,0.0,4.0,8.0,0.0,7.0
Hidalgo - 0059,2871.0,2644.0,200.0,5.0,0.0,0.0,2.0,0.0
Hidalgo - 0060,4336.0,4038.0,227.0,51.0,0.0,13.0,0.0,0.0
Hidalgo - 0061,2606.0,2259.0,348.0,0.0,0.0,0.0,0.0,0.0
Hidalgo - 0062,3182.0,2510.0,524.0,73.0,0.0,100.0,0.0,0.0
Hidalgo - 0063,1557.0,1432.0,118.0,0.0,0.0,15.0,0.0,0.0
Hidalgo - 0064,3471.0,3395.0,76.0,0.0,0.0,0.0,0.0,0.0
Hidalgo - 0065,2385.0,2036.0,209.0,0.0,22.0,98.0,0.0,0.0
Hidalgo - 0066,1340.0,987.0,353.0,0.0,0.0,0.0,0.0,0.0
Hidalgo - 0067,2713.0,2119.0,488.0,131.0,0.0,45.0,18.0,0.0
Hidalgo - 0068,4561.0,4079.0,407.0,8.0,0.0,9.0,0.0,2.0
Hidalgo - 0069,8159.0,7434.0,545.0,140.0,21.0,6.0,5.0,0.0
Hidalgo - 0070,2771.0,2735.0,33.0,0.0,0.0,0.0,0.0,0.0
Hidalgo - 0071,201.0,185.0,14.0,0.0,0.0,0.0,0.0,0.0
Hidalgo - 0072,1364.0,1206.0,157.0,0.0,0.0,0.0,0.0,0.0
Hidalgo - 0073,3477.0,2296.0,819.0,0.0,31.0,335.0,0.0,0.0
Hidalgo - 0074,1432.0,1283.0,172.0,0.0,0.0,0.0,0.0,0.0
Hidalgo - 0075,65.0,63.0,2.0,0.0,0.0,0.0,0.0,0.0
Hidalgo - 0076,45.0,34.0,5.0,0.0,0.0,0.0,0.0,0.0
Hidalgo - 0077,1823.0,1333.0,457.0,22.0,0.0,0.0,0.0,0.0
Hidalgo - 0078,2470.0,2367.0,46.0,0.0,6.0,0.0,0.0,0.0
Hidalgo - 0079,2269.0,2274.0,18.0,0.0,0.0,0.0,0.0,0.0
Hidalgo - 0080,1074.0,1059.0,22.0,0.0,0.0,0.0,0.0,0.0
Hidalgo - 0081,2621.0,2017.0,416.0,0.0,0.0,60.0,0.0,0.0
Hidalgo - 0082,8.0,7.0,0.0,0.0,0.0,0.0,0.0,0.0
Hidalgo - 0083,3343.0,2657.0,633.0,37.0,0.0,19.0,6.0,0.0
Hidalgo - 0084,3003.0,2308.0,292.0,0.0,3.0,417.0,0.0,0.0
Hidalgo - 0085,4112.0,3989.0,115.0,0.0,0.0,8.0,0.0,0.0
Hidalgo - 0086,552.0,405.0,140.0,0.0,0.0,25.0,0.0,0.0
Hidalgo - 0087,1946.0,1944.0,0.0,0.0,0.0,0.0,0.0,0.0
Hidalgo - 0088,3463.0,3245.0,177.0,0.0,41.0,0.0,0.0,0.0
Hidalgo - 0089,15.0,8.0,6.0,0.0,0.0,0.0,0.0,0.0
Hidalgo - 0090,3986.0,3911.0,82.0,0.0,0.0,0.0,0.0,0.0
Hidalgo - 0091,1120.0,1084.0,44.0,0.0,0.0,0.0,3.0,0.0
Hidalgo - 0092,535.0,509.0,25.0,0.0,0.0,0.0,0.0,0.0
Hidalgo - 0093,394.0,251.0,113.0,4.0,0.0,2.0,0.0,0.0
Hidalgo - 0094,3066.0,2705.0,325.0,6.0,0.0,9.0,0.0,0.0
Hidalgo - 0095,4187.0,4102.0,71.0,0.0,0.0,0.0,0.0,0.0
Hidalgo - 0096,2703.0,2070.0,588.0,0.0,0.0,47.0,0.0,0.0
Hidalgo - 0097,2465.0,2298.0,134.0,0.0,0.0,0.0,0.0,0.0
Hidalgo - 0098,3807.0,3227.0,306.0,272.0,0.0,0.0,0.0,0.0
Hidalgo - 0099,3939.0,3797.0,138.0,5.0,0.0,0.0,0.0,0.0
Hidalgo - 0100,2859.0,2683.0,220.0,0.0,3.0,22.0,3.0,0.0
Hidalgo - 0101,593.0,490.0,79.0,1.0,0.0,5.0,0.0,0.0
Hidalgo - 0102,1300.0,378.0,787.0,26.0,0.0,48.0,29.0,0.0
Hidalgo - 0103,3696.0,3134.0,500.0,0.0,0.0,69.0,0.0,0.0
Hidalgo - 0104,3780.0,3600.0,174.0,0.0,0.0,0.0,0.0,4.0
Hidalgo - 0105,4198.0,3611.0,342.0,108.0,0.0,162.0,0.0,0.0
Hidalgo - 0106,2965.0,2432.0,273.0,26.0,0.0,169.0,0.0,34.0
Hidalgo - 0107,2535.0,2074.0,415.0,26.0,0.0,0.0,0.0,0.0
Hidalgo - 0108,2609.0,2399.0,180.0,17.0,0.0,5.0,0.0,0.0
Hidalgo - 0109,4815.0,3900.0,817.0,23.0,7.0,68.0,0.0,0.0
Hidalgo - 0110,1527.0,1462.0,51.0,0.0,0.0,0.0,0.0,0.0
Hidalgo - 0111,3090.0,2509.0,538.0,0.0,0.0,8.0,0.0,0.0
Hidalgo - 0112,1706.0,1615.0,65.0,0.0,0.0,0.0,0.0,0.0
Hidalgo - 0113,4489.0,3966.0,476.0,2.0,20.0,9.0,2.0,0.0
Hidalgo - 0114,4878.0,3184.0,1585.0,13.0,4.0,1.0,1.0,0.0
Hidalgo - 0115,2618.0,2543.0,29.0,18.0,19.0,2.0,0.0,0.0
Hidalgo - 0116,2769.0,2288.0,473.0,0.0,0.0,0.0,0.0,0.0
Hidalgo - 0117,3294.0,3096.0,182.0,1.0,0.0,0.0,12.0,0.0
Hidalgo - 0118,2415.0,2340.0,57.0,0.0,0.0,0.0,0.0,0.0
Hidalgo - 0119,1135.0,1039.0,53.0,0.0,0.0,0.0,0.0,0.0
Hidalgo - 0120,2019.0,1790.0,226.0,0.0,0.0,0.0,0.0,0.0
Hidalgo - 0121,115.0,98.0,0.0,16.0,0.0,0.0,0.0,0.0
Hidalgo - 0122,2713.0,2584.0,139.0,0.0,0.0,0.0,0.0,0.0
Hidalgo - 0123,942.0,818.0,95.0,0.0,0.0,0.0,0.0,0.0
Hidalgo - 0124,1813.0,1493.0,261.0,0.0,0.0,43.0,0.0,0.0
Hidalgo - 0125,1436.0,1349.0,62.0,13.0,6.0,0.0,0.0,0.0
Hidalgo - 0126,1457.0,948.0,534.0,0.0,0.0,0.0,0.0,0.0
Hidalgo - 0127,1023.0,1023.0,0.0,0.0,0.0,0.0,0.0,0.0
Hidalgo - 0128,2369.0,2173.0,32.0,138.0,0.0,0.0,0.0,4.0
Hidalgo - 0129,174.0,150.0,23.0,0.0,0.0,3.0,0.0,0.0
Hidalgo - 0130,1735.0,1527.0,205.0,0.0,7.0,0.0,0.0,0.0
Hidalgo - 0131,24.0,23.0,1.0,0.0,0.0,0.0,0.0,0.0
Hidalgo - 0132,974.0,882.0,69.0,0.0,0.0,0.0,0.0,0.0
Hidalgo - 0133,120.0,112.0,5.0,0.0,0.0,0.0,0.0,0.0
Hidalgo - 0134,2827.0,2110.0,669.0,11.0,0.0,21.0,0.0,0.0
Hidalgo - 0135,2121.0,1704.0,251.0,57.0,0.0,101.0,0.0,0.0
Hidalgo - 0136,1650.0,1445.0,200.0,0.0,0.0,0.0,0.0,0.0
Hidalgo - 0137,34.0,18.0,4.0,0.0,0.0,0.0,0.0,0.0
Hidalgo - 0138,283.0,275.0,0.0,0.0,0.0,10.0,0.0,0.0
Hidalgo - 0139,623.0,558.0,68.0,0.0,0.0,0.0,0.0,0.0
Hidalgo - 0140,49.0,31.0,7.0,0.0,0.0,2.0,0.0,0.0
Hidalgo - 0141,79.0,57.0,28.0,0.0,0.0,0.0,0.0,0.0
Hidalgo - 0142,2513.0,2433.0,85.0,0.0,0.0,0.0,4.0,0.0
Hidalgo - 0143,4241.0,3871.0,148.0,62.0,0.0,128.0,54.0,0.0
Hidalgo - 0144,47.0,41.0,5.0,0.0,0.0,4.0,0.0,0.0
Hidalgo - 0145,941.0,936.0,0.0,0.0,0.0,0.0,0.0,0.0
Hidalgo - 0146,2624.0,2590.0,19.0,0.0,4.0,12.0,0.0,0.0
Hidalgo - 0147,195.0,172.0,23.0,0.0,0.0,0.0,0.0,0.0
Hidalgo - 0148,80.0,61.0,16.0,0.0,0.0,0.0,0.0,0.0
Hidalgo - 0149,63.0,64.0,0.0,0.0,0.0,0.0,0.0,0.0
Hidalgo - 0150,2033.0,1774.0,204.0,0.0,0.0,62.0,0.0,0.0
Hidalgo - 0151,3248.0,2648.0,456.0,19.0,0.0,132.0,0.0,0.0
Hidalgo - 0152,2898.0,2523.0,304.0,5.0,0.0,29.0,0.0,4.0
Hidalgo - 0153,464.0,468.0,0.0,0.0,2.0,0.0,0.0,0.0
Hidalgo - 0154,3212.0,3007.0,168.0,2.0,0.0,0.0,24.0,0.0
Hidalgo - 0155,460.0,424.0,32.0,0.0,4.0,0.0,0.0,0.0
Hidalgo - 0156,2221.0,2096.0,109.0,0.0,16.0,0.0,0.0,0.0
Hidalgo - 0157,1274.0,1257.0,20.0,0.0,0.0,0.0,0.0,0.0
Hidalgo - 0158,6391.0,6156.0,171.0,0.0,18.0,16.0,0.0,0.0
Hidalgo - 0159,827.0,818.0,5.0,0.0,0.0,8.0,0.0,0.0
Hidalgo - 0160,586.0,315.0,148.0,103.0,0.0,11.0,0.0,0.0
Hidalgo - 0161,1959.0,1672.0,206.0,10.0,8.0,26.0,19.0,0.0
Hidalgo - 0162,853.0,603.0,126.0,24.0,0.0,59.0,0.0,0.0
Hidalgo - 0163,4971.0,4918.0,42.0,0.0,3.0,0.0,0.0,0.0
Hidalgo - 0164,2145.0,1723.0,387.0,0.0,0.0,26.0,4.0,0.0
Hidalgo - 0165,1098.0,1004.0,101.0,1.0,0.0,0.0,0.0,0.0
Hidalgo - 0166,704.0,532.0,72.0,0.0,86.0,0.0,0.0,0.0
Hidalgo - 0167,803.0,670.0,116.0,0.0,0.0,0.0,0.0,0.0
Hidalgo - 0168,494.0,474.0,2.0,19.0,0.0,2.0,0.0,0.0
Hidalgo - 0169,508.0,528.0,6.0,0.0,0.0,0.0,0.0,0.0
Hidalgo - 0170,1147.0,1041.0,106.0,0.0,0.0,0.0,0.0,0.0
Hidalgo - 0171,35.0,38.0,0.0,0.0,0.0,0.0,0.0,0.0
Hidalgo - 0172,54.0,59.0,0.0,0.0,0.0,0.0,0.0,0.0
Hidalgo - 0173,2312.0,1531.0,550.0,425.0,0.0,4.0,0.0,0.0
Hidalgo - 0174,887.0,880.0,4.0,0.0,0.0,6.0,0.0,0.0
Hidalgo - 0175,1524.0,1436.0,44.0,0.0,0.0,5.0,0.0,0.0
Hidalgo - 0176,1901.0,1567.0,119.0,0.0,0.0,0.0,0.0,0.0
Hidalgo - 0177,1042.0,943.0,60.0,77.0,0.0,0.0,2.0,0.0
Hidalgo - 0178,14.0,9.0,22.0,0.0,0.0,0.0,0.0,0.0
Hidalgo - 0179,490.0,491.0,0.0,0.0,0.0,0.0,0.0,0.0
Hidalgo - 0180,257.0,244.0,9.0,0.0,0.0,0.0,0.0,0.0
Hidalgo - 0181,914.0,189.0,817.0,0.0,0.0,0.0,0.0,0.0
Hidalgo - 0182,1906.0,1841.0,65.0,0.0,0.0,0.0,0.0,0.0
Hidalgo - 0183,3626.0,3581.0,47.0,0.0,2.0,0.0,0.0,0.0
Hidalgo - 0184,48.0,26.0,17.0,0.0,0.0,0.0,0.0,5.0
Hidalgo - 0185,5.0,2.0,3.0,0.0,0.0,0.0,0.0,0.0
Hidalgo - 0186,299.0,285.0,19.0,0.0,0.0,0.0,0.0,0.0
Hidalgo - 0187,3002.0,2114.0,857.0,0.0,2.0,0.0,2.0,0.0
Hidalgo - 0188,3251.0,1923.0,1257.0,0.0,0.0,57.0,0.0,14.0
Hidalgo - 0189,1501.0,1431.0,64.0,0.0,0.0,0.0,0.0,0.0
Hidalgo - 0190,533.0,395.0,107.0,3.0,0.0,0.0,0.0,0.0
Hidalgo - 0191,408.0,404.0,5.0,0.0,0.0,0.0,0.0,0.0
Hidalgo - 0192,415.0,339.0,48.0,0.0,0.0,0.0,0.0,0.0
Hidalgo - 0193,566.0,536.0,33.0,3.0,0.0,11.0,0.0,0.0
Hidalgo - 0194,2407.0,1403.0,981.0,0.0,19.0,0.0,0.0,6.0
Hidalgo - 0195,1053.0,259.0,779.0,0.0,4.0,0.0,0.0,0.0
Hidalgo - 0196,1140.0,629.0,495.0,0.0,0.0,16.0,0.0,0.0
Hidalgo - 0197,2550.0,2537.0,0.0,0.0,0.0,0.0,5.0,0.0
Hidalgo - 0198,666.0,617.0,48.0,0.0,0.0,0.0,0.0,0.0
Hidalgo - 0199,2385.0,1919.0,159.0,25.0,0.0,272.0,0.0,0.0
Hidalgo - 0200,2451.0,1985.0,337.0,2.0,7.0,37.0,0.0,0.0
Hidalgo - 0201,1490.0,1154.0,184.0,4.0,0.0,73.0,0.0,0.0
Hidalgo - 0202,1159.0,551.0,603.0,40.0,0.0,0.0,0.0,0.0
Hidalgo - 0203,4703.0,3997.0,290.0,86.0,0.0,307.0,0.0,0.0
Hidalgo - 0204,660.0,461.0,195.0,4.0,0.0,0.0,0.0,0.0
Hidalgo - 0205,493.0,486.0,0.0,0.0,0.0,9.0,0.0,0.0
Hidalgo - 0206,1748.0,1618.0,107.0,0.0,0.0,0.0,0.0,0.0
Hidalgo - 0207,2418.0,1541.0,529.0,3.0,2.0,314.0,0.0,0.0
Hidalgo - 0208,63.0,65.0,0.0,0.0,0.0,0.0,0.0,0.0
Hidalgo - 0209,2207.0,2174.0,30.0,5.0,0.0,0.0,0.0,0.0
Hidalgo - 0210,604.0,608.0,0.0,0.0,0.0,0.0,0.0,0.0
Hidalgo - 0211,451.0,408.0,26.0,19.0,0.0,0.0,0.0,0.0
Hidalgo - 0212,3207.0,3039.0,95.0,75.0,0.0,0.0,0.0,0.0
Hidalgo - 0213,284.0,248.0,36.0,0.0,0.0,0.0,0.0,0.0
Hidalgo - 0214,2412.0,2287.0,121.0,0.0,0.0,2.0,0.0,5.0
Hidalgo - 0215,1607.0,1316.0,193.0,4.0,0.0,77.0,0.0,0.0
Hidalgo - 0216,1709.0,1606.0,67.0,0.0,0.0,0.0,0.0,0.0
Hidalgo - 0217,264.0,237.0,19.0,0.0,4.0,0.0,0.0,0.0
Hidalgo - 0218,830.0,815.0,0.0,0.0,0.0,7.0,0.0,0.0
Hidalgo - 0219,2141.0,2141.0,0.0,0.0,0.0,0.0,0.0,0.0
Hidalgo - 0220,846.0,795.0,21.0,0.0,0.0,46.0,0.0,0.0
Hidalgo - 0221,1867.0,1692.0,141.0,0.0,0.0,1.0,0.0,0.0
Hidalgo - 0222,7.0,5.0,2.0,0.0,0.0,0.0,0.0,0.0
Hidalgo - 0223,529.0,372.0,161.0,0.0,0.0,0.0,0.0,0.0
Hidalgo - 0224,182.0,107.0,37.0,0.0,0.0,29.0,0.0,0.0
Hidalgo - 0225,378.0,374.0,0.0,0.0,0.0,0.0,0.0,0.0
Hidalgo - 0226,2319.0,2266.0,55.0,0.0,0.0,5.0,0.0,0.0
Hidalgo - 0227,4261.0,4217.0,22.0,14.0,4.0,0.0,0.0,4.0
Hidalgo - 0228,1485.0,1424.0,73.0,0.0,0.0,0.0,0.0,0.0
Hidalgo - 0229,1373.0,1338.0,16.0,0.0,0.0,0.0,0.0,0.0
Hidalgo - 0230,1513.0,1043.0,239.0,87.0,0.0,142.0,0.0,0.0
Hidalgo - 0231,351.0,282.0,51.0,0.0,0.0,16.0,0.0,0.0
Hidalgo - 0232,1636.0,1609.0,1.0,36.0,0.0,0.0,0.0,0.0
Hidalgo - 0233,3.0,1.0,0.0,0.0,0.0,0.0,0.0,0.0
Hidalgo - 0234,1607.0,1548.0,49.0,8.0,0.0,0.0,0.0,0.0
Hidalgo - 0235,403.0,349.0,23.0,0.0,0.0,0.0,0.0,0.0
Hidalgo - 0236,598.0,507.0,64.0,3.0,0.0,22.0,0.0,0.0
Hidalgo - 0237,1119.0,1100.0,19.0,0.0,2.0,0.0,0.0,0.0
Hidalgo - 0238,200.0,211.0,2.0,0.0,0.0,0.0,0.0,0.0
Hidalgo - 0239,2704.0,2382.0,260.0,0.0,2.0,24.0,0.0,21.0
Hidalgo - 0240,1066.0,894.0,109.0,0.0,19.0,31.0,0.0,0.0
Hidalgo - 0241,1302.0,1302.0,0.0,0.0,0.0,0.0,0.0,0.0
Hidalgo - 0242,37.0,38.0,1.0,0.0,0.0,0.0,0.0,0.0
Hidalgo - 0243,56.0,49.0,4.0,0.0,0.0,1.0,0.0,0.0
Hidalgo - 0244,1493.0,1404.0,95.0,4.0,0.0,0.0,0.0,0.0
Hidalgo - 0245,561.0,545.0,5.0,0.0,0.0,0.0,2.0,0.0
Hidalgo - 0246,14.0,10.0,0.0,0.0,0.0,0.0,0.0,0.0
Hidalgo - 0247,157.0,120.0,12.0,0.0,0.0,0.0,0.0,0.0
Hidalgo - 0248,80.0,80.0,0.0,0.0,0.0,2.0,0.0,0.0
Hidalgo - 0249,580.0,497.0,91.0,0.0,0.0,0.0,2.0,0.0
Hidalgo - 0250,342.0,339.0,0.0,0.0,0.0,0.0,0.0,0.0
Hidalgo - 0251,20.0,18.0,2.0,0.0,0.0,0.0,0.0,0.0
Hidalgo - 0252,8.0,3.0,6.0,0.0,0.0,0.0,0.0,0.0
Hidalgo - 0253,260.0,230.0,28.0,0.0,0.0,0.0,0.0,0.0
Hidalgo - 0254,3375.0,3345.0,19.0,0.0,0.0,6.0,0.0,0.0
Hidalgo - 0255,376.0,264.0,146.0,0.0,0.0,0.0,0.0,0.0
Hidalgo - 0256,277.0,212.0,70.0,0.0,0.0,0.0,0.0,0.0
Hidalgo - 0257,335.0,285.0,27.0,0.0,0.0,0.0,0.0,0.0
Hidalgo - 0258,18.0,18.0,0.0,0.0,0.0,0.0,0.0,0.0
Hidalgo - 0259,1669.0,1600.0,65.0,0.0,0.0,0.0,4.0,0.0
Hockley - 0011,439.0,98.0,335.0,15.0,0.0,1.0,0.0,0.0
Hockley - 0014,943.0,277.0,618.0,52.0,0.0,0.0,0.0,6.0
Hockley - 0015,598.0,169.0,406.0,3.0,0.0,0.0,0.0,0.0
Hockley - 0016,2264.0,750.0,1408.0,77.0,7.0,4.0,0.0,0.0
Hockley - 0021,2245.0,1254.0,908.0,47.0,7.0,4.0,0.0,2.0
Hockley - 0024,1270.0,505.0,682.0,21.0,0.0,0.0,0.0,0.0
Hockley - 0032,2539.0,1467.0,895.0,139.0,0.0,1.0,0.0,7.0
Hockley - 0033,108.0,31.0,78.0,0.0,0.0,0.0,0.0,0.0
Hockley - 0035,247.0,129.0,108.0,16.0,0.0,0.0,0.0,0.0
Hockley - 0036,432.0,331.0,58.0,56.0,0.0,0.0,0.0,1.0
Hockley - 0043,295.0,96.0,189.0,11.0,1.0,0.0,0.0,0.0
Hockley - 0044,906.0,311.0,477.0,76.0,5.0,0.0,0.0,0.0
Hockley - 0045,1734.0,620.0,1085.0,8.0,11.0,4.0,0.0,0.0
Hockley - 0046,585.0,185.0,370.0,14.0,0.0,0.0,0.0,0.0
Hopkins - 0001,2527.0,150.0,2239.0,167.0,1.0,17.0,0.0,0.0
Hopkins - 0002,2506.0,367.0,1681.0,330.0,20.0,30.0,0.0,0.0
Hopkins - 0003,2069.0,161.0,1559.0,242.0,0.0,26.0,12.0,12.0
Hopkins - 0004,1544.0,126.0,1337.0,48.0,0.0,11.0,0.0,0.0
Hopkins - 0005,661.0,104.0,531.0,0.0,0.0,3.0,14.0,0.0
Hopkins - 0008,372.0,34.0,320.0,31.0,4.0,0.0,0.0,0.0
Hopkins - 0011,909.0,22.0,866.0,0.0,3.0,0.0,0.0,0.0
Hopkins - 0012,313.0,12.0,295.0,4.0,0.0,1.0,0.0,0.0
Hopkins - 0013,1147.0,334.0,768.0,12.0,0.0,0.0,0.0,0.0
Hopkins - 0014,978.0,108.0,873.0,0.0,0.0,21.0,1.0,0.0
Hopkins - 0016,1484.0,69.0,1378.0,19.0,6.0,0.0,0.0,0.0
Hopkins - 0017,1481.0,90.0,1286.0,33.0,4.0,8.0,3.0,24.0
Hopkins - 001A,1457.0,155.0,1136.0,179.0,0.0,0.0,0.0,0.0
Hopkins - 0020,576.0,16.0,525.0,23.0,3.0,0.0,0.0,0.0
Hopkins - 0023,353.0,77.0,253.0,7.0,0.0,1.0,0.0,0.0
Hopkins - 0024,853.0,36.0,753.0,13.0,11.0,9.0,3.0,0.0
Hopkins - 0025,579.0,47.0,499.0,43.0,1.0,0.0,0.0,0.0
Hopkins - 002A,1340.0,136.0,668.0,457.0,7.0,0.0,0.0,10.0
Hopkins - 0036,1122.0,85.0,982.0,32.0,0.0,0.0,0.0,0.0
Hopkins - 003A,2062.0,139.0,1780.0,109.0,31.0,14.0,0.0,0.0
Hopkins - 004A,1960.0,260.0,1441.0,114.0,0.0,16.0,0.0,0.0
Houston - 0001,1486.0,186.0,871.0,360.0,5.0,5.0,2.0,0.0
Houston - 0002,1632.0,114.0,1138.0,246.0,0.0,0.0,0.0,12.0
Houston - 0003,1915.0,139.0,618.0,1143.0,0.0,1.0,0.0,0.0
Houston - 0004,2159.0,235.0,1420.0,425.0,0.0,23.0,2.0,0.0
Houston - 0005,1628.0,106.0,1369.0,157.0,4.0,8.0,0.0,0.0
Houston - 0006,1149.0,46.0,834.0,191.0,8.0,13.0,0.0,0.0
Houston - 0007,852.0,97.0,657.0,83.0,9.0,0.0,0.0,26.0
Houston - 0008,429.0,24.0,360.0,32.0,0.0,0.0,0.0,0.0
Houston - 0009,374.0,51.0,321.0,0.0,0.0,0.0,0.0,0.0
Houston - 0010,219.0,8.0,194.0,17.0,0.0,0.0,0.0,0.0
Houston - 0011,132.0,2.0,94.0,25.0,0.0,3.0,0.0,0.0
Houston - 0012,140.0,14.0,105.0,6.0,0.0,0.0,0.0,0.0
Houston - 0014,304.0,36.0,271.0,1.0,3.0,0.0,0.0,0.0
Houston - 0015,205.0,4.0,221.0,11.0,0.0,0.0,0.0,0.0
Houston - 0016,336.0,38.0,274.0,1.0,0.0,1.0,0.0,0.0
Houston - 0017,2560.0,560.0,990.0,767.0,0.0,0.0,0.0,18.0
Houston - 0018,133.0,8.0,90.0,26.0,6.0,0.0,6.0,0.0
Houston - 0019,648.0,5.0,468.0,80.0,67.0,0.0,0.0,0.0
Houston - 0020,243.0,27.0,211.0,0.0,0.0,0.0,0.0,0.0
Houston - 0021,258.0,0.0,169.0,35.0,2.0,0.0,0.0,0.0
Houston - 0022,245.0,15.0,193.0,23.0,0.0,0.0,0.0,0.0
Jackson - 0001,3284.0,1047.0,1957.0,232.0,3.0,25.0,0.0,0.0
Jackson - 0002,2400.0,734.0,1493.0,156.0,8.0,0.0,0.0,0.0
Jackson - 0003,1804.0,246.0,1474.0,26.0,11.0,0.0,4.0,0.0
Jackson - 0004,416.0,74.0,297.0,0.0,0.0,0.0,0.0,0.0
Jackson - 0005,459.0,163.0,301.0,0.0,0.0,0.0,0.0,0.0
Jackson - 0006,1289.0,400.0,482.0,384.0,5.0,0.0,0.0,0.0
Jackson - 0007,126.0,6.0,113.0,0.0,0.0,0.0,0.0,0.0
Jackson - 0008,589.0,246.0,354.0,0.0,0.0,0.0,0.0,0.0
Jackson - 0009,633.0,33.0,538.0,0.0,0.0,103.0,0.0,0.0
Johnson - 0001,661.0,135.0,521.0,2.0,0.0,0.0,0.0,0.0
Johnson - 0002,4543.0,804.0,3527.0,157.0,0.0,31.0,9.0,3.0
Johnson - 0003,2284.0,491.0,1715.0,6.0,5.0,18.0,5.0,0.0
Johnson - 0004,5744.0,803.0,4516.0,270.0,0.0,19.0,0.0,0.0
Johnson - 0005,3032.0,351.0,2073.0,334.0,0.0,128.0,0.0,0.0
Johnson - 0006,571.0,30.0,471.0,22.0,0.0,0.0,0.0,0.0
Johnson - 0007,3675.0,536.0,2779.0,299.0,0.0,9.0,0.0,0.0
Johnson - 0008,4651.0,2242.0,2356.0,4.0,49.0,0.0,0.0,0.0
Johnson - 0009,1478.0,286.0,1215.0,3.0,12.0,5.0,0.0,0.0
Johnson - 0010,2551.0,446.0,2008.0,80.0,0.0,0.0,0.0,10.0
Johnson - 0011,4833.0,663.0,3942.0,138.0,3.0,6.0,1.0,2.0
Johnson - 0013,2471.0,244.0,2026.0,36.0,0.0,140.0,0.0,0.0
Johnson - 0014,807.0,152.0,659.0,2.0,0.0,0.0,0.0,0.0
Johnson - 0015,2254.0,552.0,1677.0,0.0,24.0,0.0,0.0,0.0
Johnson - 0016,671.0,84.0,524.0,9.0,0.0,0.0,0.0,5.0
Johnson - 0017,6024.0,1640.0,3532.0,473.0,1.0,55.0,0.0,243.0
Johnson - 0018,6256.0,1326.0,4003.0,375.0,1.0,14.0,30.0,267.0
Johnson - 0019,4589.0,789.0,3527.0,137.0,9.0,32.0,0.0,39.0
Johnson - 0020,2341.0,1050.0,904.0,325.0,9.0,0.0,4.0,0.0
Johnson - 0021,2016.0,294.0,1650.0,5.0,17.0,0.0,24.0,0.0
Johnson - 0022,6410.0,1360.0,4539.0,212.0,0.0,188.0,0.0,0.0
Johnson - 0023,3113.0,226.0,2844.0,32.0,0.0,65.0,0.0,0.0
Johnson - 0024,4701.0,1205.0,3099.0,234.0,10.0,0.0,0.0,0.0
Johnson - 0025,3166.0,723.0,1671.0,652.0,10.0,46.0,0.0,0.0
Johnson - 0026,1812.0,206.0,1543.0,66.0,3.0,0.0,0.0,0.0
Johnson - 0027,2955.0,263.0,2580.0,27.0,4.0,27.0,0.0,0.0
Johnson - 0028,2062.0,220.0,1798.0,2.0,1.0,0.0,0.0,21.0
Johnson - 0029,1634.0,191.0,1389.0,16.0,7.0,0.0,16.0,0.0
Johnson - 0030,3919.0,599.0,3238.0,18.0,0.0,0.0,0.0,0.0
Johnson - 0031,2116.0,361.0,1732.0,12.0,17.0,0.0,0.0,0.0
Johnson - 0032,4339.0,734.0,3445.0,91.0,0.0,10.0,0.0,20.0
Johnson - 0033,4724.0,1395.0,3218.0,24.0,8.0,29.0,0.0,0.0
Johnson - 0034,3084.0,378.0,2380.0,207.0,0.0,41.0,26.0,0.0
Johnson - 0035,3626.0,638.0,2712.0,94.0,60.0,36.0,0.0,0.0
Johnson - 0036,2051.0,1052.0,751.0,133.0,0.0,37.0,4.0,0.0
Johnson - 0037,2014.0,152.0,1650.0,130.0,1.0,0.0,0.0,9.0
Johnson - 0038,1246.0,391.0,815.0,1.0,0.0,0.0,0.0,0.0
Johnson - 0039,3218.0,899.0,2058.0,125.0,0.0,0.0,53.0,24.0
Johnson - 0040,4111.0,597.0,2889.0,473.0,0.0,34.0,0.0,0.0
Johnson - 0041,5186.0,595.0,3900.0,565.0,13.0,45.0,3.0,5.0
Johnson - 0042,4331.0,1361.0,2388.0,369.0,0.0,21.0,0.0,0.0
Johnson - 0043,3008.0,405.0,1433.0,913.0,0.0,217.0,4.0,9.0
Kaufman - 0001,4839.0,1448.0,2684.0,549.0,8.0,12.0,0.0,3.0
Kaufman - 0002,2232.0,627.0,1496.0,69.0,0.0,0.0,1.0,3.0
Kaufman - 0003,2725.0,494.0,1816.0,273.0,0.0,98.0,0.0,0.0
Kaufman - 0004,2325.0,254.0,1784.0,222.0,0.0,11.0,0.0,0.0
Kaufman - 0005,2783.0,640.0,1195.0,910.0,0.0,18.0,0.0,28.0
Kaufman - 0006,2902.0,361.0,2294.0,66.0,4.0,125.0,0.0,0.0
Kaufman - 0007,3863.0,545.0,2205.0,827.0,0.0,186.0,0.0,17.0
Kaufman - 0008,3366.0,959.0,1522.0,785.0,0.0,9.0,0.0,8.0
Kaufman - 0009,2091.0,490.0,1312.0,240.0,1.0,0.0,0.0,0.0
Kaufman - 0010,2982.0,533.0,2211.0,86.0,13.0,0.0,0.0,0.0
Kaufman - 0011,4169.0,1020.0,1969.0,1154.0,0.0,39.0,0.0,24.0
Kaufman - 0012,2741.0,313.0,2383.0,23.0,11.0,1.0,0.0,0.0
Kaufman - 0013,5229.0,928.0,2657.0,1330.0,11.0,135.0,16.0,30.0
Kaufman - 0014,4437.0,932.0,1383.0,1955.0,0.0,199.0,0.0,7.0
Kaufman - 0015,3535.0,647.0,2747.0,52.0,16.0,8.0,2.0,1.0
Kaufman - 0016,4488.0,412.0,3936.0,100.0,9.0,13.0,2.0,10.0
Kaufman - 0017,2101.0,245.0,1691.0,17.0,0.0,8.0,5.0,0.0
Kaufman - 0018,3788.0,644.0,2590.0,646.0,0.0,30.0,0.0,0.0
Kaufman - 0019,3625.0,654.0,2329.0,538.0,0.0,0.0,0.0,0.0
Kaufman - 0020,1896.0,618.0,987.0,213.0,8.0,0.0,0.0,0.0
Kaufman - 0021,3948.0,1755.0,1912.0,120.0,0.0,0.0,15.0,0.0
Kaufman - 0022,1165.0,104.0,952.0,50.0,4.0,9.0,0.0,0.0
Kaufman - 0023,1823.0,345.0,1214.0,166.0,36.0,0.0,0.0,0.0
Kaufman - 0024,1402.0,260.0,972.0,184.0,5.0,16.0,0.0,0.0
Kaufman - 0025,1956.0,332.0,796.0,707.0,0.0,13.0,0.0,21.0
Kaufman - 0026,2395.0,603.0,779.0,908.0,0.0,20.0,0.0,16.0
Kaufman - 0027,4810.0,868.0,2924.0,629.0,0.0,268.0,0.0,0.0
Kaufman - 0028,2044.0,316.0,1520.0,144.0,9.0,0.0,0.0,3.0
Kaufman - 0029,4958.0,949.0,1524.0,2296.0,0.0,37.0,0.0,4.0
Kaufman - 0030,2345.0,483.0,1630.0,60.0,0.0,0.0,0.0,0.0
Kaufman - 0031,1903.0,529.0,601.0,554.0,0.0,147.0,0.0,0.0
Kaufman - 0032,3401.0,506.0,1838.0,660.0,0.0,172.0,0.0,108.0
Kaufman - 0033,828.0,70.0,558.0,190.0,0.0,0.0,0.0,4.0
Kaufman - 0034,2876.0,748.0,1692.0,376.0,4.0,23.0,0.0,0.0
Kaufman - 0035,6085.0,1545.0,2492.0,1937.0,0.0,0.0,0.0,7.0
Kaufman - 0036,3262.0,483.0,1581.0,928.0,0.0,89.0,0.0,2.0
Kaufman - 0037,2427.0,593.0,907.0,727.0,25.0,117.0,0.0,0.0
Kendall - 1010,2791.0,760.0,1931.0,0.0,0.0,76.0,0.0,0.0
Kendall - 1030,297.0,29.0,284.0,0.0,0.0,1.0,0.0,0.0
Kendall - 1050,3085.0,823.0,2056.0,20.0,0.0,154.0,0.0,0.0
Kendall - 1110,2144.0,334.0,1781.0,0.0,0.0,15.0,0.0,0.0
Kendall - 2020,2251.0,105.0,2064.0,28.0,0.0,76.0,0.0,0.0
Kendall - 2060,2140.0,531.0,1590.0,0.0,0.0,17.0,0.0,0.0
Kendall - 2080,2195.0,281.0,1866.0,1.0,0.0,12.0,0.0,0.0
Kendall - 2120,2219.0,201.0,1888.0,41.0,0.0,35.0,0.0,23.0
Kendall - 3010,2990.0,760.0,1986.0,72.0,2.0,0.0,0.0,9.0
Kendall - 3030,2517.0,228.0,2107.0,62.0,0.0,0.0,0.0,0.0
Kendall - 3040,1281.0,380.0,883.0,0.0,0.0,0.0,0.0,0.0
Kendall - 3050,2661.0,529.0,1967.0,20.0,2.0,0.0,0.0,33.0
Kendall - 3060,814.0,149.0,643.0,0.0,0.0,0.0,0.0,0.0
Kendall - 4050,2513.0,670.0,1822.0,0.0,0.0,2.0,0.0,0.0
Kendall - 4070,1472.0,180.0,1232.0,0.0,18.0,6.0,5.0,0.0
Kendall - 4090,1160.0,158.0,947.0,5.0,6.0,12.0,6.0,0.0
Kendall - 4100,3039.0,442.0,2509.0,2.0,18.0,0.0,0.0,0.0
Kleberg - 0011,738.0,537.0,164.0,0.0,0.0,12.0,0.0,0.0
Kleberg - 0012,2241.0,1069.0,1014.0,109.0,10.0,5.0,0.0,0.0
Kleberg - 0013,617.0,543.0,54.0,0.0,0.0,0.0,0.0,0.0
Kleberg - 0014,1686.0,1300.0,379.0,31.0,0.0,6.0,0.0,0.0
Kleberg - 0021,2074.0,1388.0,537.0,23.0,0.0,92.0,0.0,0.0
Kleberg - 0022,1332.0,898.0,373.0,7.0,1.0,10.0,0.0,25.0
Kleberg - 0023,396.0,226.0,86.0,0.0,0.0,0.0,0.0,76.0
Kleberg - 0024,2613.0,1645.0,524.0,303.0,11.0,23.0,0.0,0.0
Kleberg - 0031,2303.0,1392.0,758.0,120.0,15.0,7.0,0.0,4.0
Kleberg - 0032,491.0,334.0,85.0,42.0,0.0,14.0,0.0,0.0
Kleberg - 0033,315.0,156.0,135.0,6.0,6.0,4.0,0.0,0.0
Kleberg - 0034,1124.0,601.0,478.0,0.0,0.0,0.0,0.0,12.0
Kleberg - 0035,1057.0,810.0,228.0,0.0,6.0,9.0,0.0,0.0
Kleberg - 0041,1747.0,1506.0,202.0,30.0,9.0,30.0,0.0,0.0
Kleberg - 0042,956.0,907.0,30.0,21.0,0.0,0.0,0.0,0.0
Kleberg - 0043,1742.0,1567.0,96.0,49.0,0.0,20.0,0.0,0.0
Kleberg - 0044,747.0,641.0,129.0,6.0,0.0,0.0,0.0,0.0
Liberty - 0002,1203.0,144.0,1056.0,12.0,0.0,0.0,0.0,5.0
Liberty - 0003,2674.0,315.0,2002.0,27.0,0.0,5.0,0.0,6.0
Liberty - 0004,556.0,125.0,389.0,40.0,0.0,0.0,0.0,0.0
Liberty - 0006,962.0,115.0,653.0,30.0,0.0,0.0,0.0,0.0
Liberty - 0007,1903.0,356.0,1051.0,477.0,0.0,5.0,0.0,0.0
Liberty - 0009,3088.0,174.0,2682.0,5.0,0.0,118.0,5.0,0.0
Liberty - 0011,610.0,82.0,430.0,117.0,0.0,0.0,0.0,0.0
Liberty - 0013,1040.0,115.0,889.0,24.0,0.0,0.0,0.0,2.0
Liberty - 0018,1136.0,123.0,263.0,888.0,0.0,0.0,0.0,0.0
Liberty - 001A,1684.0,215.0,1414.0,15.0,0.0,0.0,0.0,0.0
Liberty - 0020,4980.0,858.0,2783.0,1242.0,0.0,0.0,12.0,37.0
Liberty - 0021,4083.0,509.0,3273.0,254.0,0.0,0.0,0.0,0.0
Liberty - 0022,4174.0,1216.0,2557.0,274.0,0.0,0.0,0.0,0.0
Liberty - 0023,2861.0,2093.0,377.0,147.0,0.0,40.0,0.0,0.0
Liberty - 0024,3639.0,773.0,2792.0,63.0,0.0,0.0,0.0,0.0
Liberty - 0025,1945.0,235.0,1680.0,21.0,0.0,0.0,0.0,0.0
Liberty - 0026,3314.0,1041.0,2073.0,141.0,0.0,35.0,0.0,45.0
Liberty - 0030,2023.0,476.0,1390.0,109.0,0.0,0.0,0.0,0.0
Liberty - 0031,2955.0,1610.0,1133.0,126.0,0.0,39.0,0.0,24.0
Liberty - 008A,3068.0,362.0,2518.0,122.0,0.0,0.0,4.0,0.0
Liberty - 010A,7674.0,1537.0,4751.0,1137.0,23.0,0.0,5.0,17.0
Liberty - 019A,5140.0,820.0,3521.0,602.0,0.0,0.0,8.0,0.0
Lubbock - 0001,4417.0,2412.0,1671.0,251.0,10.0,14.0,0.0,18.0
Lubbock - 0002,2482.0,1284.0,896.0,194.0,0.0,4.0,0.0,0.0
Lubbock - 0003,2875.0,1697.0,762.0,212.0,4.0,154.0,0.0,12.0
Lubbock - 0004,1306.0,1044.0,195.0,60.0,4.0,0.0,0.0,0.0
Lubbock - 0005,2003.0,1157.0,469.0,318.0,4.0,0.0,0.0,0.0
Lubbock - 0006,1474.0,413.0,145.0,886.0,0.0,0.0,0.0,0.0
Lubbock - 0007,3635.0,967.0,2496.0,112.0,0.0,41.0,0.0,0.0
Lubbock - 0008,3710.0,785.0,2464.0,102.0,0.0,261.0,0.0,5.0
Lubbock - 0009,2853.0,685.0,2423.0,61.0,0.0,82.0,16.0,2.0
Lubbock - 0010,1908.0,779.0,783.0,267.0,20.0,57.0,0.0,0.0
Lubbock - 0011,259.0,177.0,61.0,23.0,0.0,0.0,0.0,0.0
Lubbock - 0012,2154.0,385.0,1723.0,7.0,8.0,0.0,0.0,0.0
Lubbock - 0013,1166.0,498.0,600.0,62.0,0.0,0.0,0.0,0.0
Lubbock - 0014,2587.0,829.0,1462.0,168.0,0.0,99.0,0.0,18.0
Lubbock - 0015,3668.0,626.0,2929.0,32.0,6.0,26.0,0.0,10.0
Lubbock - 0017,4320.0,1424.0,2413.0,380.0,26.0,19.0,0.0,0.0
Lubbock - 0019,2512.0,2090.0,215.0,179.0,0.0,0.0,0.0,4.0
Lubbock - 0020,1451.0,240.0,63.0,1085.0,0.0,0.0,0.0,0.0
Lubbock - 0021,3081.0,1305.0,1445.0,191.0,0.0,0.0,23.0,0.0
Lubbock - 0022,3509.0,898.0,2267.0,157.0,0.0,80.0,0.0,0.0
Lubbock - 0023,1848.0,342.0,1303.0,55.0,1.0,35.0,0.0,15.0
Lubbock - 0024,3141.0,1660.0,1167.0,184.0,3.0,0.0,0.0,15.0
Lubbock - 0025,1479.0,926.0,414.0,89.0,0.0,15.0,0.0,0.0
Lubbock - 0026,3449.0,2509.0,663.0,182.0,0.0,11.0,0.0,0.0
Lubbock - 0027,5792.0,2534.0,2434.0,698.0,10.0,17.0,0.0,0.0
Lubbock - 0028,2262.0,649.0,1285.0,280.0,0.0,9.0,0.0,0.0
Lubbock - 0029,4992.0,3277.0,1253.0,387.0,0.0,34.0,0.0,0.0
Lubbock - 0030,3257.0,927.0,1925.0,346.0,0.0,10.0,0.0,0.0
Lubbock - 0031,1720.0,314.0,1339.0,49.0,21.0,0.0,0.0,0.0
Lubbock - 0032,1764.0,643.0,960.0,110.0,0.0,56.0,0.0,0.0
Lubbock - 0033,4387.0,1253.0,2881.0,20.0,0.0,15.0,0.0,20.0
Lubbock - 0034,1684.0,595.0,794.0,246.0,0.0,11.0,0.0,0.0
Lubbock - 0035,751.0,97.0,636.0,4.0,8.0,11.0,0.0,0.0
Lubbock - 0036,2436.0,886.0,1445.0,48.0,0.0,0.0,0.0,0.0
Lubbock - 0037,1189.0,296.0,670.0,276.0,0.0,40.0,0.0,0.0
Lubbock - 0038,2042.0,1404.0,555.0,88.0,0.0,0.0,14.0,0.0
Lubbock - 0039,1669.0,321.0,1295.0,49.0,0.0,6.0,0.0,0.0
Lubbock - 0040,1219.0,470.0,59.0,697.0,0.0,0.0,0.0,0.0
Lubbock - 0041,2681.0,1015.0,1593.0,37.0,0.0,0.0,0.0,0.0
Lubbock - 0043,1000.0,214.0,806.0,9.0,0.0,7.0,0.0,0.0
Lubbock - 0044,1245.0,381.0,815.0,0.0,0.0,1.0,0.0,0.0
Lubbock - 0045,579.0,295.0,262.0,18.0,0.0,15.0,0.0,0.0
Lubbock - 0046,2614.0,734.0,1765.0,7.0,5.0,7.0,15.0,6.0
Lubbock - 0047,3339.0,1119.0,1881.0,299.0,16.0,15.0,0.0,2.0
Lubbock - 0049,2976.0,425.0,1615.0,150.0,0.0,23.0,0.0,27.0
Lubbock - 0050,4587.0,902.0,2987.0,613.0,53.0,148.0,17.0,0.0
Lubbock - 0051,224.0,86.0,115.0,4.0,2.0,15.0,0.0,0.0
Lubbock - 0052,3429.0,831.0,2252.0,225.0,0.0,78.0,0.0,0.0
Lubbock - 0053,4708.0,1649.0,2633.0,219.0,0.0,50.0,0.0,8.0
Lubbock - 0054,3153.0,394.0,2603.0,57.0,0.0,64.0,0.0,0.0
Lubbock - 0056,1364.0,403.0,864.0,18.0,10.0,0.0,0.0,0.0
Lubbock - 0057,4228.0,1151.0,2745.0,55.0,11.0,164.0,0.0,0.0
Lubbock - 0058,1881.0,491.0,1224.0,111.0,0.0,45.0,0.0,0.0
Lubbock - 0059,4318.0,1627.0,2127.0,295.0,0.0,135.0,21.0,47.0
Lubbock - 0060,1180.0,92.0,1051.0,0.0,0.0,14.0,0.0,0.0
Lubbock - 0062,3218.0,721.0,2309.0,51.0,0.0,9.0,0.0,95.0
Lubbock - 0063,248.0,96.0,128.0,11.0,6.0,0.0,0.0,0.0
Lubbock - 0065,1813.0,692.0,1003.0,44.0,9.0,52.0,0.0,0.0
Lubbock - 0066,2559.0,497.0,1979.0,0.0,0.0,36.0,0.0,0.0
Lubbock - 0067,2697.0,1012.0,1592.0,70.0,0.0,1.0,0.0,0.0
Lubbock - 0072,4092.0,1379.0,2455.0,116.0,10.0,39.0,0.0,104.0
Lubbock - 0075,1114.0,241.0,784.0,6.0,0.0,49.0,0.0,0.0
Lubbock - 0076,2555.0,912.0,1352.0,114.0,0.0,134.0,0.0,0.0
Lubbock - 0078,2664.0,353.0,2219.0,0.0,8.0,64.0,0.0,8.0
Lubbock - 0092,688.0,232.0,400.0,21.0,0.0,11.0,0.0,0.0
Lubbock - 0102,528.0,67.0,432.0,0.0,1.0,0.0,0.0,0.0
Lubbock - 0103,601.0,169.0,433.0,0.0,3.0,0.0,0.0,0.0
Lubbock - 0104,928.0,153.0,665.0,18.0,0.0,97.0,0.0,0.0
Lubbock - 0108,1655.0,603.0,872.0,109.0,0.0,80.0,0.0,0.0
Lubbock - 0109,2843.0,348.0,2425.0,0.0,10.0,40.0,0.0,0.0
Lubbock - 0110,3855.0,200.0,3448.0,35.0,21.0,160.0,0.0,0.0
Lubbock - 0111,2362.0,259.0,1800.0,108.0,0.0,191.0,0.0,0.0
Lubbock - 0112,2212.0,352.0,1674.0,74.0,11.0,31.0,0.0,0.0
Lubbock - 0113,3751.0,1469.0,1433.0,401.0,0.0,240.0,51.0,26.0
Lubbock - 0114,560.0,248.0,136.0,80.0,0.0,0.0,0.0,96.0
Lubbock - 0118,2158.0,662.0,1069.0,391.0,0.0,0.0,11.0,0.0
Lubbock - 0119,4112.0,1637.0,1703.0,631.0,0.0,73.0,38.0,0.0
Lubbock - 0120,4334.0,1023.0,3107.0,20.0,8.0,7.0,4.0,12.0
Lubbock - 0121,3620.0,762.0,2794.0,46.0,11.0,0.0,0.0,4.0
Lubbock - 0122,2387.0,1122.0,1125.0,88.0,0.0,10.0,0.0,0.0
Lubbock - 0123,2127.0,513.0,1435.0,95.0,7.0,77.0,0.0,0.0
Lubbock - 0124,1514.0,184.0,1278.0,27.0,0.0,14.0,0.0,0.0
Lubbock - 0125,1799.0,414.0,1283.0,43.0,0.0,45.0,0.0,0.0
Lubbock - 0126,1662.0,408.0,1132.0,86.0,0.0,20.0,0.0,0.0
Lubbock - 0127,3109.0,932.0,2043.0,115.0,0.0,7.0,0.0,5.0
Lubbock - 0128,1914.0,207.0,1577.0,103.0,0.0,0.0,0.0,0.0
Lubbock - 0129,4084.0,1079.0,2722.0,96.0,0.0,109.0,0.0,0.0
Lubbock - 0135,422.0,28.0,360.0,33.0,0.0,0.0,0.0,0.0
Lubbock - 0138,499.0,115.0,344.0,3.0,18.0,0.0,0.0,0.0
Lubbock - 0139,1789.0,595.0,1121.0,19.0,4.0,15.0,0.0,0.0
Lubbock - 0140,2343.0,429.0,1820.0,48.0,2.0,1.0,0.0,0.0
Lubbock - 0141,2993.0,917.0,1776.0,181.0,12.0,0.0,0.0,0.0
Lubbock - 0142,205.0,65.0,148.0,1.0,3.0,0.0,0.0,0.0
Lubbock - 0151,889.0,200.0,670.0,0.0,0.0,0.0,0.0,0.0
Lubbock - 0152,2241.0,626.0,1257.0,208.0,48.0,89.0,0.0,7.0
Lubbock - 0153,2101.0,1407.0,188.0,419.0,0.0,1.0,0.0,0.0
Lubbock - 0154,4084.0,1028.0,2664.0,195.0,0.0,119.0,0.0,14.0
Lubbock - 0155,2114.0,351.0,1751.0,9.0,28.0,0.0,0.0,0.0
Lubbock - 0178,258.0,79.0,173.0,4.0,0.0,0.0,0.0,0.0
Madison - 0101,3823.0,927.0,1720.0,796.0,9.0,72.0,0.0,19.0
Madison - 0202,2165.0,371.0,1552.0,160.0,7.0,0.0,0.0,0.0
Madison - 0303,2017.0,242.0,925.0,839.0,0.0,13.0,4.0,0.0
Madison - 0404,1818.0,235.0,1543.0,22.0,0.0,8.0,13.0,0.0
Menard - 0004A,220.0,56.0,158.0,0.0,0.0,0.0,0.0,0.0
Menard - 0004B,3.0,0.0,0.0,5.0,0.0,0.0,0.0,0.0
Midland - 0101,1345.0,403.0,838.0,123.0,0.0,9.0,0.0,0.0
Midland - 0102,3076.0,1401.0,1391.0,106.0,6.0,38.0,0.0,0.0
Midland - 0103,3888.0,1669.0,1884.0,76.0,41.0,79.0,0.0,13.0
Midland - 0104,1570.0,1086.0,431.0,0.0,0.0,0.0,0.0,0.0
Midland - 0105,1939.0,859.0,797.0,236.0,9.0,0.0,0.0,0.0
Midland - 0106,4166.0,2015.0,1701.0,347.0,44.0,59.0,0.0,0.0
Midland - 0107,4288.0,1192.0,2364.0,421.0,15.0,267.0,4.0,0.0
Midland - 0109,1093.0,613.0,391.0,95.0,0.0,0.0,0.0,0.0
Midland - 0110,2945.0,386.0,2341.0,39.0,0.0,174.0,0.0,0.0
Midland - 0201,4004.0,1744.0,2034.0,13.0,0.0,91.0,0.0,29.0
Midland - 0202,3581.0,832.0,2715.0,25.0,0.0,0.0,0.0,0.0
Midland - 0203,903.0,606.0,340.0,1.0,0.0,0.0,0.0,0.0
Midland - 0204,5077.0,1626.0,3072.0,141.0,0.0,69.0,0.0,12.0
Midland - 0205,1534.0,196.0,1342.0,0.0,12.0,0.0,5.0,0.0
Midland - 0206,1827.0,529.0,1251.0,58.0,14.0,4.0,0.0,0.0
Midland - 0207,3555.0,1324.0,1966.0,154.0,18.0,27.0,0.0,11.0
Midland - 0208,833.0,320.0,460.0,24.0,1.0,0.0,0.0,0.0
Midland - 0210,1872.0,644.0,824.0,344.0,0.0,15.0,0.0,0.0
Midland - 0211,6754.0,3704.0,2426.0,645.0,0.0,71.0,0.0,0.0
Midland - 0302,6129.0,3028.0,2847.0,192.0,0.0,0.0,0.0,0.0
Midland - 0303,202.0,111.0,69.0,22.0,0.0,0.0,0.0,0.0
Midland - 0304,2274.0,1855.0,239.0,141.0,0.0,3.0,0.0,0.0
Midland - 0305,2714.0,1500.0,361.0,802.0,0.0,1.0,0.0,0.0
Midland - 0306,4030.0,2954.0,328.0,736.0,0.0,5.0,0.0,0.0
Midland - 0307,1412.0,286.0,1006.0,73.0,0.0,0.0,0.0,0.0
Midland - 0308,3018.0,1531.0,898.0,552.0,33.0,0.0,4.0,0.0
Midland - 0309,1388.0,843.0,254.0,230.0,7.0,3.0,0.0,0.0
Midland - 0310,901.0,560.0,270.0,33.0,0.0,0.0,0.0,0.0
Midland - 0401,1277.0,300.0,890.0,0.0,0.0,58.0,3.0,0.0
Midland - 0402,1368.0,216.0,1053.0,45.0,4.0,0.0,0.0,11.0
Midland - 0403,3354.0,640.0,2601.0,40.0,8.0,40.0,0.0,0.0
Midland - 0404,2548.0,637.0,1516.0,137.0,5.0,0.0,0.0,212.0
Midland - 0405,3148.0,871.0,2227.0,17.0,0.0,18.0,5.0,0.0
Midland - 0406,3240.0,940.0,1883.0,233.0,0.0,180.0,0.0,0.0
Midland - 0407,4481.0,1813.0,1848.0,564.0,0.0,203.0,0.0,4.0
Midland - 0408,1887.0,314.0,1391.0,19.0,0.0,32.0,28.0,2.0
Midland - 0409,2625.0,707.0,1596.0,317.0,0.0,45.0,0.0,0.0
Midland - 0410,2036.0,434.0,1474.0,0.0,0.0,105.0,6.0,0.0
Midland - 0411,2669.0,464.0,1833.0,161.0,0.0,95.0,4.0,6.0
Midland - 101A,21.0,9.0,4.0,0.0,0.0,1.0,0.0,0.0
Midland - 108A,729.0,120.0,567.0,10.0,0.0,0.0,0.0,0.0
Midland - 109A,19.0,19.0,4.0,0.0,0.0,0.0,0.0,0.0
Midland - 202A,4229.0,1766.0,2210.0,205.0,0.0,0.0,0.0,0.0
Midland - 307A,1338.0,653.0,459.0,150.0,0.0,0.0,0.0,0.0
Midland - 309A,137.0,56.0,50.0,5.0,0.0,0.0,0.0,0.0
Navarro - 0101,1853.0,170.0,1116.0,369.0,0.0,8.0,34.0,10.0
Navarro - 0103,2023.0,78.0,1753.0,210.0,0.0,0.0,0.0,4.0
Navarro - 0104,1026.0,365.0,536.0,65.0,8.0,0.0,0.0,0.0
Navarro - 0105,359.0,101.0,203.0,18.0,0.0,1.0,0.0,0.0
Navarro - 0106,704.0,422.0,309.0,7.0,0.0,0.0,0.0,0.0
Navarro - 0107,1702.0,644.0,710.0,168.0,0.0,0.0,0.0,0.0
Navarro - 0108,614.0,79.0,530.0,9.0,0.0,0.0,0.0,0.0
Navarro - 0109,551.0,92.0,425.0,8.0,0.0,0.0,0.0,0.0
Navarro - 0200,1211.0,250.0,587.0,320.0,11.0,4.0,0.0,0.0
Navarro - 0201,837.0,111.0,139.0,536.0,3.0,0.0,0.0,0.0
Navarro - 0202,1184.0,640.0,172.0,301.0,1.0,5.0,0.0,0.0
Navarro - 0203,2405.0,216.0,1720.0,420.0,0.0,0.0,0.0,8.0
Navarro - 0204,239.0,28.0,148.0,45.0,0.0,0.0,0.0,1.0
Navarro - 0205,1174.0,91.0,1096.0,2.0,1.0,0.0,0.0,0.0
Navarro - 0206,717.0,142.0,545.0,7.0,0.0,0.0,0.0,0.0
Navarro - 0300,4829.0,1578.0,2323.0,358.0,60.0,242.0,0.0,0.0
Navarro - 0301,382.0,115.0,225.0,23.0,0.0,5.0,0.0,0.0
Navarro - 0303,1611.0,138.0,1192.0,234.0,0.0,0.0,0.0,16.0
Navarro - 0304,1170.0,87.0,1043.0,6.0,1.0,0.0,0.0,0.0
Navarro - 0305,834.0,148.0,604.0,11.0,5.0,0.0,0.0,5.0
Navarro - 0306,390.0,70.0,271.0,4.0,0.0,0.0,0.0,20.0
Navarro - 0307,545.0,131.0,385.0,29.0,5.0,0.0,0.0,0.0
Navarro - 0308,489.0,26.0,467.0,4.0,2.0,0.0,0.0,0.0
Navarro - 0400,1675.0,206.0,1137.0,216.0,0.0,14.0,0.0,1.0
Navarro - 0401,745.0,262.0,331.0,115.0,0.0,13.0,0.0,0.0
Navarro - 0402,2158.0,259.0,1592.0,259.0,0.0,7.0,0.0,11.0
Navarro - 0403,1521.0,114.0,1310.0,14.0,6.0,1.0,0.0,0.0
Navarro - 0404,1371.0,239.0,978.0,20.0,6.0,0.0,0.0,6.0
Navarro - 0405,1126.0,125.0,854.0,70.0,0.0,0.0,0.0,6.0
Navarro - 0406,203.0,11.0,154.0,0.0,0.0,0.0,0.0,2.0
Newton - 0008A,346.0,0.0,285.0,39.0,0.0,13.0,0.0,0.0
Newton - 0008B,178.0,10.0,49.0,94.0,0.0,0.0,0.0,0.0
Newton - 0008C,5.0,0.0,5.0,0.0,0.0,0.0,0.0,0.0
Nueces - 0008A,2275.0,1248.0,792.0,101.0,0.0,121.0,0.0,0.0
Nueces - 0008B,32.0,11.0,17.0,0.0,0.0,1.0,0.0,0.0
Nueces - 0008C,0.0,0.0,0.0,0.0,0.0,0.0,0.0,0.0
Nueces - 0092A,2298.0,947.0,1229.0,86.0,25.0,11.0,0.0,0.0
Nueces - 0092B,86.0,39.0,48.0,0.0,0.0,0.0,0.0,0.0
Randall - 0103,2677.0,749.0,1658.0,113.0,0.0,7.0,1.0,61.0
Randall - 0110,3082.0,751.0,2210.0,0.0,44.0,50.0,0.0,19.0
Randall - 0111,6874.0,3178.0,3123.0,201.0,0.0,118.0,30.0,168.0
Randall - 0112,5581.0,2587.0,2770.0,128.0,0.0,39.0,0.0,0.0
Randall - 0114,4081.0,1053.0,2661.0,145.0,0.0,11.0,23.0,0.0
Randall - 0123,756.0,40.0,695.0,0.0,0.0,2.0,1.0,0.0
Randall - 0131,3081.0,509.0,2413.0,27.0,23.0,16.0,8.0,0.0
Randall - 0204,5424.0,1150.0,4001.0,5.0,0.0,182.0,0.0,5.0
Randall - 0208,1235.0,86.0,1095.0,0.0,0.0,18.0,0.0,0.0
Randall - 0216,2822.0,907.0,1707.0,11.0,0.0,209.0,0.0,0.0
Randall - 0222,4711.0,617.0,3670.0,266.0,0.0,70.0,5.0,27.0
Randall - 0227,3477.0,408.0,2809.0,5.0,8.0,218.0,0.0,0.0
Randall - 0228,4731.0,727.0,3700.0,116.0,0.0,89.0,0.0,5.0
Randall - 0230,4970.0,606.0,4026.0,59.0,23.0,0.0,4.0,12.0
Randall - 0301,1965.0,118.0,1717.0,0.0,0.0,62.0,0.0,0.0
Randall - 0302,2982.0,655.0,2238.0,90.0,0.0,79.0,0.0,0.0
Randall - 0305,3413.0,464.0,2837.0,60.0,19.0,0.0,0.0,0.0
Randall - 0306,2568.0,165.0,2232.0,120.0,0.0,13.0,0.0,0.0
Randall - 0307,1326.0,88.0,1201.0,9.0,0.0,0.0,0.0,0.0
Randall - 0309,4733.0,755.0,3711.0,41.0,10.0,44.0,0.0,0.0
Randall - 0315,413.0,3.0,417.0,0.0,3.0,0.0,0.0,0.0
Randall - 0317,229.0,96.0,134.0,0.0,0.0,7.0,0.0,0.0
Randall - 0324,4935.0,399.0,4182.0,96.0,36.0,75.0,0.0,10.0
Randall - 0325,2122.0,455.0,1599.0,5.0,0.0,60.0,0.0,6.0
Randall - 0332,2625.0,522.0,2052.0,0.0,0.0,9.0,0.0,5.0
Randall - 0415,4525.0,1576.0,2537.0,135.0,0.0,96.0,0.0,0.0
Randall - 0418,5053.0,1215.0,3284.0,382.0,0.0,0.0,0.0,66.0
Randall - 0420,3421.0,344.0,2782.0,64.0,27.0,0.0,0.0,11.0
Randall - 0421,5635.0,953.0,4176.0,374.0,4.0,0.0,31.0,0.0
Randall - 0426,4333.0,958.0,3173.0,55.0,4.0,49.0,0.0,18.0
Randall - 0429,4666.0,787.0,3647.0,106.0,24.0,9.0,0.0,34.0
Reagan - 0003A,419.0,250.0,132.0,16.0,0.0,4.0,0.0,3.0
Reagan - 0003B,42.0,5.0,48.0,0.0,0.0,0.0,0.0,0.0
Refugio - 0001,654.0,408.0,112.0,107.0,0.0,0.0,0.0,0.0
Refugio - 0002,863.0,279.0,598.0,7.0,0.0,0.0,0.0,0.0
Refugio - 0003,558.0,198.0,307.0,40.0,4.0,0.0,0.0,0.0
Refugio - 0004,684.0,394.0,137.0,138.0,3.0,0.0,0.0,0.0
Refugio - 001A,695.0,465.0,186.0,5.0,0.0,0.0,0.0,0.0
Refugio - 002A,185.0,46.0,131.0,0.0,0.0,0.0,0.0,0.0
Refugio - 002B,253.0,82.0,162.0,0.0,0.0,0.0,0.0,0.0
Refugio - 003A,738.0,228.0,402.0,59.0,0.0,0.0,0.0,0.0
Refugio - 004A,436.0,222.0,209.0,0.0,0.0,0.0,0.0,0.0
Refugio - 004B,128.0,47.0,86.0,0.0,0.0,0.0,0.0,0.0
Roberts - 0001,163.0,10.0,148.0,0.0,0.0,0.0,0.0,0.0
Roberts - 0002,137.0,10.0,126.0,0.0,0.0,0.0,0.0,0.0
Roberts - 0003,162.0,22.0,136.0,0.0,0.0,0.0,0.0,0.0
Roberts - 04-1,74.0,2.0,67.0,0.0,0.0,0.0,0.0,0.0
Roberts - 04-2,73.0,2.0,68.0,0.0,0.0,0.0,0.0,0.0
Runnels - 0001,1718.0,490.0,1029.0,152.0,0.0,0.0,0.0,0.0
Runnels - 0003,1776.0,535.0,1229.0,10.0,0.0,0.0,0.0,0.0
Runnels - 0004,329.0,149.0,163.0,8.0,0.0,0.0,0.0,0.0
Runnels - 0005,122.0,22.0,98.0,0.0,0.0,0.0,0.0,0.0
Runnels - 0006,94.0,29.0,69.0,0.0,0.0,0.0,0.0,0.0
Runnels - 0007,1432.0,421.0,901.0,85.0,0.0,9.0,0.0,0.0
Runnels - 0008,721.0,132.0,567.0,10.0,0.0,2.0,0.0,0.0
Runnels - 0009,792.0,372.0,445.0,6.0,0.0,0.0,0.0,0.0
Runnels - 0010,346.0,78.0,249.0,3.0,0.0,0.0,0.0,0.0
Sherman - 0101,100.0,45.0,56.0,0.0,0.0,0.0,0.0,0.0
Sherman - 0102,271.0,97.0,157.0,0.0,0.0,0.0,0.0,0.0
Sherman - 0201,236.0,93.0,128.0,0.0,0.0,0.0,0.0,0.0
Sherman - 0202,123.0,32.0,87.0,0.0,0.0,0.0,0.0,0.0
Sherman - 0301,159.0,37.0,136.0,0.0,0.0,0.0,0.0,0.0
Sherman - 0302,243.0,76.0,169.0,0.0,0.0,0.0,0.0,0.0
Sherman - 0401,367.0,87.0,299.0,0.0,0.0,0.0,0.0,0.0
Swisher - 0001,1024.0,432.0,361.0,221.0,0.0,0.0,0.0,0.0
Swisher - 0002,1205.0,515.0,578.0,69.0,0.0,0.0,0.0,0.0
Swisher - 0003,908.0,303.0,559.0,15.0,32.0,0.0,0.0,0.0
Swisher - 0004,797.0,447.0,208.0,137.0,0.0,0.0,0.0,0.0
Swisher - 0006,399.0,258.0,138.0,5.0,0.0,0.0,0.0,0.0
Swisher - 0007,453.0,45.0,397.0,0.0,9.0,0.0,0.0,0.0
Swisher - 0009,27.0,0.0,28.0,0.0,0.0,0.0,0.0,0.0
Swisher - 0011,338.0,148.0,175.0,5.0,0.0,0.0,0.0,0.0
Tarrant - 1001,1928.0,266.0,1387.0,247.0,16.0,41.0,8.0,22.0
Tarrant - 1004,2979.0,605.0,1235.0,834.0,0.0,0.0,0.0,41.0
Tarrant - 1005,731.0,164.0,54.0,545.0,0.0,0.0,0.0,0.0
Tarrant - 1008,246.0,149.0,20.0,93.0,0.0,0.0,0.0,0.0
Tarrant - 1009,1670.0,233.0,1205.0,180.0,0.0,0.0,0.0,0.0
Tarrant - 1010,770.0,231.0,170.0,266.0,0.0,0.0,0.0,0.0
Tarrant - 1011,1428.0,847.0,186.0,385.0,0.0,18.0,6.0,0.0
Tarrant - 1012,2283.0,651.0,1095.0,412.0,0.0,18.0,0.0,0.0
Tarrant - 1013,2516.0,1295.0,198.0,1011.0,0.0,0.0,0.0,0.0
Tarrant - 1014,1128.0,568.0,405.0,144.0,0.0,6.0,5.0,0.0
Tarrant - 1015,1618.0,691.0,739.0,169.0,0.0,47.0,0.0,0.0
Tarrant - 1019,748.0,490.0,172.0,47.0,23.0,6.0,0.0,0.0
Tarrant - 1021,2557.0,358.0,2001.0,116.0,0.0,8.0,0.0,0.0
Tarrant - 1022,1219.0,377.0,704.0,87.0,0.0,0.0,0.0,14.0
Tarrant - 1023,3344.0,555.0,1735.0,976.0,0.0,31.0,0.0,11.0
Tarrant - 1024,1131.0,189.0,836.0,28.0,1.0,39.0,0.0,0.0
Tarrant - 1025,2859.0,1039.0,796.0,995.0,0.0,0.0,0.0,0.0
Tarrant - 1034,3697.0,352.0,2934.0,457.0,7.0,18.0,0.0,21.0
Tarrant - 1056,901.0,115.0,332.0,419.0,0.0,0.0,0.0,0.0
Tarrant - 1059,716.0,263.0,185.0,230.0,0.0,48.0,0.0,0.0
Tarrant - 1061,593.0,179.0,74.0,367.0,0.0,11.0,0.0,0.0
Tarrant - 1062,21.0,2.0,21.0,0.0,0.0,0.0,0.0,0.0
Tarrant - 1064,0.0,0.0,0.0,0.0,0.0,0.0,0.0,0.0
Tarrant - 1066,1109.0,507.0,326.0,320.0,0.0,18.0,0.0,0.0
Tarrant - 1071,4713.0,689.0,1726.0,1815.0,0.0,85.0,0.0,0.0
Tarrant - 1074,1491.0,976.0,174.0,267.0,0.0,7.0,0.0,0.0
Tarrant - 1075,1101.0,750.0,120.0,181.0,0.0,0.0,3.0,5.0
Tarrant - 1076,1480.0,120.0,1180.0,145.0,0.0,14.0,0.0,0.0
Tarrant - 1078,1109.0,388.0,191.0,552.0,0.0,0.0,0.0,0.0
Tarrant - 1079,1050.0,542.0,79.0,436.0,0.0,6.0,0.0,0.0
Tarrant - 1080,1440.0,402.0,113.0,946.0,0.0,0.0,0.0,0.0
Tarrant - 1081,3728.0,512.0,2064.0,598.0,11.0,207.0,5.0,1.0
Tarrant - 1082,1088.0,612.0,263.0,84.0,37.0,48.0,0.0,8.0
Tarrant - 1083,942.0,560.0,108.0,258.0,0.0,0.0,0.0,0.0
Tarrant - 1084,0.0,0.0,0.0,0.0,0.0,0.0,0.0,0.0
Tarrant - 1085,811.0,259.0,270.0,291.0,0.0,29.0,0.0,11.0
Tarrant - 1088,1693.0,1000.0,130.0,451.0,8.0,0.0,0.0,0.0
Tarrant - 1089,1734.0,613.0,243.0,845.0,0.0,0.0,0.0,0.0
Tarrant - 1090,1941.0,607.0,168.0,1131.0,0.0,15.0,0.0,7.0
Tarrant - 1094,2106.0,495.0,1174.0,363.0,0.0,13.0,0.0,0.0
Tarrant - 1095,869.0,20.0,850.0,0.0,0.0,0.0,0.0,7.0
Tarrant - 1098,3140.0,1239.0,201.0,1630.0,0.0,13.0,20.0,0.0
Tarrant - 1099,1167.0,645.0,251.0,277.0,0.0,1.0,0.0,0.0
Tarrant - 1103,1711.0,400.0,962.0,254.0,0.0,53.0,0.0,61.0
Tarrant - 1104,3189.0,686.0,327.0,2084.0,53.0,0.0,0.0,11.0
Tarrant - 1105,1773.0,508.0,727.0,351.0,0.0,156.0,0.0,0.0
Tarrant - 1106,2048.0,579.0,24.0,1418.0,0.0,0.0,0.0,0.0
Tarrant - 1108,2432.0,292.0,2003.0,35.0,0.0,20.0,0.0,0.0
Tarrant - 1109,2006.0,994.0,726.0,151.0,4.0,17.0,0.0,7.0
Tarrant - 1111,2667.0,227.0,2290.0,74.0,14.0,23.0,0.0,0.0
Tarrant - 1117,2346.0,203.0,2034.0,31.0,0.0,7.0,0.0,0.0
Tarrant - 1119,5343.0,1423.0,1978.0,1625.0,5.0,236.0,0.0,0.0
Tarrant - 1120,3381.0,533.0,413.0,2249.0,0.0,11.0,0.0,0.0
Tarrant - 1126,1769.0,409.0,408.0,675.0,40.0,221.0,0.0,0.0
Tarrant - 1127,1680.0,356.0,48.0,1219.0,0.0,57.0,0.0,0.0
Tarrant - 1132,2093.0,850.0,0.0,1186.0,0.0,17.0,0.0,0.0
Tarrant - 1133,1977.0,663.0,1154.0,214.0,0.0,3.0,0.0,0.0
Tarrant - 1142,1055.0,303.0,664.0,44.0,0.0,0.0,0.0,13.0
Tarrant - 1146,2445.0,591.0,959.0,726.0,9.0,70.0,0.0,0.0
Tarrant - 1149,3188.0,1114.0,664.0,1271.0,0.0,43.0,0.0,0.0
Tarrant - 1150,2210.0,1124.0,407.0,537.0,0.0,147.0,0.0,0.0
Tarrant - 1151,1692.0,240.0,523.0,835.0,59.0,47.0,0.0,0.0
Tarrant - 1153,1720.0,553.0,127.0,1034.0,0.0,0.0,0.0,6.0
Tarrant - 1154,2708.0,558.0,777.0,1102.0,50.0,98.0,126.0,0.0
Tarrant - 1165,199.0,63.0,164.0,5.0,0.0,0.0,0.0,1.0
Tarrant - 1167,2347.0,742.0,1258.0,270.0,0.0,72.0,0.0,0.0
Tarrant - 1170,3286.0,1191.0,1397.0,651.0,4.0,3.0,0.0,12.0
Tarrant - 1175,3187.0,509.0,1318.0,281.0,0.0,692.0,0.0,124.0
Tarrant - 1184,1442.0,326.0,623.0,290.0,67.0,45.0,0.0,0.0
Tarrant - 1186,1201.0,136.0,957.0,27.0,0.0,84.0,0.0,0.0
Tarrant - 1188,487.0,156.0,21.0,313.0,0.0,0.0,0.0,0.0
Tarrant - 1189,2698.0,855.0,1309.0,445.0,0.0,51.0,0.0,0.0
Tarrant - 1197,2234.0,144.0,883.0,709.0,0.0,406.0,0.0,7.0
Tarrant - 1198,870.0,580.0,219.0,8.0,0.0,63.0,0.0,0.0
Tarrant - 1199,299.0,28.0,229.0,14.0,0.0,24.0,0.0,0.0
Tarrant - 1206,3016.0,670.0,2245.0,17.0,12.0,0.0,0.0,0.0
Tarrant - 1207,3535.0,628.0,1689.0,970.0,0.0,90.0,0.0,22.0
Tarrant - 1208,2150.0,124.0,1822.0,59.0,2.0,85.0,0.0,0.0
Tarrant - 1211,3333.0,954.0,137.0,2288.0,8.0,0.0,0.0,0.0
Tarrant - 1227,2348.0,351.0,262.0,1450.0,19.0,41.0,0.0,0.0
Tarrant - 1236,846.0,295.0,290.0,125.0,0.0,0.0,0.0,0.0
Tarrant - 1237,961.0,764.0,103.0,82.0,0.0,8.0,0.0,0.0
Tarrant - 1238,4306.0,1368.0,1031.0,1596.0,0.0,168.0,0.0,0.0
Tarrant - 1241,442.0,50.0,83.0,326.0,0.0,0.0,0.0,0.0
Tarrant - 1244,173.0,40.0,152.0,7.0,0.0,0.0,0.0,0.0
Tarrant - 1251,3774.0,994.0,779.0,1822.0,0.0,84.0,0.0,46.0
Tarrant - 1255,5070.0,748.0,1818.0,1641.0,8.0,507.0,0.0,75.0
Tarrant - 1257,1888.0,742.0,625.0,463.0,5.0,21.0,0.0,10.0
Tarrant - 1264,1393.0,70.0,1047.0,270.0,0.0,15.0,0.0,25.0
Tarrant - 1265,2456.0,183.0,1054.0,1245.0,0.0,61.0,0.0,0.0
Tarrant - 1270,868.0,483.0,307.0,41.0,0.0,12.0,0.0,0.0
Tarrant - 1271,3101.0,428.0,2407.0,117.0,14.0,24.0,0.0,4.0
Tarrant - 1273,3120.0,1890.0,885.0,99.0,0.0,25.0,0.0,8.0
Tarrant - 1277,1959.0,226.0,1193.0,476.0,0.0,0.0,0.0,0.0
Tarrant - 1278,2798.0,365.0,542.0,1588.0,0.0,266.0,0.0,0.0
Tarrant - 1279,1767.0,469.0,720.0,547.0,0.0,27.0,0.0,0.0
Tarrant - 1291,1864.0,440.0,196.0,1140.0,0.0,0.0,0.0,0.0
Tarrant - 1292,2193.0,515.0,718.0,814.0,0.0,0.0,0.0,33.0
Tarrant - 1293,1934.0,709.0,236.0,1001.0,0.0,0.0,0.0,0.0
Tarrant - 1294,3136.0,488.0,1724.0,597.0,14.0,259.0,0.0,50.0
Tarrant - 1295,921.0,517.0,287.0,128.0,0.0,0.0,0.0,0.0
Tarrant - 1296,3353.0,211.0,2477.0,595.0,0.0,48.0,0.0,0.0
Tarrant - 1297,3050.0,623.0,169.0,2266.0,0.0,27.0,1.0,29.0
Tarrant - 1298,3825.0,344.0,3471.0,50.0,11.0,48.0,0.0,7.0
Tarrant - 1300,3450.0,1106.0,608.0,1678.0,16.0,37.0,0.0,0.0
Tarrant - 1301,2467.0,552.0,249.0,1648.0,0.0,0.0,0.0,0.0
Tarrant - 1311,2332.0,315.0,408.0,1413.0,0.0,196.0,0.0,0.0
Tarrant - 1337,2476.0,446.0,1963.0,17.0,0.0,4.0,0.0,0.0
Tarrant - 1339,2954.0,495.0,1889.0,441.0,0.0,31.0,0.0,23.0
Tarrant - 1345,548.0,100.0,325.0,47.0,0.0,27.0,0.0,0.0
Tarrant - 1346,1101.0,422.0,49.0,625.0,0.0,0.0,0.0,0.0
Tarrant - 1347,3052.0,395.0,1207.0,995.0,0.0,406.0,0.0,0.0
Tarrant - 1348,963.0,225.0,723.0,3.0,0.0,4.0,0.0,0.0
Tarrant - 1351,0.0,0.0,0.0,0.0,0.0,0.0,0.0,0.0
Tarrant - 1352,896.0,248.0,593.0,16.0,11.0,4.0,0.0,0.0
Tarrant - 1366,7.0,0.0,7.0,2.0,0.0,0.0,0.0,0.0
Tarrant - 1376,3474.0,763.0,1730.0,794.0,0.0,4.0,0.0,3.0
Tarrant - 1377,5275.0,996.0,2455.0,1154.0,29.0,620.0,0.0,17.0
Tarrant - 1378,4372.0,1163.0,1493.0,1450.0,0.0,206.0,0.0,5.0
Tarrant - 1380,1738.0,310.0,693.0,552.0,0.0,122.0,0.0,0.0
Tarrant - 1382,4775.0,647.0,806.0,2974.0,4.0,174.0,4.0,148.0
Tarrant - 1388,4617.0,776.0,1146.0,1645.0,0.0,935.0,0.0,0.0
Tarrant - 1394,0.0,0.0,0.0,0.0,0.0,0.0,0.0,0.0
Tarrant - 1404,4080.0,723.0,1173.0,1668.0,0.0,192.0,121.0,79.0
Tarrant - 1407,53.0,18.0,26.0,4.0,0.0,0.0,0.0,0.0
Tarrant - 1408,235.0,163.0,77.0,13.0,0.0,0.0,0.0,0.0
Tarrant - 1412,0.0,0.0,0.0,0.0,0.0,0.0,0.0,0.0
Tarrant - 1414,41.0,17.0,16.0,10.0,0.0,0.0,0.0,0.0
Tarrant - 1415,3019.0,1331.0,361.0,1384.0,4.0,28.0,0.0,0.0
Tarrant - 1416,208.0,51.0,159.0,14.0,0.0,0.0,0.0,0.0
Tarrant - 1418,0.0,0.0,0.0,0.0,0.0,0.0,0.0,0.0
Tarrant - 1420,0.0,0.0,0.0,0.0,0.0,0.0,0.0,0.0
Tarrant - 1423,2170.0,87.0,1733.0,39.0,0.0,285.0,0.0,0.0
Tarrant - 1424,15.0,3.0,12.0,0.0,0.0,0.0,0.0,0.0
Tarrant - 1427,12.0,1.0,8.0,1.0,0.0,0.0,0.0,0.0
Tarrant - 1430,17.0,9.0,2.0,2.0,0.0,1.0,0.0,0.0
Tarrant - 1431,2707.0,367.0,2175.0,69.0,5.0,69.0,0.0,9.0
Tarrant - 1434,0.0,0.0,0.0,0.0,0.0,0.0,0.0,0.0
Tarrant - 1436,1725.0,272.0,601.0,744.0,0.0,41.0,0.0,22.0
Tarrant - 1437,1188.0,82.0,901.0,99.0,0.0,199.0,0.0,0.0
Tarrant - 1439,261.0,61.0,34.0,134.0,0.0,0.0,0.0,0.0
Tarrant - 1440,2608.0,636.0,910.0,738.0,0.0,273.0,0.0,10.0
Tarrant - 1441,1202.0,183.0,237.0,534.0,0.0,71.0,0.0,19.0
Tarrant - 1444,136.0,56.0,29.0,52.0,0.0,0.0,0.0,0.0
Tarrant - 1445,55.0,23.0,30.0,0.0,0.0,0.0,0.0,0.0
Tarrant - 1455,0.0,0.0,0.0,0.0,0.0,0.0,0.0,0.0
Tarrant - 1457,0.0,0.0,0.0,0.0,0.0,0.0,0.0,0.0
Tarrant - 1459,2976.0,1351.0,365.0,973.0,0.0,243.0,0.0,0.0
Tarrant - 1460,4734.0,720.0,1474.0,2427.0,0.0,19.0,15.0,0.0
Tarrant - 1463,3527.0,757.0,680.0,1860.0,0.0,104.0,0.0,30.0
Tarrant - 1472,409.0,145.0,273.0,15.0,0.0,0.0,0.0,0.0
Tarrant - 1473,235.0,146.0,53.0,6.0,19.0,4.0,0.0,0.0
Tarrant - 1476,105.0,66.0,32.0,3.0,0.0,0.0,0.0,0.0
Tarrant - 1477,1578.0,1098.0,175.0,255.0,0.0,0.0,0.0,70.0
Tarrant - 1479,257.0,142.0,24.0,94.0,0.0,0.0,0.0,0.0
Tarrant - 1481,791.0,562.0,193.0,30.0,0.0,4.0,0.0,0.0
Tarrant - 1482,986.0,466.0,118.0,398.0,0.0,0.0,0.0,0.0
Tarrant - 1489,3049.0,578.0,943.0,1220.0,0.0,92.0,0.0,19.0
Tarrant - 1490,894.0,82.0,290.0,511.0,0.0,44.0,0.0,0.0
Tarrant - 1491,8.0,2.0,4.0,1.0,0.0,0.0,0.0,0.0
Tarrant - 1501,1099.0,424.0,350.0,309.0,0.0,0.0,0.0,0.0
Tarrant - 1504,2188.0,496.0,1540.0,48.0,3.0,73.0,0.0,5.0
Tarrant - 1514,0.0,0.0,0.0,0.0,0.0,0.0,0.0,0.0
Tarrant - 1515,56.0,13.0,27.0,1.0,0.0,0.0,0.0,0.0
Tarrant - 1518,1454.0,156.0,641.0,534.0,0.0,0.0,0.0,86.0
Tarrant - 1543,1165.0,302.0,164.0,648.0,0.0,21.0,0.0,0.0
Tarrant - 1544,13.0,11.0,3.0,0.0,0.0,0.0,0.0,0.0
Tarrant - 1547,0.0,0.0,0.0,0.0,0.0,0.0,0.0,0.0
Tarrant - 1549,0.0,0.0,0.0,0.0,0.0,0.0,0.0,0.0
Tarrant - 1550,27.0,16.0,2.0,10.0,0.0,0.0,0.0,0.0
Tarrant - 1555,44.0,7.0,5.0,29.0,0.0,0.0,0.0,0.0
Tarrant - 1559,184.0,70.0,53.0,56.0,0.0,0.0,0.0,0.0
Tarrant - 1564,0.0,0.0,0.0,0.0,0.0,0.0,0.0,0.0
Tarrant - 1576,268.0,91.0,18.0,131.0,0.0,0.0,0.0,0.0
Tarrant - 1577,1961.0,548.0,172.0,1224.0,0.0,0.0,0.0,0.0
Tarrant - 1578,1450.0,353.0,351.0,570.0,0.0,185.0,11.0,0.0
Tarrant - 1586,24.0,4.0,0.0,14.0,0.0,6.0,0.0,0.0
Tarrant - 1589,500.0,58.0,317.0,48.0,0.0,119.0,0.0,0.0
Tarrant - 1594,0.0,0.0,0.0,0.0,0.0,0.0,0.0,0.0
Tarrant - 1597,755.0,372.0,40.0,61.0,0.0,169.0,0.0,0.0
Tarrant - 1603,0.0,0.0,0.0,0.0,0.0,0.0,0.0,0.0
Tarrant - 1605,0.0,0.0,0.0,0.0,0.0,0.0,0.0,0.0
Tarrant - 1607,0.0,0.0,0.0,0.0,0.0,0.0,0.0,0.0
Tarrant - 1608,946.0,152.0,802.0,12.0,0.0,0.0,0.0,0.0
Tarrant - 1610,73.0,4.0,58.0,10.0,0.0,4.0,0.0,0.0
Tarrant - 1611,28.0,20.0,5.0,0.0,0.0,0.0,0.0,0.0
Tarrant - 1617,52.0,29.0,19.0,2.0,0.0,0.0,0.0,0.0
Tarrant - 1619,40.0,23.0,2.0,11.0,0.0,0.0,0.0,0.0
Tarrant - 1621,266.0,64.0,55.0,75.0,0.0,97.0,4.0,0.0
Tarrant - 1622,37.0,9.0,14.0,3.0,0.0,13.0,0.0,0.0
Tarrant - 1623,0.0,0.0,0.0,0.0,0.0,0.0,0.0,0.0
Tarrant - 1625,0.0,0.0,0.0,0.0,0.0,0.0,0.0,0.0
Tarrant - 1627,295.0,34.0,243.0,6.0,0.0,17.0,0.0,0.0
Tarrant - 1631,337.0,10.0,98.0,280.0,0.0,0.0,0.0,0.0
Tarrant - 1633,50.0,37.0,19.0,0.0,0.0,0.0,0.0,0.0
Tarrant - 1639,2065.0,387.0,494.0,965.0,0.0,58.0,0.0,0.0
Tarrant - 1641,2552.0,469.0,1100.0,724.0,0.0,164.0,0.0,50.0
Tarrant - 1642,3029.0,629.0,666.0,1506.0,0.0,150.0,62.0,0.0
Tarrant - 1651,0.0,0.0,0.0,0.0,0.0,0.0,0.0,0.0
Tarrant - 1652,320.0,22.0,7.0,329.0,0.0,78.0,0.0,0.0
Tarrant - 1672,0.0,0.0,0.0,0.0,0.0,0.0,0.0,0.0
Tarrant - 1674,0.0,0.0,0.0,0.0,0.0,0.0,0.0,0.0
Tarrant - 1676,337.0,34.0,217.0,92.0,0.0,0.0,0.0,0.0
Tarrant - 1677,234.0,17.0,136.0,25.0,0.0,0.0,0.0,0.0
Tarrant - 1678,65.0,40.0,14.0,9.0,0.0,0.0,0.0,0.0
Tarrant - 1679,0.0,0.0,0.0,0.0,0.0,0.0,0.0,0.0
Tarrant - 1684,472.0,101.0,374.0,0.0,0.0,9.0,0.0,0.0
Tarrant - 1701,1343.0,171.0,726.0,65.0,15.0,313.0,0.0,53.0
Tarrant - 1704,2903.0,723.0,1547.0,401.0,0.0,112.0,0.0,0.0
Tarrant - 1710,2269.0,739.0,1263.0,157.0,0.0,3.0,0.0,24.0
Tarrant - 1714,5049.0,1190.0,1159.0,2401.0,9.0,244.0,0.0,0.0
Tarrant - 1715,842.0,202.0,285.0,200.0,0.0,94.0,0.0,0.0
Tarrant - 1717,3478.0,1344.0,1337.0,784.0,0.0,0.0,0.0,0.0
Tarrant - 1718,1105.0,170.0,526.0,299.0,0.0,135.0,0.0,0.0
Tarrant - 1719,3157.0,419.0,2379.0,209.0,5.0,96.0,0.0,0.0
Tarrant - 1722,353.0,82.0,180.0,83.0,0.0,6.0,0.0,8.0
Tarrant - 1723,2841.0,558.0,930.0,1149.0,0.0,165.0,0.0,0.0
Tarrant - 1734,3893.0,753.0,805.0,2105.0,0.0,118.0,0.0,95.0
Tarrant - 1738,34.0,0.0,62.0,0.0,0.0,0.0,0.0,0.0
Tarrant - 1739,112.0,17.0,7.0,51.0,0.0,8.0,1.0,0.0
Tarrant - 1740,0.0,0.0,0.0,0.0,0.0,0.0,0.0,0.0
Tarrant - 1747,0.0,0.0,0.0,0.0,0.0,0.0,0.0,0.0
Tarrant - 1749,0.0,0.0,0.0,0.0,0.0,0.0,0.0,0.0
Tarrant - 1752,0.0,0.0,0.0,0.0,0.0,0.0,0.0,0.0
Tarrant - 1753,0.0,0.0,0.0,0.0,0.0,0.0,0.0,0.0
Tarrant - 1801,0.0,0.0,0.0,0.0,0.0,0.0,0.0,0.0
Tarrant - 1821,0.0,0.0,0.0,0.0,0.0,0.0,0.0,0.0
Tarrant - 1831,1995.0,426.0,525.0,791.0,0.0,46.0,0.0,109.0
Tarrant - 1834,1492.0,135.0,1225.0,66.0,0.0,19.0,0.0,0.0
Tarrant - 1837,2026.0,509.0,447.0,629.0,0.0,24.0,0.0,335.0
Tarrant - 1845,2446.0,370.0,1333.0,474.0,0.0,206.0,0.0,18.0
Tarrant - 1848,3542.0,862.0,1625.0,871.0,23.0,25.0,0.0,31.0
Tarrant - 2002,0.0,0.0,0.0,0.0,0.0,0.0,0.0,0.0
Tarrant - 2003,863.0,67.0,767.0,0.0,0.0,6.0,0.0,0.0
Tarrant - 2007,2355.0,266.0,1778.0,173.0,0.0,60.0,0.0,0.0
Tarrant - 2026,2322.0,420.0,1580.0,275.0,0.0,0.0,0.0,54.0
Tarrant - 2027,791.0,411.0,194.0,127.0,0.0,64.0,0.0,0.0
Tarrant - 2028,1078.0,121.0,699.0,249.0,0.0,0.0,0.0,0.0
Tarrant - 2029,2934.0,380.0,1949.0,412.0,1.0,92.0,0.0,0.0
Tarrant - 2030,5045.0,1422.0,1543.0,1627.0,0.0,374.0,0.0,0.0
Tarrant - 2031,3248.0,638.0,590.0,1551.0,0.0,380.0,0.0,17.0
Tarrant - 2033,3323.0,1016.0,2051.0,159.0,19.0,15.0,0.0,23.0
Tarrant - 2052,4514.0,727.0,2195.0,1039.0,24.0,378.0,0.0,0.0
Tarrant - 2055,2350.0,301.0,1488.0,459.0,4.0,63.0,0.0,0.0
Tarrant - 2058,54.0,23.0,27.0,2.0,0.0,1.0,0.0,1.0
Tarrant - 2100,450.0,63.0,256.0,96.0,0.0,55.0,0.0,0.0
Tarrant - 2112,1796.0,194.0,1388.0,146.0,0.0,49.0,0.0,0.0
Tarrant - 2134,2071.0,152.0,299.0,774.0,0.0,648.0,60.0,0.0
Tarrant - 2143,1324.0,672.0,502.0,80.0,0.0,7.0,0.0,0.0
Tarrant - 2145,2705.0,1521.0,585.0,469.0,2.0,24.0,0.0,23.0
Tarrant - 2147,1672.0,393.0,1024.0,70.0,0.0,68.0,0.0,0.0
Tarrant - 2148,3833.0,1518.0,873.0,1244.0,5.0,75.0,0.0,15.0
Tarrant - 2158,3125.0,674.0,1732.0,461.0,0.0,196.0,0.0,0.0
Tarrant - 2161,3581.0,901.0,1619.0,778.0,10.0,147.0,9.0,20.0
Tarrant - 2168,1075.0,222.0,450.0,330.0,0.0,40.0,0.0,0.0
Tarrant - 2169,1650.0,770.0,49.0,686.0,0.0,134.0,0.0,0.0
Tarrant - 2171,3303.0,562.0,2439.0,141.0,11.0,33.0,0.0,14.0
Tarrant - 2173,701.0,9.0,552.0,72.0,0.0,27.0,0.0,49.0
Tarrant - 2174,3109.0,639.0,1651.0,598.0,42.0,123.0,0.0,4.0
Tarrant - 2180,3327.0,1327.0,398.0,1393.0,0.0,169.0,0.0,0.0
Tarrant - 2181,2794.0,684.0,1770.0,128.0,7.0,33.0,0.0,0.0
Tarrant - 2190,288.0,112.0,191.0,27.0,0.0,0.0,0.0,0.0
Tarrant - 2205,2438.0,402.0,1817.0,171.0,8.0,11.0,0.0,0.0
Tarrant - 2210,1466.0,874.0,439.0,140.0,21.0,0.0,0.0,0.0
Tarrant - 2217,3950.0,1518.0,1318.0,861.0,8.0,49.0,53.0,0.0
Tarrant - 2219,2485.0,769.0,1261.0,110.0,30.0,265.0,0.0,6.0
Tarrant - 2220,2917.0,400.0,1789.0,510.0,0.0,145.0,0.0,0.0
Tarrant - 2221,2178.0,236.0,1614.0,128.0,0.0,161.0,0.0,0.0
Tarrant - 2223,1738.0,230.0,1164.0,75.0,0.0,196.0,0.0,0.0
Tarrant - 2224,3101.0,571.0,1314.0,1128.0,0.0,13.0,0.0,0.0
Tarrant - 2225,3293.0,1493.0,556.0,916.0,0.0,177.0,0.0,4.0
Tarrant - 2226,2592.0,787.0,793.0,641.0,0.0,359.0,0.0,24.0
Tarrant - 2228,2372.0,242.0,1760.0,225.0,7.0,104.0,0.0,0.0
Tarrant - 2229,2671.0,332.0,1739.0,526.0,8.0,52.0,0.0,0.0
Tarrant - 2235,4033.0,1633.0,946.0,948.0,0.0,305.0,0.0,12.0
Tarrant - 2246,1079.0,254.0,740.0,64.0,14.0,7.0,0.0,0.0
Tarrant - 2258,1359.0,53.0,916.0,220.0,0.0,59.0,0.0,0.0
Tarrant - 2262,1152.0,188.0,691.0,120.0,0.0,38.0,0.0,2.0
Tarrant - 2263,2152.0,1500.0,366.0,171.0,0.0,55.0,7.0,0.0
Tarrant - 2266,3510.0,228.0,2766.0,358.0,0.0,114.0,0.0,0.0
Tarrant - 2267,3979.0,1348.0,1229.0,1015.0,0.0,159.0,53.0,0.0
Tarrant - 2268,1690.0,473.0,566.0,474.0,0.0,172.0,0.0,0.0
Tarrant - 2269,483.0,267.0,107.0,64.0,0.0,39.0,0.0,0.0
Tarrant - 2274,8.0,2.0,0.0,8.0,0.0,0.0,0.0,0.0
Tarrant - 2275,1261.0,452.0,328.0,282.0,4.0,53.0,0.0,2.0
Tarrant - 2280,1921.0,166.0,1180.0,418.0,0.0,15.0,0.0,0.0
Tarrant - 2281,1804.0,156.0,922.0,517.0,0.0,74.0,0.0,106.0
Tarrant - 2299,1928.0,174.0,295.0,628.0,4.0,657.0,0.0,47.0
Tarrant - 2302,2586.0,657.0,496.0,1332.0,0.0,27.0,48.0,14.0
Tarrant - 2303,2653.0,658.0,1759.0,205.0,11.0,6.0,0.0,0.0
Tarrant - 2304,1624.0,174.0,1076.0,142.0,0.0,218.0,11.0,0.0
Tarrant - 2305,2046.0,192.0,1114.0,593.0,0.0,119.0,0.0,0.0
Tarrant - 2306,1503.0,123.0,1294.0,4.0,0.0,34.0,0.0,0.0
Tarrant - 2307,3659.0,466.0,2168.0,532.0,0.0,405.0,0.0,0.0
Tarrant - 2308,4671.0,986.0,2345.0,1195.0,0.0,106.0,0.0,21.0
Tarrant - 2309,1936.0,1136.0,576.0,72.0,0.0,12.0,38.0,0.0
Tarrant - 2310,2750.0,434.0,1238.0,901.0,0.0,145.0,0.0,0.0
Tarrant - 2313,3036.0,479.0,2236.0,16.0,0.0,292.0,0.0,0.0
Tarrant - 2314,3371.0,527.0,2337.0,376.0,5.0,77.0,0.0,0.0
Tarrant - 2315,1887.0,235.0,644.0,864.0,0.0,134.0,0.0,0.0
Tarrant - 2316,2452.0,411.0,1007.0,977.0,0.0,172.0,0.0,9.0
Tarrant - 2317,1148.0,319.0,706.0,38.0,0.0,69.0,0.0,0.0
Tarrant - 2318,1918.0,439.0,1201.0,111.0,5.0,85.0,0.0,0.0
Tarrant - 2319,2627.0,277.0,2104.0,132.0,0.0,46.0,0.0,0.0
Tarrant - 2320,2552.0,527.0,481.0,957.0,0.0,514.0,0.0,0.0
Tarrant - 2341,424.0,158.0,90.0,143.0,0.0,38.0,0.0,7.0
Tarrant - 2349,2025.0,573.0,441.0,681.0,0.0,335.0,0.0,0.0
Tarrant - 2353,1757.0,646.0,374.0,653.0,0.0,65.0,0.0,11.0
Tarrant - 2354,1479.0,605.0,509.0,52.0,0.0,193.0,0.0,0.0
Tarrant - 2355,2148.0,278.0,1373.0,435.0,0.0,62.0,0.0,0.0
Tarrant - 2356,3828.0,782.0,1742.0,1029.0,6.0,241.0,0.0,0.0
Tarrant - 2357,3105.0,538.0,1773.0,618.0,33.0,132.0,0.0,4.0
Tarrant - 2358,2827.0,511.0,1575.0,405.0,0.0,6.0,326.0,0.0
Tarrant - 2360,4599.0,207.0,3531.0,587.0,2.0,217.0,0.0,0.0
Tarrant - 2379,4125.0,777.0,995.0,1392.0,26.0,853.0,0.0,18.0
Tarrant - 2381,1394.0,413.0,405.0,559.0,0.0,41.0,0.0,3.0
Tarrant - 2383,2299.0,413.0,871.0,796.0,0.0,71.0,0.0,85.0
Tarrant - 2393,577.0,244.0,126.0,80.0,0.0,66.0,0.0,23.0
Tarrant - 2401,731.0,271.0,298.0,112.0,0.0,19.0,0.0,0.0
Tarrant - 2402,58.0,7.0,29.0,17.0,0.0,2.0,0.0,0.0
Tarrant - 2403,118.0,30.0,17.0,72.0,0.0,0.0,0.0,0.0
Tarrant - 2405,2495.0,742.0,937.0,452.0,0.0,328.0,0.0,0.0
Tarrant - 2411,876.0,427.0,140.0,296.0,0.0,4.0,0.0,0.0
Tarrant - 2413,1075.0,208.0,321.0,476.0,0.0,24.0,5.0,6.0
Tarrant - 2419,0.0,0.0,0.0,0.0,0.0,0.0,0.0,0.0
Tarrant - 2425,3657.0,719.0,1568.0,1122.0,4.0,158.0,5.0,0.0
Tarrant - 2426,2744.0,605.0,1819.0,194.0,0.0,70.0,0.0,0.0
Tarrant - 2428,726.0,363.0,208.0,157.0,5.0,0.0,0.0,19.0
Tarrant - 2435,4079.0,695.0,1857.0,1297.0,14.0,202.0,0.0,0.0
Tarrant - 2438,3799.0,797.0,824.0,2098.0,0.0,74.0,0.0,0.0
Tarrant - 2442,4143.0,462.0,2061.0,520.0,0.0,1043.0,0.0,0.0
Tarrant - 2448,3074.0,602.0,871.0,1225.0,0.0,303.0,31.0,0.0
Tarrant - 2449,1834.0,828.0,514.0,211.0,0.0,288.0,0.0,0.0
Tarrant - 2450,3006.0,701.0,916.0,676.0,7.0,515.0,0.0,116.0
Tarrant - 2451,258.0,70.0,87.0,82.0,1.0,0.0,0.0,0.0
Tarrant - 2453,2846.0,239.0,991.0,1313.0,0.0,264.0,0.0,0.0
Tarrant - 2461,2180.0,970.0,460.0,629.0,21.0,70.0,32.0,0.0
Tarrant - 2462,2276.0,220.0,1031.0,802.0,5.0,217.0,0.0,10.0
Tarrant - 2464,335.0,13.0,234.0,56.0,0.0,15.0,0.0,9.0
Tarrant - 2466,1193.0,405.0,351.0,354.0,0.0,80.0,0.0,8.0
Tarrant - 2467,3469.0,584.0,1188.0,1572.0,0.0,34.0,0.0,0.0
Tarrant - 2468,2480.0,492.0,1477.0,144.0,0.0,137.0,161.0,0.0
Tarrant - 2474,917.0,163.0,532.0,127.0,0.0,56.0,0.0,5.0
Tarrant - 2484,3098.0,1058.0,512.0,866.0,60.0,586.0,0.0,0.0
Tarrant - 2488,3124.0,974.0,430.0,1035.0,11.0,560.0,0.0,31.0
Tarrant - 2505,1818.0,362.0,1201.0,216.0,0.0,12.0,0.0,0.0
Tarrant - 2506,3974.0,657.0,2642.0,466.0,26.0,123.0,0.0,0.0
Tarrant - 2513,0.0,0.0,0.0,0.0,0.0,0.0,0.0,0.0
Tarrant - 2519,1485.0,261.0,652.0,495.0,0.0,80.0,0.0,0.0
Tarrant - 2520,1918.0,524.0,1048.0,185.0,4.0,77.0,0.0,11.0
Tarrant - 2521,1568.0,252.0,841.0,295.0,0.0,151.0,0.0,0.0
Tarrant - 2522,4225.0,310.0,2962.0,792.0,0.0,166.0,0.0,0.0
Tarrant - 2523,3736.0,1109.0,1115.0,668.0,0.0,709.0,0.0,14.0
Tarrant - 2524,2040.0,103.0,1812.0,31.0,0.0,60.0,0.0,0.0
Tarrant - 2525,4759.0,1006.0,1795.0,1613.0,6.0,250.0,5.0,50.0
Tarrant - 2535,3561.0,188.0,2053.0,925.0,5.0,299.0,0.0,37.0
Tarrant - 2536,1862.0,375.0,810.0,554.0,0.0,112.0,0.0,0.0
Tarrant - 2537,3047.0,1106.0,735.0,1061.0,0.0,77.0,0.0,18.0
Tarrant - 2541,2848.0,546.0,646.0,1289.0,0.0,316.0,0.0,6.0
Tarrant - 2546,219.0,70.0,38.0,120.0,0.0,1.0,0.0,0.0
Tarrant - 2548,1374.0,75.0,1058.0,38.0,0.0,180.0,0.0,0.0
Tarrant - 2553,1663.0,464.0,601.0,394.0,74.0,37.0,0.0,0.0
Tarrant - 2556,1805.0,286.0,1271.0,176.0,0.0,37.0,0.0,5.0
Tarrant - 2557,1590.0,216.0,371.0,767.0,0.0,174.0,0.0,11.0
Tarrant - 2561,0.0,0.0,0.0,0.0,0.0,0.0,0.0,0.0
Tarrant - 2569,228.0,180.0,10.0,3.0,0.0,0.0,0.0,0.0
Tarrant - 2571,0.0,0.0,0.0,0.0,0.0,0.0,0.0,0.0
Tarrant - 2581,3191.0,760.0,1092.0,863.0,0.0,242.0,0.0,7.0
Tarrant - 2600,0.0,0.0,0.0,0.0,0.0,0.0,0.0,0.0
Tarrant - 2601,0.0,0.0,0.0,0.0,0.0,0.0,0.0,0.0
Tarrant - 2606,22.0,14.0,8.0,3.0,0.0,0.0,0.0,0.0
Tarrant - 2609,0.0,0.0,0.0,0.0,0.0,0.0,0.0,0.0
Tarrant - 2612,0.0,0.0,0.0,0.0,0.0,0.0,0.0,0.0
Tarrant - 2613,2313.0,534.0,284.0,1265.0,0.0,252.0,5.0,0.0
Tarrant - 2614,449.0,35.0,160.0,277.0,0.0,2.0,0.0,0.0
Tarrant - 2616,7.0,0.0,1.0,6.0,0.0,1.0,0.0,0.0
Tarrant - 2618,41.0,0.0,20.0,24.0,0.0,0.0,0.0,0.0
Tarrant - 2635,2409.0,707.0,731.0,804.0,0.0,159.0,0.0,0.0
Tarrant - 2636,3238.0,565.0,1910.0,435.0,0.0,60.0,0.0,0.0
Tarrant - 2643,948.0,144.0,266.0,408.0,0.0,41.0,0.0,0.0
Tarrant - 2644,3877.0,657.0,1055.0,1410.0,0.0,578.0,0.0,72.0
Tarrant - 2645,1469.0,175.0,1097.0,62.0,0.0,112.0,0.0,1.0
Tarrant - 2655,1582.0,228.0,400.0,893.0,15.0,17.0,0.0,9.0
Tarrant - 2656,175.0,70.0,81.0,35.0,0.0,0.0,0.0,0.0
Tarrant - 2657,71.0,10.0,22.0,30.0,0.0,0.0,0.0,0.0
Tarrant - 2658,654.0,312.0,127.0,227.0,0.0,13.0,0.0,0.0
Tarrant - 2659,34.0,8.0,14.0,0.0,0.0,3.0,0.0,0.0
Tarrant - 2660,190.0,18.0,179.0,14.0,0.0,0.0,15.0,0.0
Tarrant - 2670,207.0,88.0,98.0,22.0,0.0,0.0,0.0,0.0
Tarrant - 2673,0.0,0.0,0.0,0.0,0.0,0.0,0.0,0.0
Tarrant - 2675,7.0,5.0,0.0,0.0,0.0,0.0,0.0,0.0
Tarrant - 2680,0.0,0.0,0.0,0.0,0.0,0.0,0.0,0.0
Tarrant - 2681,0.0,0.0,0.0,0.0,0.0,0.0,0.0,0.0
Tarrant - 2697,3391.0,366.0,1223.0,1568.0,0.0,133.0,0.0,0.0
Tarrant - 2699,4165.0,444.0,1191.0,1829.0,0.0,564.0,4.0,10.0
Tarrant - 2708,1764.0,180.0,892.0,582.0,0.0,78.0,34.0,30.0
Tarrant - 2712,2520.0,363.0,1125.0,767.0,0.0,264.0,4.0,0.0
Tarrant - 2721,2431.0,299.0,1330.0,641.0,0.0,146.0,0.0,12.0
Tarrant - 2726,2576.0,467.0,834.0,936.0,0.0,318.0,0.0,0.0
Tarrant - 2727,648.0,59.0,516.0,80.0,0.0,20.0,0.0,0.0
Tarrant - 2731,2330.0,350.0,767.0,712.0,0.0,396.0,0.0,12.0
Tarrant - 2741,226.0,71.0,23.0,103.0,0.0,8.0,0.0,0.0
Tarrant - 2742,595.0,136.0,124.0,134.0,0.0,199.0,0.0,0.0
Tarrant - 2743,23.0,9.0,10.0,0.0,6.0,0.0,0.0,0.0
Tarrant - 2744,474.0,197.0,208.0,96.0,0.0,3.0,1.0,0.0
Tarrant - 2745,172.0,24.0,136.0,7.0,0.0,0.0,0.0,0.0
Tarrant - 2746,1767.0,294.0,686.0,774.0,0.0,8.0,0.0,0.0
Tarrant - 2748,0.0,0.0,0.0,0.0,0.0,0.0,0.0,0.0
Tarrant - 2751,0.0,0.0,0.0,0.0,0.0,0.0,0.0,0.0
Tarrant - 2755,0.0,0.0,0.0,0.0,0.0,0.0,0.0,0.0
Tarrant - 2775,0.0,0.0,0.0,0.0,0.0,0.0,0.0,0.0
Tarrant - 2835,1938.0,643.0,930.0,298.0,0.0,46.0,0.0,0.0
Tarrant - 2838,2722.0,325.0,753.0,1171.0,0.0,350.0,0.0,0.0
Tarrant - 2839,601.0,72.0,357.0,66.0,0.0,67.0,0.0,0.0
Tarrant - 2840,2292.0,623.0,321.0,1055.0,0.0,294.0,0.0,0.0
Tarrant - 2843,3637.0,447.0,1530.0,1450.0,0.0,78.0,0.0,0.0
Tarrant - 3032,1561.0,289.0,1101.0,75.0,0.0,19.0,4.0,36.0
Tarrant - 3035,3262.0,88.0,2916.0,49.0,9.0,212.0,0.0,0.0
Tarrant - 3036,2380.0,365.0,1386.0,150.0,4.0,161.0,175.0,13.0
Tarrant - 3037,2956.0,271.0,2117.0,364.0,2.0,109.0,0.0,64.0
Tarrant - 3038,4290.0,1137.0,2318.0,362.0,17.0,166.0,11.0,92.0
Tarrant - 3039,1785.0,128.0,1437.0,17.0,0.0,146.0,0.0,97.0
Tarrant - 3040,3422.0,253.0,2960.0,166.0,0.0,26.0,0.0,0.0
Tarrant - 3041,5090.0,1047.0,3269.0,505.0,5.0,142.0,0.0,34.0
Tarrant - 3043,1251.0,161.0,1059.0,3.0,0.0,8.0,0.0,0.0
Tarrant - 3049,2891.0,206.0,2464.0,53.0,0.0,145.0,0.0,0.0
Tarrant - 3054,3856.0,403.0,2942.0,95.0,0.0,402.0,0.0,0.0
Tarrant - 3063,1779.0,70.0,1559.0,36.0,0.0,96.0,0.0,0.0
Tarrant - 3072,2487.0,128.0,2094.0,109.0,0.0,145.0,0.0,0.0
Tarrant - 3114,3478.0,749.0,2416.0,35.0,0.0,130.0,0.0,0.0
Tarrant - 3131,2057.0,467.0,1480.0,91.0,4.0,0.0,0.0,7.0
Tarrant - 3139,2147.0,322.0,1538.0,234.0,0.0,23.0,0.0,0.0
Tarrant - 3140,1852.0,378.0,1343.0,51.0,14.0,11.0,0.0,0.0
Tarrant - 3152,65.0,2.0,57.0,0.0,0.0,0.0,0.0,0.0
Tarrant - 3156,1709.0,254.0,1200.0,85.0,1.0,89.0,0.0,7.0
Tarrant - 3157,2962.0,392.0,1771.0,610.0,11.0,40.0,0.0,26.0
Tarrant - 3160,3858.0,934.0,1731.0,736.0,8.0,133.0,271.0,0.0
Tarrant - 3164,3178.0,344.0,2787.0,57.0,8.0,104.0,0.0,0.0
Tarrant - 3166,4189.0,1191.0,1878.0,881.0,0.0,126.0,47.0,0.0
Tarrant - 3172,3825.0,620.0,2993.0,77.0,0.0,54.0,0.0,0.0
Tarrant - 3176,4745.0,485.0,3411.0,723.0,27.0,31.0,0.0,11.0
Tarrant - 3177,2197.0,287.0,1760.0,23.0,0.0,18.0,49.0,0.0
Tarrant - 3183,4703.0,958.0,2392.0,625.0,0.0,500.0,71.0,5.0
Tarrant - 3185,4.0,0.0,0.0,0.0,0.0,0.0,4.0,0.0
Tarrant - 3187,1796.0,234.0,1480.0,3.0,0.0,13.0,0.0,20.0
Tarrant - 3192,1338.0,222.0,942.0,78.0,0.0,88.0,1.0,2.0
Tarrant - 3193,2987.0,275.0,2391.0,42.0,0.0,200.0,0.0,0.0
Tarrant - 3194,2628.0,455.0,1821.0,77.0,0.0,198.0,0.0,0.0
Tarrant - 3196,2337.0,295.0,1730.0,77.0,0.0,160.0,10.0,0.0
Tarrant - 3200,2596.0,329.0,1932.0,160.0,9.0,24.0,0.0,18.0
Tarrant - 3209,3816.0,321.0,3249.0,143.0,18.0,52.0,0.0,0.0
Tarrant - 3212,2873.0,122.0,1581.0,647.0,0.0,444.0,0.0,0.0
Tarrant - 3213,1598.0,390.0,1036.0,32.0,0.0,0.0,0.0,0.0
Tarrant - 3214,3588.0,670.0,1994.0,749.0,0.0,82.0,0.0,41.0
Tarrant - 3215,2292.0,146.0,1919.0,191.0,0.0,44.0,0.0,0.0
Tarrant - 3216,4093.0,602.0,2430.0,496.0,0.0,515.0,0.0,0.0
Tarrant - 3240,3548.0,292.0,2122.0,524.0,0.0,261.0,0.0,6.0
Tarrant - 3247,2335.0,465.0,1085.0,682.0,0.0,0.0,0.0,0.0
Tarrant - 3248,3598.0,182.0,3078.0,119.0,4.0,157.0,0.0,13.0
Tarrant - 3249,4436.0,584.0,2917.0,684.0,7.0,161.0,13.0,17.0
Tarrant - 3254,2799.0,559.0,1509.0,425.0,0.0,280.0,0.0,0.0
Tarrant - 3260,1307.0,80.0,979.0,64.0,0.0,153.0,0.0,0.0
Tarrant - 3282,1780.0,370.0,1129.0,172.0,0.0,42.0,0.0,10.0
Tarrant - 3283,1375.0,151.0,998.0,81.0,0.0,98.0,0.0,0.0
Tarrant - 3286,976.0,17.0,816.0,16.0,0.0,73.0,0.0,0.0
Tarrant - 3287,3052.0,439.0,2216.0,188.0,0.0,50.0,0.0,5.0
Tarrant - 3289,3291.0,574.0,2348.0,294.0,0.0,87.0,0.0,0.0
Tarrant - 3321,2603.0,405.0,2030.0,30.0,0.0,65.0,0.0,0.0
Tarrant - 3322,2126.0,257.0,1756.0,19.0,0.0,75.0,0.0,0.0
Tarrant - 3323,3306.0,112.0,2548.0,130.0,2.0,424.0,0.0,26.0
Tarrant - 3324,3608.0,716.0,2576.0,213.0,0.0,52.0,0.0,0.0
Tarrant - 3326,1712.0,250.0,1207.0,210.0,13.0,0.0,0.0,0.0
Tarrant - 3327,1318.0,54.0,1214.0,13.0,0.0,8.0,0.0,0.0
Tarrant - 3329,2946.0,487.0,1323.0,513.0,0.0,376.0,0.0,0.0
Tarrant - 3330,967.0,73.0,792.0,38.0,0.0,56.0,0.0,0.0
Tarrant - 3331,2932.0,225.0,2402.0,19.0,0.0,268.0,4.0,0.0
Tarrant - 3332,4425.0,961.0,2154.0,973.0,21.0,240.0,0.0,27.0
Tarrant - 3333,5091.0,1219.0,3385.0,222.0,0.0,158.0,0.0,18.0
Tarrant - 3334,2717.0,446.0,1902.0,271.0,0.0,59.0,0.0,28.0
Tarrant - 3335,2258.0,339.0,1650.0,128.0,0.0,91.0,0.0,12.0
Tarrant - 3336,4854.0,716.0,1877.0,1239.0,0.0,846.0,0.0,72.0
Tarrant - 3359,1963.0,119.0,1611.0,0.0,0.0,176.0,0.0,0.0
Tarrant - 3361,2864.0,398.0,2213.0,11.0,18.0,102.0,0.0,9.0
Tarrant - 3363,784.0,115.0,608.0,19.0,0.0,20.0,0.0,3.0
Tarrant - 3364,1545.0,65.0,987.0,383.0,4.0,88.0,0.0,12.0
Tarrant - 3365,3797.0,204.0,3277.0,103.0,0.0,147.0,0.0,0.0
Tarrant - 3367,1568.0,118.0,1240.0,103.0,0.0,51.0,0.0,0.0
Tarrant - 3368,776.0,113.0,605.0,19.0,0.0,28.0,0.0,0.0
Tarrant - 3372,4388.0,1001.0,2515.0,229.0,7.0,484.0,0.0,35.0
Tarrant - 3384,1943.0,697.0,1067.0,51.0,12.0,32.0,0.0,12.0
Tarrant - 3385,2486.0,190.0,2215.0,7.0,40.0,9.0,0.0,0.0
Tarrant - 3386,2064.0,50.0,1844.0,109.0,21.0,35.0,0.0,0.0
Tarrant - 3387,1990.0,194.0,1690.0,13.0,0.0,30.0,0.0,4.0
Tarrant - 3389,4785.0,588.0,2028.0,663.0,0.0,435.0,0.0,0.0
Tarrant - 3390,3792.0,284.0,2713.0,157.0,8.0,562.0,0.0,6.0
Tarrant - 3391,3966.0,543.0,1923.0,1071.0,0.0,130.0,76.0,21.0
Tarrant - 3392,1983.0,139.0,1717.0,0.0,1.0,27.0,0.0,0.0
Tarrant - 3396,3283.0,321.0,2281.0,63.0,0.0,482.0,0.0,41.0
Tarrant - 3398,1944.0,552.0,1335.0,27.0,0.0,0.0,0.0,0.0
Tarrant - 3406,0.0,0.0,0.0,0.0,0.0,0.0,0.0,0.0
Tarrant - 3409,228.0,165.0,88.0,2.0,0.0,3.0,0.0,38.0
Tarrant - 3417,3330.0,894.0,1860.0,363.0,12.0,150.0,0.0,14.0
Tarrant - 3421,1237.0,93.0,1050.0,0.0,0.0,74.0,0.0,0.0
Tarrant - 3422,2483.0,376.0,1662.0,79.0,0.0,317.0,0.0,0.0
Tarrant - 3433,677.0,47.0,536.0,30.0,1.0,27.0,0.0,5.0
Tarrant - 3443,2625.0,218.0,2185.0,104.0,5.0,64.0,0.0,21.0
Tarrant - 3446,0.0,0.0,0.0,0.0,0.0,0.0,0.0,0.0
Tarrant - 3447,0.0,0.0,0.0,0.0,0.0,0.0,0.0,0.0
Tarrant - 3465,3897.0,852.0,2375.0,408.0,0.0,218.0,0.0,0.0
Tarrant - 3469,1295.0,147.0,987.0,85.0,0.0,56.0,0.0,0.0
Tarrant - 3470,97.0,20.0,63.0,0.0,0.0,16.0,2.0,0.0
Tarrant - 3471,1674.0,102.0,1433.0,0.0,5.0,55.0,0.0,0.0
Tarrant - 3486,4698.0,558.0,3572.0,429.0,0.0,110.0,0.0,0.0
Tarrant - 3500,616.0,38.0,563.0,20.0,0.0,16.0,0.0,0.0
Tarrant - 3502,1411.0,55.0,1293.0,26.0,19.0,28.0,0.0,0.0
Tarrant - 3507,3372.0,1024.0,2175.0,51.0,0.0,41.0,0.0,0.0
Tarrant - 3509,2605.0,537.0,1837.0,130.0,0.0,46.0,0.0,12.0
Tarrant - 3510,2341.0,148.0,1790.0,179.0,84.0,113.0,0.0,26.0
Tarrant - 3511,3563.0,620.0,1448.0,961.0,19.0,349.0,0.0,15.0
Tarrant - 3516,1902.0,376.0,1427.0,29.0,0.0,39.0,0.0,23.0
Tarrant - 3517,2825.0,200.0,1714.0,468.0,0.0,39.0,0.0,327.0
Tarrant - 3526,1675.0,30.0,1135.0,0.0,0.0,425.0,0.0,24.0
Tarrant - 3527,2804.0,411.0,2165.0,177.0,0.0,18.0,0.0,0.0
Tarrant - 3529,2643.0,297.0,1623.0,7.0,0.0,575.0,0.0,33.0
Tarrant - 3530,2900.0,227.0,2093.0,74.0,0.0,460.0,0.0,49.0
Tarrant - 3538,3074.0,391.0,2112.0,3.0,0.0,497.0,0.0,0.0
Tarrant - 3539,22.0,1.0,14.0,0.0,0.0,0.0,0.0,0.0
Tarrant - 3542,2376.0,198.0,1833.0,109.0,0.0,175.0,0.0,26.0
Tarrant - 3545,2352.0,97.0,2021.0,53.0,0.0,202.0,0.0,5.0
Tarrant - 3552,3925.0,984.0,1940.0,765.0,30.0,224.0,0.0,10.0
Tarrant - 3554,3041.0,313.0,2351.0,87.0,0.0,176.0,0.0,0.0
Tarrant - 3558,2633.0,239.0,2105.0,51.0,9.0,169.0,0.0,4.0
Tarrant - 3560,0.0,0.0,0.0,0.0,0.0,0.0,0.0,0.0
Tarrant - 3562,157.0,20.0,119.0,3.0,0.0,2.0,0.0,0.0
Tarrant - 3566,0.0,0.0,0.0,0.0,0.0,0.0,0.0,0.0
Tarrant - 3567,1915.0,458.0,1158.0,222.0,0.0,40.0,0.0,0.0
Tarrant - 3570,4502.0,720.0,3334.0,155.0,0.0,198.0,0.0,49.0
Tarrant - 3574,1597.0,378.0,893.0,179.0,0.0,142.0,0.0,5.0
Tarrant - 3575,6.0,0.0,2.0,3.0,0.0,0.0,0.0,0.0
Tarrant - 3579,856.0,13.0,738.0,12.0,0.0,45.0,0.0,0.0
Tarrant - 3580,0.0,0.0,0.0,0.0,0.0,0.0,0.0,0.0
Tarrant - 3582,79.0,22.0,38.0,2.0,1.0,11.0,0.0,1.0
Tarrant - 3583,0.0,0.0,0.0,0.0,0.0,0.0,0.0,0.0
Tarrant - 3584,0.0,0.0,0.0,0.0,0.0,0.0,0.0,0.0
Tarrant - 3585,27.0,15.0,5.0,5.0,0.0,2.0,0.0,0.0
Tarrant - 3590,0.0,0.0,0.0,0.0,0.0,0.0,0.0,0.0
Tarrant - 3624,323.0,27.0,174.0,4.0,0.0,109.0,0.0,0.0
Tarrant - 3626,788.0,45.0,692.0,0.0,10.0,15.0,0.0,0.0
Tarrant - 3637,3167.0,639.0,1840.0,362.0,0.0,124.0,0.0,0.0
Tarrant - 3646,4398.0,651.0,2552.0,849.0,0.0,127.0,0.0,49.0
Tarrant - 3647,3982.0,853.0,2347.0,541.0,0.0,110.0,0.0,0.0
Tarrant - 3648,3988.0,676.0,2606.0,338.0,0.0,188.0,0.0,0.0
Tarrant - 3653,0.0,0.0,0.0,0.0,0.0,0.0,0.0,0.0
Tarrant - 3654,0.0,0.0,0.0,0.0,0.0,0.0,0.0,0.0
Tarrant - 3661,0.0,0.0,0.0,0.0,0.0,0.0,0.0,0.0
Tarrant - 3663,9.0,2.0,2.0,0.0,0.0,0.0,0.0,0.0
Tarrant - 3664,0.0,0.0,0.0,0.0,0.0,0.0,0.0,0.0
Tarrant - 3665,10.0,0.0,11.0,0.0,0.0,0.0,0.0,0.0
Tarrant - 3667,122.0,4.0,84.0,12.0,0.0,16.0,0.0,0.0
Tarrant - 3668,311.0,27.0,252.0,0.0,2.0,17.0,0.0,0.0
Tarrant - 3669,9.0,0.0,5.0,0.0,0.0,0.0,0.0,0.0
Tarrant - 3671,1734.0,322.0,1184.0,107.0,0.0,16.0,0.0,0.0
Tarrant - 3695,2241.0,376.0,1521.0,96.0,0.0,209.0,15.0,8.0
Tarrant - 3696,3920.0,701.0,2936.0,106.0,2.0,86.0,0.0,10.0
Tarrant - 3698,3438.0,612.0,2046.0,378.0,0.0,341.0,0.0,0.0
Tarrant - 3700,3124.0,452.0,1808.0,621.0,0.0,140.0,0.0,0.0
Tarrant - 3706,5161.0,715.0,3046.0,961.0,0.0,391.0,0.0,0.0
Tarrant - 3709,1278.0,165.0,912.0,124.0,0.0,10.0,0.0,39.0
Tarrant - 3716,2185.0,104.0,1904.0,15.0,0.0,77.0,0.0,0.0
Tarrant - 3720,2202.0,191.0,1910.0,36.0,0.0,12.0,0.0,0.0
Tarrant - 3725,2301.0,527.0,1458.0,195.0,0.0,109.0,0.0,0.0
Tarrant - 3728,2212.0,154.0,1283.0,191.0,0.0,500.0,0.0,5.0
Tarrant - 3729,975.0,273.0,484.0,256.0,0.0,21.0,0.0,0.0
Tarrant - 3732,2189.0,273.0,1791.0,48.0,11.0,21.0,0.0,0.0
Tarrant - 3735,1124.0,159.0,772.0,35.0,0.0,137.0,0.0,0.0
Tarrant - 3750,0.0,0.0,0.0,0.0,0.0,0.0,0.0,0.0
Tarrant - 3757,0.0,0.0,0.0,0.0,0.0,0.0,0.0,0.0
Tarrant - 3759,0.0,0.0,0.0,0.0,0.0,0.0,0.0,0.0
Tarrant - 3822,0.0,0.0,0.0,0.0,0.0,0.0,0.0,0.0
Tarrant - 3826,0.0,0.0,0.0,0.0,0.0,0.0,0.0,0.0
Tarrant - 3841,2084.0,369.0,1315.0,220.0,0.0,130.0,0.0,0.0
Tarrant - 3842,1390.0,166.0,782.0,257.0,0.0,122.0,0.0,0.0
Tarrant - 3847,3457.0,568.0,2562.0,145.0,0.0,102.0,0.0,0.0
Tarrant - 3850,3092.0,427.0,1931.0,559.0,0.0,93.0,0.0,0.0
Tarrant - 4006,1625.0,355.0,831.0,367.0,0.0,0.0,0.0,6.0
Tarrant - 4016,1426.0,169.0,1124.0,81.0,0.0,35.0,0.0,0.0
Tarrant - 4017,3895.0,2621.0,594.0,481.0,9.0,3.0,0.0,0.0
Tarrant - 4018,1364.0,429.0,842.0,60.0,14.0,0.0,0.0,0.0
Tarrant - 4020,2796.0,649.0,1916.0,206.0,0.0,0.0,0.0,26.0
Tarrant - 4042,1545.0,434.0,928.0,23.0,10.0,84.0,0.0,32.0
Tarrant - 4044,3859.0,959.0,2139.0,556.0,0.0,165.0,0.0,0.0
Tarrant - 4045,2770.0,224.0,2347.0,26.0,0.0,123.0,0.0,20.0
Tarrant - 4046,2763.0,337.0,2197.0,105.0,70.0,20.0,0.0,0.0
Tarrant - 4047,4607.0,282.0,4221.0,10.0,5.0,36.0,0.0,0.0
Tarrant - 4048,904.0,636.0,237.0,34.0,0.0,0.0,0.0,13.0
Tarrant - 4050,1847.0,1041.0,249.0,543.0,0.0,0.0,0.0,6.0
Tarrant - 4051,12.0,2.0,2.0,0.0,0.0,0.0,0.0,0.0
Tarrant - 4053,1501.0,581.0,856.0,22.0,0.0,13.0,0.0,0.0
Tarrant - 4057,591.0,90.0,407.0,34.0,0.0,48.0,0.0,0.0
Tarrant - 4060,2488.0,475.0,1837.0,1.0,13.0,110.0,0.0,0.0
Tarrant - 4065,2937.0,316.0,2485.0,48.0,13.0,0.0,34.0,6.0
Tarrant - 4067,1445.0,1148.0,175.0,44.0,46.0,0.0,0.0,4.0
Tarrant - 4068,1629.0,1431.0,137.0,52.0,0.0,0.0,0.0,18.0
Tarrant - 4069,2052.0,90.0,1936.0,0.0,0.0,0.0,0.0,0.0
Tarrant - 4070,2746.0,217.0,2074.0,270.0,0.0,93.0,0.0,0.0
Tarrant - 4073,641.0,170.0,290.0,289.0,0.0,2.0,0.0,0.0
Tarrant - 4077,286.0,13.0,342.0,0.0,0.0,2.0,0.0,0.0
Tarrant - 4086,2948.0,113.0,2644.0,88.0,5.0,4.0,0.0,23.0
Tarrant - 4087,654.0,612.0,20.0,24.0,0.0,0.0,0.0,0.0
Tarrant - 4091,3606.0,950.0,2583.0,63.0,0.0,0.0,0.0,0.0
Tarrant - 4092,963.0,863.0,72.0,7.0,0.0,0.0,0.0,11.0
Tarrant - 4093,3161.0,2835.0,278.0,48.0,0.0,0.0,0.0,0.0
Tarrant - 4096,1129.0,175.0,928.0,0.0,2.0,21.0,0.0,0.0
Tarrant - 4097,1566.0,889.0,354.0,29.0,0.0,6.0,4.0,0.0
Tarrant - 4101,1687.0,1004.0,461.0,36.0,0.0,144.0,0.0,0.0
Tarrant - 4102,1750.0,492.0,941.0,213.0,0.0,160.0,0.0,0.0
Tarrant - 4107,1296.0,991.0,150.0,68.0,0.0,80.0,0.0,0.0
Tarrant - 4110,1115.0,1043.0,70.0,0.0,0.0,0.0,0.0,0.0
Tarrant - 4113,1878.0,497.0,1140.0,203.0,61.0,19.0,0.0,0.0
Tarrant - 4115,562.0,13.0,577.0,0.0,0.0,5.0,0.0,0.0
Tarrant - 4116,2256.0,354.0,1597.0,40.0,0.0,252.0,0.0,0.0
Tarrant - 4118,1768.0,340.0,1054.0,323.0,0.0,80.0,0.0,0.0
Tarrant - 4121,3181.0,1471.0,1634.0,0.0,22.0,0.0,4.0,0.0
Tarrant - 4122,2714.0,2119.0,406.0,141.0,0.0,0.0,0.0,62.0
Tarrant - 4123,2018.0,1795.0,111.0,51.0,0.0,0.0,0.0,53.0
Tarrant - 4124,1209.0,53.0,1027.0,71.0,7.0,81.0,0.0,0.0
Tarrant - 4125,612.0,232.0,297.0,81.0,0.0,0.0,0.0,0.0
Tarrant - 4128,4604.0,1130.0,2942.0,281.0,0.0,89.0,0.0,21.0
Tarrant - 4129,1096.0,26.0,1002.0,0.0,0.0,20.0,0.0,6.0
Tarrant - 4130,2048.0,150.0,1872.0,13.0,0.0,0.0,0.0,7.0
Tarrant - 4135,1739.0,754.0,799.0,71.0,0.0,50.0,0.0,0.0
Tarrant - 4136,3654.0,1291.0,1967.0,223.0,7.0,92.0,0.0,0.0
Tarrant - 4137,1466.0,123.0,1327.0,0.0,0.0,0.0,0.0,0.0
Tarrant - 4138,1482.0,849.0,595.0,14.0,0.0,0.0,13.0,11.0
Tarrant - 4141,5645.0,1145.0,2786.0,947.0,49.0,423.0,222.0,31.0
Tarrant - 4144,2008.0,407.0,1412.0,84.0,4.0,25.0,0.0,5.0
Tarrant - 4155,3543.0,2510.0,655.0,5.0,0.0,296.0,0.0,70.0
Tarrant - 4159,2428.0,440.0,1212.0,16.0,31.0,749.0,0.0,6.0
Tarrant - 4162,983.0,561.0,283.0,28.0,0.0,96.0,0.0,0.0
Tarrant - 4163,1169.0,98.0,1065.0,0.0,0.0,0.0,0.0,0.0
Tarrant - 4178,4083.0,292.0,3094.0,566.0,0.0,26.0,0.0,0.0
Tarrant - 4179,2320.0,783.0,1138.0,305.0,0.0,34.0,0.0,0.0
Tarrant - 4182,3284.0,357.0,2388.0,196.0,0.0,263.0,0.0,0.0
Tarrant - 4191,2207.0,577.0,1203.0,0.0,0.0,413.0,0.0,0.0
Tarrant - 4195,1830.0,1522.0,213.0,67.0,0.0,19.0,5.0,0.0
Tarrant - 4201,1032.0,952.0,25.0,0.0,0.0,57.0,0.0,0.0
Tarrant - 4202,2192.0,1379.0,714.0,68.0,0.0,6.0,0.0,0.0
Tarrant - 4203,3600.0,506.0,1620.0,1405.0,25.0,0.0,0.0,0.0
Tarrant - 4204,4893.0,1536.0,2596.0,610.0,22.0,87.0,0.0,14.0
Tarrant - 4218,1714.0,822.0,766.0,0.0,0.0,80.0,0.0,0.0
Tarrant - 4222,1494.0,582.0,786.0,89.0,0.0,38.0,0.0,0.0
Tarrant - 4230,4324.0,436.0,3247.0,226.0,0.0,177.0,0.0,23.0
Tarrant - 4231,1792.0,1555.0,108.0,113.0,0.0,0.0,0.0,0.0
Tarrant - 4232,2600.0,694.0,1264.0,633.0,0.0,0.0,0.0,0.0
Tarrant - 4233,2465.0,1247.0,918.0,118.0,19.0,99.0,2.0,4.0
Tarrant - 4234,3091.0,354.0,2391.0,122.0,42.0,140.0,0.0,0.0
Tarrant - 4239,206.0,59.0,148.0,7.0,0.0,6.0,0.0,0.0
Tarrant - 4242,747.0,136.0,590.0,20.0,0.0,0.0,0.0,0.0
Tarrant - 4243,3403.0,1310.0,1929.0,88.0,0.0,18.0,4.0,0.0
Tarrant - 4250,3312.0,417.0,1799.0,774.0,0.0,242.0,0.0,0.0
Tarrant - 4252,1228.0,363.0,755.0,115.0,0.0,0.0,0.0,0.0
Tarrant - 4253,1239.0,373.0,608.0,137.0,5.0,31.0,0.0,0.0
Tarrant - 4256,983.0,782.0,122.0,20.0,0.0,0.0,0.0,0.0
Tarrant - 4259,951.0,99.0,768.0,36.0,3.0,0.0,0.0,0.0
Tarrant - 4261,3933.0,989.0,2238.0,343.0,13.0,278.0,0.0,0.0
Tarrant - 4272,737.0,119.0,611.0,0.0,0.0,0.0,0.0,0.0
Tarrant - 4276,2398.0,554.0,1576.0,103.0,7.0,100.0,0.0,36.0
Tarrant - 4284,240.0,41.0,184.0,3.0,0.0,0.0,0.0,0.0
Tarrant - 4285,1630.0,690.0,719.0,212.0,10.0,4.0,0.0,0.0
Tarrant - 4288,458.0,266.0,53.0,95.0,3.0,4.0,0.0,0.0
Tarrant - 4290,2700.0,692.0,1815.0,60.0,13.0,126.0,0.0,0.0
Tarrant - 4312,197.0,24.0,123.0,0.0,0.0,0.0,0.0,0.0
Tarrant - 4328,2568.0,997.0,1227.0,80.0,0.0,229.0,0.0,0.0
Tarrant - 4338,4088.0,941.0,1690.0,1087.0,0.0,237.0,0.0,0.0
Tarrant - 4340,2506.0,432.0,2035.0,23.0,0.0,9.0,0.0,0.0
Tarrant - 4342,2097.0,241.0,1600.0,135.0,0.0,15.0,4.0,1.0
Tarrant - 4343,2568.0,236.0,2200.0,73.0,0.0,30.0,0.0,3.0
Tarrant - 4344,1241.0,29.0,1134.0,24.0,0.0,51.0,0.0,0.0
Tarrant - 4350,1596.0,270.0,1231.0,46.0,0.0,2.0,0.0,0.0
Tarrant - 4362,6.0,3.0,4.0,0.0,0.0,0.0,0.0,0.0
Tarrant - 4369,3990.0,617.0,2394.0,271.0,0.0,334.0,0.0,195.0
Tarrant - 4370,0.0,0.0,0.0,0.0,0.0,0.0,0.0,0.0
Tarrant - 4371,2710.0,118.0,2467.0,15.0,18.0,6.0,0.0,0.0
Tarrant - 4373,270.0,74.0,192.0,0.0,0.0,0.0,0.0,0.0
Tarrant - 4374,2562.0,919.0,1315.0,164.0,5.0,130.0,0.0,7.0
Tarrant - 4375,4005.0,927.0,2793.0,221.0,0.0,32.0,0.0,22.0
Tarrant - 4395,1072.0,126.0,901.0,18.0,0.0,6.0,0.0,0.0
Tarrant - 4397,425.0,210.0,199.0,0.0,0.0,0.0,0.0,0.0
Tarrant - 4399,259.0,16.0,215.0,17.0,0.0,6.0,0.0,0.0
Tarrant - 4400,504.0,243.0,247.0,8.0,0.0,0.0,0.0,0.0
Tarrant - 4410,4037.0,667.0,2447.0,320.0,0.0,526.0,0.0,18.0
Tarrant - 4429,4507.0,973.0,2513.0,575.0,0.0,298.0,0.0,47.0
Tarrant - 4432,282.0,38.0,229.0,35.0,0.0,0.0,0.0,1.0
Tarrant - 4452,4042.0,993.0,1869.0,361.0,0.0,629.0,0.0,0.0
Tarrant - 4454,4073.0,1557.0,1971.0,370.0,6.0,127.0,0.0,23.0
Tarrant - 4456,955.0,81.0,760.0,80.0,0.0,13.0,0.0,0.0
Tarrant - 4458,0.0,0.0,0.0,0.0,0.0,0.0,0.0,0.0
Tarrant - 4475,59.0,2.0,69.0,0.0,0.0,8.0,0.0,0.0
Tarrant - 4478,0.0,0.0,0.0,0.0,0.0,0.0,0.0,0.0
Tarrant - 4480,1297.0,114.0,1146.0,24.0,9.0,7.0,0.0,0.0
Tarrant - 4483,67.0,22.0,14.0,0.0,0.0,4.0,0.0,0.0
Tarrant - 4485,1006.0,383.0,538.0,0.0,0.0,6.0,0.0,0.0
Tarrant - 4487,0.0,0.0,0.0,0.0,0.0,0.0,0.0,0.0
Tarrant - 4492,1601.0,274.0,1057.0,216.0,6.0,32.0,0.0,0.0
Tarrant - 4493,2469.0,120.0,1866.0,378.0,18.0,48.0,0.0,7.0
Tarrant - 4494,332.0,61.0,139.0,163.0,10.0,1.0,0.0,0.0
Tarrant - 4495,140.0,34.0,49.0,62.0,0.0,2.0,0.0,0.0
Tarrant - 4496,730.0,216.0,257.0,226.0,0.0,27.0,0.0,0.0
Tarrant - 4497,6270.0,1112.0,1891.0,2912.0,10.0,175.0,0.0,93.0
Tarrant - 4498,503.0,64.0,438.0,0.0,0.0,0.0,0.0,0.0
Tarrant - 4499,1487.0,752.0,667.0,0.0,0.0,39.0,0.0,0.0
Tarrant - 4503,1381.0,667.0,677.0,37.0,0.0,0.0,0.0,0.0
Tarrant - 4508,4933.0,1220.0,2677.0,655.0,5.0,275.0,17.0,25.0
Tarrant - 4512,0.0,0.0,0.0,0.0,0.0,0.0,0.0,0.0
Tarrant - 4528,4232.0,740.0,1860.0,758.0,8.0,733.0,0.0,0.0
Tarrant - 4531,3364.0,1060.0,2092.0,63.0,6.0,54.0,0.0,33.0
Tarrant - 4532,1272.0,123.0,1119.0,17.0,0.0,0.0,0.0,0.0
Tarrant - 4533,1536.0,490.0,859.0,74.0,15.0,56.0,0.0,0.0
Tarrant - 4534,4027.0,778.0,2117.0,859.0,25.0,82.0,0.0,64.0
Tarrant - 4540,4046.0,848.0,2340.0,552.0,13.0,259.0,0.0,0.0
Tarrant - 4551,2538.0,892.0,1375.0,209.0,0.0,9.0,0.0,0.0
Tarrant - 4563,0.0,0.0,0.0,0.0,0.0,0.0,0.0,0.0
Tarrant - 4565,49.0,32.0,16.0,0.0,0.0,0.0,0.0,0.0
Tarrant - 4568,55.0,14.0,36.0,0.0,0.0,0.0,0.0,0.0
Tarrant - 4572,56.0,22.0,3.0,33.0,0.0,0.0,0.0,0.0
Tarrant - 4573,22.0,3.0,4.0,11.0,0.0,0.0,0.0,0.0
Tarrant - 4587,264.0,130.0,16.0,90.0,1.0,0.0,0.0,0.0
Tarrant - 4588,5050.0,722.0,2532.0,942.0,4.0,574.0,0.0,13.0
Tarrant - 4591,4227.0,902.0,2219.0,401.0,0.0,560.0,0.0,0.0
Tarrant - 4592,0.0,0.0,0.0,0.0,0.0,0.0,0.0,0.0
Tarrant - 4593,999.0,398.0,412.0,68.0,0.0,0.0,24.0,44.0
Tarrant - 4595,123.0,52.0,67.0,1.0,0.0,0.0,3.0,5.0
Tarrant - 4596,166.0,86.0,18.0,0.0,0.0,88.0,0.0,0.0
Tarrant - 4599,3688.0,857.0,1794.0,516.0,0.0,427.0,0.0,0.0
Tarrant - 4602,0.0,0.0,0.0,0.0,0.0,0.0,0.0,0.0
Tarrant - 4604,7.0,5.0,0.0,2.0,0.0,0.0,0.0,0.0
Tarrant - 4615,0.0,0.0,0.0,0.0,0.0,0.0,0.0,0.0
Tarrant - 4620,295.0,35.0,114.0,0.0,0.0,5.0,0.0,0.0
Tarrant - 4629,0.0,0.0,0.0,0.0,0.0,0.0,0.0,0.0
Tarrant - 4630,0.0,0.0,0.0,0.0,0.0,0.0,0.0,0.0
Tarrant - 4632,0.0,0.0,0.0,0.0,0.0,0.0,0.0,0.0
Tarrant - 4634,1983.0,221.0,1536.0,93.0,0.0,74.0,0.0,10.0
Tarrant - 4638,1041.0,283.0,553.0,31.0,0.0,119.0,0.0,0.0
Tarrant - 4640,1314.0,303.0,761.0,148.0,0.0,40.0,0.0,0.0
Tarrant - 4649,4627.0,1812.0,2458.0,251.0,0.0,47.0,0.0,28.0
Tarrant - 4650,4420.0,1289.0,2058.0,494.0,0.0,487.0,0.0,15.0
Tarrant - 4666,0.0,0.0,0.0,0.0,0.0,0.0,0.0,0.0
Tarrant - 4682,557.0,375.0,115.0,2.0,5.0,45.0,0.0,0.0
Tarrant - 4683,0.0,0.0,0.0,0.0,0.0,0.0,0.0,0.0
Tarrant - 4685,5.0,3.0,1.0,0.0,0.0,0.0,0.0,0.0
Tarrant - 4686,0.0,0.0,0.0,0.0,0.0,0.0,0.0,0.0
Tarrant - 4687,220.0,197.0,41.0,0.0,0.0,0.0,0.0,0.0
Tarrant - 4689,160.0,102.0,62.0,0.0,0.0,0.0,0.0,0.0
Tarrant - 4694,3565.0,822.0,2241.0,371.0,0.0,89.0,0.0,29.0
Tarrant - 4702,2849.0,755.0,1619.0,143.0,0.0,271.0,0.0,0.0
Tarrant - 4703,3539.0,533.0,1987.0,783.0,0.0,74.0,0.0,41.0
Tarrant - 4705,5123.0,1203.0,2507.0,996.0,0.0,293.0,0.0,0.0
Tarrant - 4707,1367.0,327.0,497.0,533.0,0.0,9.0,0.0,0.0
Tarrant - 4711,2607.0,450.0,1469.0,237.0,0.0,405.0,0.0,0.0
Tarrant - 4713,4269.0,1130.0,2357.0,505.0,0.0,174.0,0.0,0.0
Tarrant - 4724,707.0,40.0,650.0,0.0,12.0,0.0,0.0,0.0
Tarrant - 4730,4350.0,1173.0,2400.0,64.0,0.0,458.0,7.0,115.0
Tarrant - 4733,2912.0,331.0,1587.0,403.0,0.0,343.0,0.0,0.0
Tarrant - 4736,2284.0,295.0,1778.0,10.0,0.0,27.0,0.0,0.0
Tarrant - 4820,0.0,0.0,0.0,0.0,0.0,0.0,0.0,0.0
Tarrant - 4829,3257.0,1088.0,1166.0,420.0,0.0,431.0,0.0,78.0
Tarrant - 4830,1979.0,382.0,1128.0,382.0,0.0,28.0,0.0,34.0
Tarrant - 4832,943.0,271.0,481.0,130.0,12.0,23.0,0.0,0.0
Tarrant - 4833,1571.0,231.0,1092.0,138.0,10.0,63.0,0.0,0.0
Tarrant - 4836,4794.0,1108.0,2403.0,918.0,0.0,247.0,0.0,0.0
Tarrant - 4844,2160.0,61.0,1812.0,247.0,0.0,0.0,0.0,0.0
Tarrant - 4849,2945.0,428.0,1931.0,354.0,0.0,145.0,0.0,0.0
Terrell - 0001,175.0,80.0,87.0,0.0,0.0,0.0,0.0,0.0
Terrell - 0003,176.0,59.0,121.0,0.0,0.0,0.0,0.0,0.0
Travis - 0150A,5117.0,1080.0,2348.0,1027.0,0.0,484.0,0.0,38.0
Travis - 0150B,33.0,12.0,15.0,0.0,0.0,4.0,0.0,0.0
Travis - 0151A,2425.0,343.0,1428.0,249.0,0.0,338.0,0.0,0.0
Travis - 0151B,0.0,0.0,0.0,0.0,0.0,0.0,0.0,0.0
Travis - 0154A,3657.0,577.0,2168.0,564.0,0.0,241.0,0.0,2.0
Travis - 0154B,55.0,16.0,27.0,3.0,0.0,4.0,0.0,0.0
Travis - 0343A,2181.0,341.0,1534.0,13.0,0.0,229.0,0.0,46.0
Travis - 0343B,46.0,3.0,32.0,0.0,0.0,4.0,0.0,0.0
Travis - 0348A,2732.0,290.0,1963.0,23.0,4.0,401.0,0.0,0.0
Travis - 0348B,407.0,58.0,183.0,15.0,0.0,112.0,0.0,0.0
Travis - 0372A,695.0,40.0,496.0,10.0,0.0,133.0,0.0,0.0
Travis - 0372B,74.0,9.0,56.0,0.0,0.0,9.0,0.0,0.0
Travis - 0381A,3382.0,741.0,2048.0,435.0,0.0,123.0,0.0,29.0
Travis - 0381B,0.0,0.0,0.0,0.0,0.0,0.0,0.0,0.0
Travis - 0381C,118.0,5.0,73.0,1.0,0.0,15.0,0.0,0.0
Travis - 0381D,64.0,8.0,37.0,0.0,0.0,0.0,0.0,0.0
Travis - 0385A,2714.0,503.0,1665.0,14.0,0.0,455.0,0.0,0.0
Travis - 0385B,30.0,2.0,11.0,5.0,0.0,12.0,0.0,0.0
Travis - 0386A,2566.0,205.0,1659.0,5.0,0.0,676.0,5.0,1.0
Travis - 0386B,3.0,2.0,0.0,0.0,0.0,0.0,0.0,0.0
Travis - 0386C,34.0,4.0,34.0,0.0,0.0,0.0,0.0,0.0
Travis - 0491A,5380.0,2041.0,2382.0,565.0,0.0,168.0,0.0,19.0
Travis - 0491B,0.0,0.0,0.0,0.0,0.0,0.0,0.0,0.0
Trinity - 0001,529.0,26.0,464.0,31.0,0.0,0.0,0.0,0.0
Trinity - 0002,939.0,88.0,792.0,49.0,0.0,0.0,0.0,0.0
Trinity - 0003,544.0,25.0,529.0,0.0,0.0,0.0,0.0,0.0
Trinity - 0004,353.0,10.0,301.0,16.0,0.0,1.0,0.0,0.0
Trinity - 0005,667.0,109.0,401.0,152.0,0.0,0.0,0.0,0.0
Trinity - 0006,279.0,5.0,241.0,48.0,0.0,0.0,0.0,0.0
Trinity - 0007,123.0,6.0,113.0,7.0,0.0,0.0,0.0,0.0
Trinity - 0008,532.0,16.0,503.0,0.0,0.0,0.0,0.0,0.0
Trinity - 0009,562.0,19.0,512.0,21.0,0.0,0.0,0.0,0.0
Trinity - 0010,331.0,7.0,330.0,1.0,0.0,0.0,0.0,0.0
Trinity - 0011,2107.0,154.0,1866.0,27.0,0.0,0.0,0.0,0.0
Trinity - 0012,83.0,0.0,81.0,0.0,0.0,0.0,0.0,0.0
Trinity - 0014,603.0,18.0,583.0,3.0,0.0,0.0,0.0,0.0
Trinity - 0015,65.0,0.0,67.0,0.0,0.0,0.0,0.0,0.0
Trinity - 0016,753.0,21.0,632.0,39.0,0.0,0.0,0.0,0.0
Trinity - 0017,411.0,49.0,91.0,371.0,0.0,0.0,0.0,0.0
Trinity - 0018,122.0,14.0,37.0,64.0,0.0,0.0,0.0,0.0
Trinity - 0019,1232.0,151.0,842.0,124.0,0.0,3.0,0.0,0.0
Trinity - 0020,49.0,0.0,32.0,25.0,0.0,0.0,0.0,0.0
Trinity - 0021,719.0,69.0,611.0,2.0,0.0,0.0,0.0,0.0
Upshur - 0015A,2699.0,206.0,2352.0,30.0,0.0,0.0,0.0,0.0
Upshur - 0015B,0.0,0.0,0.0,0.0,0.0,0.0,0.0,0.0
Walker - 0201A,5373.0,1092.0,2580.0,1337.0,20.0,1.0,0.0,27.0
Walker - 0201B,19.0,1.0,4.0,13.0,0.0,0.0,0.0,0.0
Walker - 0204A,533.0,16.0,409.0,117.0,0.0,0.0,0.0,0.0
Walker - 0204B,661.0,33.0,487.0,131.0,0.0,0.0,0.0,0.0
Walker - 0403A,2035.0,196.0,1402.0,298.0,2.0,0.0,0.0,0.0
Walker - 0403B,3.0,0.0,3.0,0.0,0.0,0.0,0.0,0.0
Wharton - 0101,558.0,93.0,231.0,203.0,0.0,8.0,0.0,0.0
Wharton - 0102,4073.0,1456.0,2115.0,392.0,80.0,43.0,2.0,3.0
Wharton - 0103,3010.0,1054.0,1573.0,260.0,9.0,0.0,0.0,12.0
Wharton - 0201,2337.0,506.0,1701.0,16.0,0.0,0.0,0.0,0.0
Wharton - 0202,709.0,41.0,262.0,415.0,0.0,0.0,0.0,0.0
Wharton - 0203,3908.0,1345.0,1247.0,1028.0,0.0,23.0,3.0,0.0
Wharton - 0301,2967.0,439.0,2380.0,73.0,0.0,0.0,0.0,0.0
Wharton - 0302,2340.0,718.0,1398.0,225.0,0.0,0.0,0.0,0.0
Wharton - 0303,2418.0,487.0,1727.0,116.0,0.0,12.0,0.0,27.0
Wharton - 0401,3743.0,2493.0,846.0,425.0,0.0,26.0,0.0,0.0
Wharton - 0402,2319.0,1064.0,1031.0,191.0,0.0,0.0,0.0,0.0
Wharton - 0403,887.0,403.0,390.0,85.0,0.0,5.0,0.0,0.0
Wheeler - 0101,807.0,106.0,675.0,10.0,0.0,0.0,0.0,0.0
Wheeler - 0201,798.0,110.0,638.0,5.0,0.0,23.0,0.0,0.0
Wheeler - 0301,828.0,125.0,639.0,36.0,16.0,0.0,0.0,0.0
Wheeler - 0401,891.0,91.0,735.0,13.0,2.0,12.0,0.0,0.0
Wichita - 0101,217.0,8.0,188.0,0.0,11.0,0.0,0.0,0.0
Wichita - 0102,1252.0,84.0,1081.0,87.0,0.0,13.0,11.0,9.0
Wichita - 0103,5330.0,561.0,3944.0,391.0,9.0,296.0,4.0,0.0
Wichita - 0104,4189.0,349.0,3045.0,665.0,22.0,28.0,11.0,49.0
Wichita - 0105,752.0,22.0,670.0,0.0,18.0,1.0,0.0,7.0
Wichita - 0106,19.0,0.0,22.0,1.0,0.0,0.0,0.0,0.0
Wichita - 0107,4018.0,629.0,3055.0,245.0,13.0,0.0,7.0,15.0
Wichita - 0108,5410.0,646.0,4034.0,483.0,7.0,63.0,5.0,31.0
Wichita - 0109,1626.0,333.0,745.0,437.0,0.0,0.0,7.0,8.0
Wichita - 0201,5888.0,935.0,3832.0,726.0,0.0,170.0,59.0,27.0
Wichita - 0202,6781.0,1459.0,3032.0,2056.0,19.0,115.0,0.0,17.0
Wichita - 0203,3258.0,691.0,1859.0,448.0,0.0,150.0,0.0,37.0
Wichita - 0204,706.0,49.0,571.0,3.0,0.0,31.0,0.0,0.0
Wichita - 0205,4815.0,711.0,3799.0,53.0,26.0,49.0,0.0,0.0
Wichita - 0206,4191.0,260.0,3719.0,119.0,2.0,0.0,0.0,0.0
Wichita - 0207,38.0,1.0,37.0,0.0,0.0,2.0,0.0,0.0
Wichita - 0208,369.0,64.0,323.0,11.0,0.0,2.0,0.0,8.0
Wichita - 0209,150.0,21.0,58.0,81.0,0.0,8.0,0.0,0.0
Wichita - 0210,726.0,111.0,391.0,169.0,0.0,0.0,0.0,0.0
Wichita - 0211,83.0,35.0,40.0,9.0,0.0,0.0,0.0,0.0
Wichita - 0301,1092.0,190.0,614.0,95.0,0.0,180.0,8.0,0.0
Wichita - 0302,3993.0,1005.0,2374.0,422.0,8.0,64.0,0.0,29.0
Wichita - 0303,2586.0,589.0,1255.0,559.0,0.0,54.0,0.0,8.0
Wichita - 0304,1301.0,357.0,826.0,24.0,10.0,34.0,0.0,0.0
Wichita - 0305,319.0,11.0,153.0,148.0,0.0,0.0,0.0,0.0
Wichita - 0306,533.0,52.0,425.0,28.0,1.0,15.0,0.0,0.0
Wichita - 0307,1510.0,553.0,819.0,128.0,0.0,10.0,2.0,5.0
Wichita - 0308,4718.0,323.0,4268.0,0.0,92.0,18.0,0.0,5.0
Wichita - 0309,1957.0,144.0,1757.0,1.0,1.0,1.0,0.0,2.0
Wichita - 0310,3546.0,1122.0,1078.0,1258.0,5.0,17.0,0.0,14.0
Wichita - 0401,2413.0,275.0,1919.0,71.0,0.0,28.0,0.0,0.0
Wichita - 0402,923.0,201.0,628.0,68.0,0.0,26.0,0.0,3.0
Wichita - 0403,4919.0,823.0,3840.0,156.0,8.0,15.0,11.0,0.0
Wichita - 0404,2986.0,426.0,2079.0,205.0,13.0,208.0,0.0,0.0
Wichita - 0405,6170.0,1439.0,4032.0,395.0,35.0,15.0,6.0,14.0
Wichita - 0406,3535.0,369.0,2744.0,271.0,0.0,84.0,0.0,13.0
Wichita - 0407,665.0,46.0,615.0,0.0,1.0,5.0,0.0,0.0
Wichita - 0408,1165.0,117.0,915.0,92.0,0.0,0.0,0.0,0.0
Wichita - 0409,794.0,153.0,633.0,16.0,0.0,0.0,0.0,0.0
Wichita - 0410,641.0,96.0,513.0,8.0,0.0,3.0,15.0,0.0
Willacy - 0001,526.0,441.0,78.0,0.0,0.0,0.0,0.0,0.0
Willacy - 0002,89.0,63.0,22.0,1.0,0.0,0.0,0.0,0.0
Willacy - 0003,1158.0,1040.0,118.0,0.0,0.0,0.0,0.0,0.0
Willacy - 0004,1581.0,1480.0,84.0,0.0,0.0,0.0,0.0,0.0
Willacy - 0005,1132.0,1093.0,43.0,0.0,0.0,0.0,0.0,0.0
Willacy - 0006,378.0,304.0,45.0,0.0,0.0,0.0,0.0,0.0
Willacy - 0007,266.0,194.0,85.0,0.0,0.0,0.0,0.0,0.0
Willacy - 0008,259.0,208.0,39.0,1.0,0.0,0.0,0.0,0.0
Willacy - 0009,626.0,515.0,114.0,0.0,0.0,0.0,0.0,0.0
Willacy - 0010,232.0,49.0,200.0,0.0,0.0,0.0,0.0,0.0
Willacy - 0011,228.0,195.0,25.0,0.0,0.0,0.0,0.0,0.0
Willacy - 0012,121.0,106.0,12.0,0.0,0.0,0.0,0.0,0.0
Willacy - 001A,1773.0,1747.0,19.0,5.0,0.0,0.0,0.0,0.0
Willacy - 002A,1459.0,1237.0,213.0,0.0,0.0,0.0,0.0,0.0
Willacy - 007A,1006.0,858.0,139.0,0.0,0.0,0.0,0.0,0.0
Willacy - 008A,741.0,737.0,2.0,0.0,0.0,0.0,0.0,0.0
Willacy - 011A,2485.0,1634.0,416.0,304.0,0.0,6.0,0.0,0.0
Winkler - 0101,977.0,527.0,411.0,11.0,0.0,0.0,0.0,0.0
Winkler - 0201,457.0,358.0,112.0,7.0,0.0,0.0,0.0,0.0
Winkler - 0202,754.0,191.0,539.0,6.0,0.0,0.0,0.0,0.0
Winkler - 0301,1185.0,657.0,529.0,12.0,0.0,0.0,0.0,0.0
Winkler - 0401,1192.0,800.0,285.0,95.0,0.0,0.0,0.0,0.0
Anderson - 0001,2535.0,77.0,1560.0,851.0,23.0,0.0,0.0,0.0
Anderson - 0002,3696.0,275.0,2692.0,315.0,261.0,41.0,0.0,0.0
Anderson - 0003,1659.0,46.0,1324.0,151.0,0.0,98.0,0.0,0.0
Anderson - 0004,2144.0,50.0,1709.0,288.0,17.0,12.0,0.0,0.0
Anderson - 0005,299.0,18.0,214.0,40.0,0.0,0.0,0.0,0.0
Anderson - 0006,1249.0,132.0,475.0,620.0,0.0,0.0,11.0,16.0
Anderson - 0007,1621.0,443.0,389.0,591.0,4.0,0.0,6.0,4.0
Anderson - 0008,708.0,37.0,217.0,425.0,2.0,4.0,0.0,2.0
Anderson - 0009,1930.0,229.0,1335.0,178.0,0.0,0.0,0.0,4.0
Anderson - 0010,4720.0,1224.0,1717.0,1523.0,12.0,29.0,0.0,28.0
Anderson - 0011,5995.0,1478.0,2268.0,1971.0,0.0,12.0,0.0,7.0
Anderson - 0013,2074.0,337.0,1300.0,243.0,1.0,9.0,0.0,0.0
Anderson - 0015,1253.0,104.0,848.0,99.0,234.0,0.0,0.0,0.0
Anderson - 0016,970.0,102.0,733.0,65.0,6.0,8.0,0.0,0.0
Anderson - 0017,1057.0,198.0,665.0,73.0,47.0,8.0,0.0,0.0
Anderson - 0018,2619.0,181.0,2144.0,144.0,6.0,4.0,0.0,15.0
Anderson - 0019,2988.0,1046.0,1492.0,418.0,0.0,10.0,0.0,0.0
Anderson - 0020,1765.0,335.0,1100.0,277.0,0.0,8.0,18.0,0.0
Anderson - 0021,2154.0,223.0,1829.0,84.0,0.0,61.0,6.0,5.0
Anderson - 0022,1201.0,155.0,944.0,37.0,0.0,5.0,0.0,0.0
Anderson - 0023,1323.0,42.0,1143.0,24.0,5.0,0.0,0.0,0.0
Anderson - 0024,1076.0,109.0,930.0,30.0,0.0,0.0,0.0,0.0
Angelina - 0001,710.0,266.0,247.0,146.0,9.0,22.0,0.0,0.0
Angelina - 0002,3178.0,1091.0,714.0,1295.0,4.0,0.0,0.0,0.0
Angelina - 0003,2196.0,417.0,1701.0,17.0,2.0,10.0,0.0,0.0
Angelina - 0004,2056.0,311.0,1126.0,294.0,3.0,0.0,0.0,0.0
Angelina - 0005,2488.0,365.0,1627.0,517.0,0.0,9.0,0.0,0.0
Angelina - 0006,1186.0,208.0,744.0,184.0,0.0,0.0,0.0,0.0
Angelina - 0007,1276.0,74.0,1150.0,44.0,0.0,0.0,0.0,8.0
Angelina - 0008,1265.0,19.0,1083.0,149.0,0.0,3.0,0.0,0.0
Angelina - 0009,197.0,21.0,158.0,7.0,0.0,0.0,0.0,0.0
Angelina - 0011,2405.0,158.0,2078.0,13.0,79.0,3.0,1.0,27.0
Angelina - 0012,802.0,39.0,666.0,26.0,0.0,46.0,0.0,25.0
Angelina - 0013,726.0,220.0,446.0,102.0,0.0,0.0,0.0,0.0
Angelina - 0014,2068.0,470.0,1298.0,190.0,0.0,49.0,0.0,0.0
Angelina - 0015,838.0,205.0,605.0,35.0,0.0,0.0,0.0,0.0
Angelina - 0016,3492.0,1194.0,1247.0,841.0,13.0,0.0,6.0,0.0
Angelina - 0017,1748.0,14.0,1666.0,13.0,0.0,12.0,3.0,0.0
Angelina - 0018,972.0,149.0,525.0,209.0,0.0,9.0,0.0,0.0
Angelina - 0019,1309.0,102.0,827.0,263.0,0.0,7.0,0.0,0.0
Angelina - 0020,2572.0,820.0,478.0,1054.0,0.0,0.0,4.0,0.0
Angelina - 0021,1673.0,277.0,1159.0,39.0,7.0,0.0,0.0,0.0
Angelina - 0022,1025.0,74.0,911.0,8.0,17.0,0.0,0.0,0.0
Angelina - 0023,784.0,21.0,673.0,80.0,0.0,0.0,0.0,0.0
Angelina - 0024,2822.0,238.0,1815.0,548.0,29.0,2.0,0.0,8.0
Angelina - 0025,2939.0,200.0,2274.0,247.0,71.0,0.0,0.0,16.0
Angelina - 0026,1767.0,382.0,1333.0,26.0,0.0,0.0,0.0,7.0
Angelina - 0027,357.0,54.0,236.0,3.0,0.0,4.0,0.0,0.0
Angelina - 0028,1099.0,128.0,874.0,63.0,0.0,19.0,0.0,0.0
Angelina - 0029,1844.0,71.0,1702.0,8.0,0.0,0.0,0.0,0.0
Angelina - 0030,1122.0,5.0,1103.0,3.0,0.0,0.0,0.0,0.0
Angelina - 0031,418.0,250.0,188.0,13.0,0.0,20.0,0.0,0.0
Angelina - 0032,31.0,0.0,27.0,0.0,0.0,0.0,0.0,0.0
Angelina - 0033,1035.0,18.0,970.0,11.0,0.0,0.0,2.0,22.0
Angelina - 0034,2872.0,269.0,1985.0,383.0,0.0,145.0,0.0,0.0
Angelina - 0035,2449.0,390.0,1769.0,67.0,0.0,132.0,0.0,0.0
Angelina - 0037,594.0,58.0,406.0,6.0,0.0,10.0,0.0,0.0
Angelina - 0038,457.0,87.0,351.0,15.0,0.0,0.0,0.0,0.0
Angelina - 0039,883.0,122.0,589.0,122.0,0.0,25.0,0.0,0.0
Angelina - 0040,1014.0,69.0,801.0,127.0,10.0,0.0,0.0,0.0
Angelina - 011B,2427.0,148.0,2123.0,60.0,0.0,0.0,1.0,4.0
Angelina - 017B,416.0,1.0,375.0,2.0,5.0,0.0,1.0,0.0
Atascosa - 0001,934.0,460.0,455.0,0.0,0.0,0.0,0.0,1.0
Atascosa - 0003,1673.0,900.0,665.0,28.0,0.0,72.0,0.0,0.0
Atascosa - 0004,1665.0,1405.0,234.0,9.0,10.0,0.0,0.0,1.0
Atascosa - 0005,2650.0,2068.0,531.0,27.0,40.0,0.0,0.0,0.0
Atascosa - 0006,467.0,268.0,171.0,2.0,0.0,0.0,0.0,0.0
Atascosa - 0007,2409.0,1272.0,1004.0,27.0,0.0,15.0,0.0,0.0
Atascosa - 0008,648.0,352.0,267.0,0.0,23.0,0.0,0.0,2.0
Atascosa - 0009,4016.0,3284.0,684.0,9.0,50.0,0.0,0.0,0.0
Atascosa - 0010,513.0,346.0,146.0,2.0,0.0,0.0,0.0,2.0
Atascosa - 0011,1910.0,1232.0,668.0,0.0,3.0,13.0,0.0,0.0
Atascosa - 0012,1687.0,1092.0,555.0,0.0,35.0,4.0,0.0,4.0
Atascosa - 0013,3112.0,948.0,1877.0,36.0,18.0,18.0,0.0,0.0
Atascosa - 0014,169.0,73.0,51.0,0.0,0.0,0.0,0.0,0.0
Atascosa - 0015,2738.0,2001.0,787.0,46.0,0.0,38.0,0.0,14.0
Atascosa - 0017,2404.0,2003.0,395.0,4.0,3.0,11.0,0.0,0.0
Atascosa - 0018,1900.0,1296.0,588.0,8.0,0.0,6.0,0.0,0.0
Atascosa - 0019,633.0,198.0,348.0,21.0,0.0,18.0,0.0,0.0
Atascosa - 0020,3908.0,1166.0,2574.0,114.0,22.0,8.0,0.0,11.0
Atascosa - 0021,914.0,430.0,526.0,0.0,0.0,0.0,0.0,8.0
Atascosa - 0022,678.0,334.0,270.0,27.0,0.0,0.0,0.0,0.0
Brazoria - 0001,4686.0,1822.0,2499.0,222.0,0.0,97.0,0.0,0.0
Brazoria - 0002,4185.0,1076.0,2369.0,793.0,0.0,49.0,5.0,17.0
Brazoria - 0003,5316.0,1672.0,3234.0,366.0,17.0,50.0,0.0,0.0
Brazoria - 0004,5658.0,1048.0,3260.0,980.0,21.0,11.0,0.0,0.0
Brazoria - 0005,2662.0,676.0,1654.0,320.0,0.0,3.0,0.0,0.0
Brazoria - 0006,1830.0,337.0,1472.0,17.0,0.0,0.0,0.0,0.0
Brazoria - 0007,3830.0,1770.0,1177.0,825.0,0.0,0.0,0.0,0.0
Brazoria - 0008,985.0,314.0,649.0,0.0,0.0,8.0,0.0,0.0
Brazoria - 0009,5799.0,1880.0,1744.0,1775.0,60.0,47.0,15.0,12.0
Brazoria - 0010,818.0,251.0,562.0,0.0,0.0,0.0,0.0,0.0
Brazoria - 0011,4562.0,894.0,2137.0,686.0,0.0,132.0,0.0,37.0
Brazoria - 0012,4225.0,1368.0,2103.0,366.0,19.0,233.0,0.0,15.0
Brazoria - 0013,3917.0,1056.0,1915.0,653.0,2.0,280.0,8.0,0.0
Brazoria - 0014,5645.0,903.0,3979.0,609.0,0.0,11.0,1.0,0.0
Brazoria - 0015,3345.0,783.0,2119.0,303.0,0.0,14.0,0.0,13.0
Brazoria - 0016,2281.0,689.0,1447.0,171.0,2.0,10.0,0.0,12.0
Brazoria - 0017,3153.0,1553.0,1205.0,221.0,111.0,0.0,32.0,0.0
Brazoria - 0018,4640.0,1234.0,2621.0,392.0,64.0,295.0,0.0,0.0
Brazoria - 0019,3152.0,2180.0,774.0,212.0,11.0,4.0,0.0,0.0
Brazoria - 0020,1693.0,536.0,1120.0,36.0,0.0,0.0,9.0,0.0
Brazoria - 0021,3808.0,635.0,749.0,2406.0,0.0,133.0,0.0,126.0
Brazoria - 0022,3783.0,737.0,2928.0,0.0,0.0,44.0,0.0,0.0
Brazoria - 0023,5468.0,1642.0,3342.0,407.0,0.0,35.0,0.0,0.0
Brazoria - 0024,2079.0,641.0,1424.0,37.0,2.0,0.0,0.0,5.0
Brazoria - 0025,1820.0,651.0,1031.0,9.0,0.0,0.0,0.0,0.0
Brazoria - 0026,4435.0,1689.0,1651.0,680.0,5.0,459.0,0.0,4.0
Brazoria - 0027,2223.0,283.0,1441.0,285.0,12.0,174.0,0.0,0.0
Brazoria - 0028,4896.0,1438.0,2129.0,704.0,29.0,527.0,0.0,13.0
Brazoria - 0029,3171.0,506.0,1001.0,928.0,0.0,728.0,0.0,0.0
Brazoria - 0030,3431.0,723.0,2284.0,310.0,0.0,37.0,0.0,0.0
Brazoria - 0031,1703.0,523.0,1135.0,41.0,0.0,3.0,0.0,0.0
Brazoria - 0032,3047.0,527.0,2357.0,134.0,0.0,0.0,0.0,18.0
Brazoria - 0033,1722.0,266.0,1197.0,203.0,0.0,0.0,2.0,0.0
Brazoria - 0034,2827.0,912.0,1664.0,284.0,0.0,0.0,0.0,5.0
Brazoria - 0035,1969.0,444.0,1379.0,63.0,0.0,6.0,0.0,0.0
Brazoria - 0036,2182.0,935.0,1234.0,12.0,0.0,0.0,0.0,0.0
Brazoria - 0037,4105.0,995.0,2054.0,641.0,4.0,360.0,0.0,11.0
Brazoria - 0038,799.0,76.0,712.0,7.0,0.0,4.0,0.0,0.0
Brazoria - 0039,4873.0,1936.0,2290.0,254.0,22.0,269.0,1.0,0.0
Brazoria - 0040,3200.0,1447.0,1444.0,223.0,3.0,0.0,31.0,0.0
Brazoria - 0041,2041.0,207.0,903.0,426.0,0.0,426.0,0.0,46.0
Brazoria - 0042,904.0,139.0,667.0,84.0,0.0,0.0,0.0,0.0
Brazoria - 0043,6524.0,1819.0,3785.0,624.0,7.0,123.0,0.0,0.0
Brazoria - 0044,3909.0,742.0,1582.0,976.0,2.0,525.0,0.0,0.0
Brazoria - 0045,3502.0,1130.0,2085.0,194.0,0.0,16.0,0.0,32.0
Brazoria - 0046,6222.0,1654.0,3244.0,1111.0,0.0,74.0,4.0,16.0
Brazoria - 0047,2995.0,982.0,1328.0,399.0,10.0,217.0,0.0,0.0
Brazoria - 0048,4940.0,2162.0,2186.0,393.0,3.0,38.0,0.0,4.0
Brazoria - 0049,1967.0,383.0,1237.0,103.0,0.0,0.0,0.0,0.0
Brazoria - 0050,3995.0,529.0,852.0,1477.0,0.0,998.0,4.0,0.0
Brazoria - 0051,3236.0,921.0,1923.0,81.0,0.0,195.0,0.0,0.0
Brazoria - 0052,3329.0,759.0,1892.0,371.0,1.0,250.0,0.0,0.0
Brazoria - 0053,4134.0,561.0,1001.0,2136.0,0.0,680.0,0.0,28.0
Brazoria - 0054,3366.0,411.0,1112.0,1371.0,4.0,418.0,0.0,0.0
Brazoria - 0055,4209.0,889.0,2820.0,374.0,9.0,80.0,0.0,0.0
Brazoria - 0056,7510.0,1564.0,4716.0,1023.0,18.0,120.0,0.0,0.0
Brazoria - 0057,947.0,319.0,790.0,0.0,0.0,2.0,0.0,14.0
Brazoria - 0058,3322.0,502.0,1193.0,1067.0,4.0,480.0,0.0,49.0
Brazoria - 0059,2244.0,140.0,738.0,889.0,0.0,420.0,0.0,0.0
Brazoria - 0060,4742.0,1291.0,2301.0,577.0,3.0,522.0,0.0,7.0
Brazoria - 0061,795.0,286.0,501.0,0.0,0.0,14.0,0.0,0.0
Brazoria - 0062,4664.0,739.0,1992.0,1514.0,0.0,347.0,0.0,0.0
Brazoria - 0063,3656.0,872.0,672.0,1627.0,0.0,395.0,0.0,29.0
Brazoria - 0064,1796.0,699.0,341.0,105.0,0.0,18.0,0.0,36.0
Brazoria - 0065,4506.0,1030.0,2008.0,882.0,0.0,415.0,17.0,33.0
Brazoria - 0066,4599.0,676.0,1623.0,1085.0,0.0,1167.0,0.0,13.0
Brazoria - 0067,2698.0,389.0,325.0,1520.0,0.0,464.0,0.0,0.0
Brazoria - 0068,3685.0,970.0,742.0,1693.0,0.0,236.0,0.0,0.0
Brazoria - 0069,2364.0,235.0,411.0,721.0,0.0,903.0,0.0,5.0
Brazoria - 0070,4896.0,780.0,1087.0,1780.0,0.0,1193.0,0.0,7.0
Brazoria - 0071,1257.0,195.0,274.0,451.0,0.0,337.0,0.0,0.0
Brazoria - 0072,3053.0,1028.0,567.0,574.0,0.0,926.0,0.0,29.0
Brazoria - 0073,1880.0,239.0,543.0,1209.0,0.0,107.0,0.0,1.0
Brazoria - 0074,513.0,394.0,158.0,0.0,0.0,0.0,0.0,0.0
Brazoria - 0075,4042.0,1457.0,2102.0,398.0,0.0,17.0,0.0,0.0
Brazoria - 0076,1731.0,472.0,1209.0,1.0,0.0,3.0,0.0,0.0
Brazoria - 0077,5971.0,1915.0,3232.0,789.0,15.0,10.0,4.0,0.0
Brazoria - 0078,4835.0,1718.0,1534.0,1260.0,19.0,92.0,0.0,43.0
Brazoria - 0079,1099.0,252.0,296.0,426.0,0.0,55.0,0.0,24.0
Brazoria - 0080,2660.0,967.0,1609.0,13.0,10.0,33.0,0.0,0.0
Brewster - 0001,1726.0,590.0,1101.0,5.0,0.0,21.0,0.0,0.0
Brewster - 0002,1295.0,414.0,844.0,9.0,0.0,3.0,5.0,0.0
Brewster - 0003,287.0,82.0,204.0,0.0,0.0,0.0,0.0,0.0
Brewster - 0004,1913.0,948.0,896.0,22.0,0.0,34.0,5.0,0.0
Brewster - 0005,179.0,28.0,149.0,0.0,0.0,3.0,0.0,0.0
Brewster - 0006,601.0,36.0,573.0,0.0,0.0,1.0,0.0,0.0
Brewster - 0007,270.0,52.0,211.0,0.0,0.0,7.0,0.0,0.0
Brewster - 0008,1237.0,637.0,488.0,24.0,0.0,2.0,12.0,0.0
Burleson - 0113,664.0,19.0,599.0,44.0,0.0,0.0,0.0,0.0
Burleson - 0114,2304.0,507.0,1443.0,239.0,0.0,0.0,0.0,2.0
Burleson - 0203,505.0,147.0,318.0,41.0,0.0,0.0,0.0,0.0
Burleson - 0204,626.0,40.0,505.0,83.0,0.0,0.0,0.0,0.0
Burleson - 0207,495.0,16.0,363.0,137.0,0.0,0.0,0.0,0.0
Burleson - 0211,1425.0,293.0,1004.0,100.0,0.0,0.0,0.0,0.0
Burleson - 0215,719.0,114.0,510.0,29.0,0.0,0.0,0.0,0.0
Burleson - 0301,1691.0,298.0,1321.0,67.0,0.0,0.0,0.0,0.0
Burleson - 0305,688.0,99.0,544.0,46.0,0.0,0.0,0.0,0.0
Burleson - 0308,551.0,64.0,308.0,215.0,0.0,0.0,0.0,0.0
Burleson - 0309,725.0,35.0,609.0,59.0,0.0,0.0,0.0,0.0
Burleson - 0406,1251.0,259.0,646.0,274.0,0.0,50.0,0.0,0.0
Burleson - 0410,2238.0,222.0,1713.0,295.0,0.0,4.0,0.0,10.0
Caldwell - 0100,732.0,433.0,289.0,0.0,0.0,0.0,0.0,2.0
Caldwell - 0101,856.0,483.0,313.0,37.0,0.0,16.0,4.0,4.0
Caldwell - 0102,937.0,263.0,653.0,5.0,0.0,5.0,0.0,0.0
Caldwell - 0103,3155.0,1157.0,1898.0,20.0,0.0,31.0,1.0,6.0
Caldwell - 0104,628.0,186.0,413.0,0.0,0.0,2.0,1.0,0.0
Caldwell - 0108,1170.0,702.0,426.0,42.0,0.0,5.0,0.0,0.0
Caldwell - 0111,3383.0,981.0,1996.0,330.0,0.0,0.0,0.0,0.0
Caldwell - 0201,1290.0,681.0,584.0,0.0,0.0,0.0,0.0,0.0
Caldwell - 0202,1723.0,784.0,712.0,218.0,0.0,0.0,0.0,0.0
Caldwell - 0203,1546.0,530.0,858.0,108.0,0.0,1.0,6.0,0.0
Caldwell - 0204,1645.0,556.0,1013.0,58.0,0.0,0.0,0.0,0.0
Caldwell - 0205,367.0,9.0,354.0,0.0,0.0,0.0,0.0,0.0
Caldwell - 0206,1713.0,830.0,562.0,290.0,0.0,9.0,3.0,22.0
Caldwell - 0300,1527.0,864.0,324.0,308.0,0.0,12.0,0.0,0.0
Caldwell - 0301,1691.0,786.0,834.0,18.0,0.0,0.0,0.0,0.0
Caldwell - 0302,1503.0,968.0,407.0,94.0,0.0,73.0,1.0,0.0
Caldwell - 0303,1263.0,800.0,409.0,9.0,0.0,19.0,13.0,0.0
Caldwell - 0305,878.0,300.0,557.0,8.0,0.0,0.0,0.0,0.0
Caldwell - 0306,1209.0,802.0,353.0,20.0,0.0,7.0,0.0,0.0
Caldwell - 0400,922.0,552.0,292.0,12.0,0.0,0.0,0.0,0.0
Caldwell - 0401,1011.0,582.0,252.0,160.0,0.0,0.0,0.0,0.0
Caldwell - 0402,1665.0,1160.0,430.0,54.0,0.0,4.0,0.0,0.0
Caldwell - 0404,1363.0,990.0,338.0,21.0,0.0,0.0,0.0,0.0
Caldwell - 0405,952.0,353.0,446.0,17.0,0.0,0.0,0.0,148.0
Callahan - 0001,1286.0,98.0,1052.0,0.0,0.0,3.0,0.0,37.0
Callahan - 0002,2125.0,116.0,1858.0,41.0,0.0,5.0,0.0,57.0
Callahan - 0003,2774.0,304.0,2397.0,14.0,0.0,22.0,9.0,0.0
Callahan - 0004,1498.0,67.0,1393.0,0.0,0.0,0.0,0.0,0.0
Callahan - 0005,138.0,7.0,126.0,0.0,0.0,0.0,0.0,0.0
Callahan - 0006,1268.0,177.0,1072.0,5.0,0.0,0.0,0.0,0.0
Callahan - 0007,419.0,7.0,427.0,0.0,0.0,0.0,0.0,0.0
Callahan - 0008,1572.0,310.0,1207.0,0.0,0.0,2.0,0.0,46.0
Chambers - 0001,558.0,13.0,504.0,29.0,0.0,0.0,0.0,0.0
Chambers - 0002,969.0,164.0,559.0,246.0,0.0,0.0,0.0,0.0
Chambers - 0003,513.0,90.0,261.0,83.0,0.0,82.0,0.0,0.0
Chambers - 0004,4285.0,657.0,3197.0,147.0,27.0,187.0,0.0,0.0
Chambers - 0005,3185.0,127.0,2946.0,62.0,0.0,6.0,0.0,2.0
Chambers - 0006,1944.0,447.0,1212.0,229.0,13.0,22.0,0.0,0.0
Chambers - 0007,2973.0,960.0,1813.0,255.0,0.0,0.0,0.0,0.0
Chambers - 0008,2705.0,525.0,1671.0,89.0,0.0,0.0,0.0,2.0
Chambers - 0009,320.0,49.0,209.0,7.0,0.0,56.0,0.0,0.0
Chambers - 0010,1857.0,416.0,1408.0,20.0,1.0,0.0,0.0,0.0
Chambers - 0011,2381.0,293.0,1927.0,95.0,0.0,42.0,0.0,0.0
Chambers - 0012,1197.0,140.0,654.0,302.0,0.0,0.0,0.0,0.0
Chambers - 0013,0.0,0.0,0.0,0.0,0.0,0.0,0.0,0.0
Chambers - 0014,893.0,73.0,679.0,106.0,5.0,0.0,0.0,0.0
Chambers - 0015,2588.0,675.0,1154.0,760.0,0.0,55.0,0.0,0.0
Chambers - 0016,2156.0,232.0,1726.0,82.0,1.0,28.0,0.0,14.0
Chambers - 0017,812.0,122.0,621.0,69.0,0.0,20.0,0.0,0.0
Chambers - 0018,2007.0,291.0,1401.0,84.0,13.0,158.0,0.0,0.0
Chambers - 0019,3297.0,1149.0,1972.0,518.0,3.0,28.0,0.0,0.0
Cherokee - 0012,1563.0,193.0,931.0,353.0,0.0,0.0,0.0,0.0
Cherokee - 0013,1248.0,62.0,1003.0,67.0,3.0,0.0,0.0,0.0
Cherokee - 0014,1522.0,41.0,1360.0,66.0,9.0,11.0,0.0,0.0
Cherokee - 0015,4532.0,678.0,2797.0,886.0,0.0,0.0,0.0,0.0
Cherokee - 0022,783.0,47.0,513.0,231.0,0.0,0.0,0.0,0.0
Cherokee - 0023,788.0,19.0,782.0,4.0,0.0,0.0,0.0,0.0
Cherokee - 0024,2662.0,296.0,1581.0,716.0,2.0,26.0,0.0,0.0
Cherokee - 0025,1257.0,70.0,1029.0,106.0,22.0,0.0,0.0,0.0
Cherokee - 0026,1196.0,171.0,718.0,236.0,0.0,17.0,0.0,0.0
Cherokee - 0027,1028.0,61.0,794.0,177.0,0.0,0.0,0.0,0.0
Cherokee - 0028,2296.0,347.0,1151.0,765.0,7.0,19.0,0.0,0.0
Cherokee - 0032,1193.0,153.0,1000.0,52.0,0.0,0.0,0.0,0.0
Cherokee - 0033,2149.0,67.0,1940.0,71.0,0.0,0.0,0.0,24.0
Cherokee - 0034,1717.0,191.0,1472.0,29.0,0.0,12.0,0.0,0.0
Cherokee - 0035,1094.0,202.0,820.0,141.0,0.0,6.0,0.0,0.0
Cherokee - 0036,1705.0,79.0,1599.0,67.0,0.0,7.0,0.0,0.0
Cherokee - 0037,512.0,48.0,413.0,59.0,0.0,6.0,0.0,0.0
Cherokee - 0038,682.0,217.0,218.0,193.0,0.0,0.0,0.0,0.0
Cherokee - 0042,1392.0,284.0,372.0,699.0,0.0,0.0,0.0,0.0
Cherokee - 0043,1635.0,510.0,812.0,245.0,0.0,0.0,0.0,0.0
Cherokee - 0044,1515.0,292.0,1248.0,6.0,0.0,4.0,0.0,0.0
Cherokee - 0045,1171.0,272.0,660.0,39.0,0.0,0.0,0.0,0.0
Cherokee - 0046,776.0,31.0,834.0,46.0,0.0,0.0,0.0,0.0
Cherokee - 0047,272.0,28.0,240.0,7.0,0.0,14.0,0.0,0.0
Cherokee - 0048,597.0,9.0,597.0,0.0,0.0,0.0,0.0,0.0
Colorado - 0101,2548.0,672.0,1444.0,257.0,7.0,0.0,0.0,0.0
Colorado - 0102,404.0,36.0,323.0,18.0,3.0,0.0,0.0,0.0
Colorado - 0103,586.0,30.0,539.0,18.0,0.0,0.0,0.0,0.0
Colorado - 0201,3659.0,640.0,2501.0,489.0,0.0,13.0,0.0,0.0
Colorado - 0202,490.0,49.0,456.0,3.0,3.0,13.0,0.0,0.0
Colorado - 0302,1081.0,32.0,864.0,179.0,0.0,31.0,0.0,0.0
Colorado - 0303,605.0,40.0,507.0,0.0,0.0,0.0,0.0,0.0
Colorado - 0304,459.0,79.0,364.0,0.0,0.0,7.0,0.0,0.0
Colorado - 0305,1945.0,239.0,1544.0,186.0,0.0,0.0,0.0,0.0
Colorado - 0401,545.0,122.0,277.0,25.0,1.0,13.0,0.0,0.0
Colorado - 0402,2894.0,1488.0,873.0,472.0,0.0,0.0,0.0,0.0
Comanche - 0001,1536.0,270.0,1256.0,0.0,0.0,0.0,0.0,0.0
Comanche - 0002,1781.0,601.0,1083.0,24.0,0.0,25.0,0.0,0.0
Comanche - 0004,118.0,7.0,109.0,0.0,0.0,0.0,0.0,0.0
Comanche - 0005,664.0,71.0,621.0,0.0,0.0,0.0,0.0,0.0
Comanche - 0006,372.0,49.0,301.0,0.0,0.0,0.0,0.0,0.0
Comanche - 0007,468.0,88.0,373.0,0.0,0.0,0.0,0.0,0.0
Comanche - 0009,244.0,40.0,207.0,0.0,0.0,0.0,0.0,0.0
Comanche - 0010,473.0,53.0,409.0,7.0,0.0,0.0,0.0,0.0
Comanche - 0011,642.0,141.0,490.0,4.0,0.0,0.0,0.0,0.0
Comanche - 0012,2427.0,400.0,1929.0,9.0,8.0,8.0,0.0,0.0
Comanche - 0013,218.0,18.0,187.0,5.0,0.0,0.0,0.0,0.0
Comanche - 0014,159.0,6.0,150.0,0.0,0.0,0.0,0.0,0.0
Comanche - 0015,515.0,39.0,455.0,0.0,0.0,0.0,0.0,0.0
Comanche - 0016,103.0,2.0,94.0,0.0,0.0,0.0,0.0,0.0
Crockett - 0001,335.0,214.0,142.0,0.0,0.0,0.0,0.0,0.0
Crockett - 0002,436.0,115.0,312.0,0.0,0.0,0.0,0.0,0.0
Crockett - 0003,393.0,113.0,279.0,5.0,0.0,0.0,0.0,0.0
Crockett - 0004,728.0,664.0,44.0,0.0,0.0,0.0,0.0,4.0
Eastland - 0001,2911.0,356.0,2383.0,115.0,44.0,0.0,0.0,1.0
Eastland - 0002,357.0,35.0,326.0,0.0,0.0,0.0,0.0,0.0
Eastland - 0003,2247.0,404.0,1652.0,90.0,0.0,8.0,0.0,0.0
Eastland - 0004,320.0,20.0,300.0,37.0,0.0,0.0,0.0,0.0
Eastland - 0005,790.0,139.0,564.0,6.0,0.0,0.0,0.0,3.0
Eastland - 0006,352.0,35.0,312.0,0.0,0.0,0.0,0.0,3.0
Eastland - 0007,2350.0,163.0,2103.0,43.0,6.0,0.0,8.0,0.0
Eastland - 0008,3662.0,432.0,3103.0,65.0,0.0,22.0,0.0,22.0
Eastland - 0009,545.0,35.0,502.0,0.0,0.0,0.0,0.0,3.0
El Paso - 0209A,1720.0,444.0,834.0,406.0,0.0,18.0,3.0,41.0
El Paso - 0209B,0.0,0.0,0.0,0.0,0.0,0.0,0.0,0.0
El Paso - 0211A,939.0,490.0,244.0,177.0,0.0,6.0,0.0,0.0
El Paso - 0211B,0.0,0.0,0.0,0.0,0.0,0.0,0.0,0.0
Franklin - 0101,1232.0,117.0,975.0,99.0,0.0,3.0,0.0,0.0
Franklin - 0102,496.0,17.0,450.0,21.0,0.0,1.0,0.0,0.0
Franklin - 0201,571.0,40.0,493.0,11.0,0.0,4.0,0.0,0.0
Franklin - 0202,1180.0,257.0,700.0,248.0,0.0,0.0,0.0,0.0
Franklin - 0301,924.0,31.0,845.0,0.0,0.0,0.0,0.0,17.0
Franklin - 0302,1233.0,31.0,1125.0,38.0,1.0,17.0,0.0,0.0
Franklin - 0401,1170.0,41.0,1108.0,0.0,11.0,0.0,0.0,0.0
Franklin - 0402,963.0,67.0,862.0,2.0,3.0,6.0,0.0,0.0
Gonzales - 0001,2595.0,911.0,1358.0,295.0,0.0,4.0,0.0,0.0
Gonzales - 0002,2529.0,1205.0,1108.0,197.0,0.0,0.0,0.0,0.0
Gonzales - 0003,1691.0,643.0,733.0,295.0,0.0,0.0,0.0,0.0
Gonzales - 0005,754.0,111.0,516.0,164.0,0.0,0.0,0.0,0.0
Gonzales - 0007,577.0,84.0,490.0,20.0,0.0,0.0,0.0,0.0
Gonzales - 0008,420.0,69.0,361.0,0.0,0.0,0.0,0.0,0.0
Gonzales - 0009,1113.0,523.0,492.0,38.0,17.0,10.0,0.0,0.0
Gonzales - 0010,607.0,293.0,283.0,5.0,0.0,0.0,0.0,0.0
Gonzales - 0011,303.0,64.0,198.0,12.0,0.0,0.0,0.0,0.0
Gonzales - 0012,148.0,67.0,71.0,3.0,0.0,1.0,0.0,0.0
Gonzales - 0013,388.0,135.0,233.0,11.0,0.0,2.0,0.0,0.0
Gonzales - 0014,110.0,48.0,54.0,0.0,0.0,0.0,0.0,0.0
Gonzales - 0015,346.0,175.0,187.0,0.0,0.0,7.0,0.0,0.0
Gonzales - 04/6,1756.0,978.0,605.0,69.0,0.0,41.0,0.0,0.0
Hamilton - 0001,1441.0,155.0,1264.0,0.0,0.0,0.0,0.0,0.0
Hamilton - 0004,207.0,28.0,178.0,0.0,0.0,0.0,0.0,0.0
Hamilton - 0005,122.0,3.0,110.0,0.0,1.0,0.0,0.0,0.0
Hamilton - 0007,1633.0,132.0,1470.0,17.0,5.0,0.0,0.0,0.0
Hamilton - 0009,145.0,7.0,137.0,0.0,0.0,0.0,0.0,0.0
Hamilton - 0012,192.0,7.0,174.0,16.0,0.0,0.0,0.0,0.0
Hamilton - 0014,143.0,16.0,131.0,0.0,0.0,0.0,0.0,0.0
Hamilton - 0015,207.0,24.0,165.0,16.0,3.0,0.0,0.0,0.0
Hamilton - 0017,186.0,33.0,147.0,0.0,0.0,0.0,0.0,0.0
Hamilton - 0022,870.0,49.0,805.0,10.0,0.0,0.0,0.0,0.0
Hamilton - 0023,1042.0,55.0,971.0,0.0,0.0,0.0,0.0,0.0
Hansford - 0001,716.0,287.0,390.0,0.0,0.0,0.0,0.0,0.0
Hansford - 0002,42.0,15.0,26.0,0.0,0.0,0.0,0.0,0.0
Hansford - 0003,248.0,91.0,152.0,0.0,0.0,0.0,0.0,0.0
Hansford - 0004,790.0,279.0,452.0,0.0,0.0,0.0,0.0,0.0
Hansford - 0005,465.0,191.0,284.0,0.0,0.0,0.0,0.0,0.0
Hansford - 0006,732.0,252.0,480.0,0.0,0.0,0.0,7.0,0.0
Hansford - 0007,29.0,4.0,23.0,0.0,0.0,0.0,0.0,0.0
Hansford - 0009,79.0,30.0,42.0,0.0,28.0,0.0,0.0,0.0
Hardeman - 0001,601.0,119.0,460.0,2.0,0.0,20.0,0.0,0.0
Hardeman - 0002,775.0,170.0,520.0,26.0,8.0,5.0,0.0,0.0
Hardeman - 0003,593.0,94.0,391.0,59.0,3.0,2.0,0.0,0.0
Hardeman - 0004,670.0,162.0,417.0,32.0,0.0,0.0,0.0,0.0
Harrison - 0001,2464.0,288.0,1560.0,631.0,7.0,3.0,0.0,4.0
Harrison - 0002,3265.0,243.0,1493.0,1532.0,0.0,6.0,0.0,67.0
Harrison - 0003,3418.0,224.0,551.0,2361.0,0.0,0.0,0.0,6.0
Harrison - 0004,1680.0,546.0,625.0,464.0,13.0,0.0,0.0,0.0
Harrison - 0005,1080.0,37.0,920.0,103.0,0.0,0.0,0.0,9.0
Harrison - 0006,1758.0,0.0,1637.0,155.0,0.0,0.0,0.0,0.0
Harrison - 0007,910.0,13.0,763.0,102.0,0.0,0.0,0.0,0.0
Harrison - 0008,2912.0,368.0,1659.0,667.0,0.0,12.0,0.0,19.0
Harrison - 0009,1468.0,46.0,1254.0,132.0,0.0,44.0,0.0,0.0
Harrison - 0010,1362.0,12.0,962.0,347.0,2.0,0.0,0.0,0.0
Harrison - 0011,552.0,87.0,254.0,187.0,0.0,0.0,0.0,0.0
Harrison - 0012,2775.0,176.0,2163.0,411.0,6.0,0.0,0.0,0.0
Harrison - 0013,2371.0,134.0,2040.0,164.0,0.0,19.0,0.0,0.0
Harrison - 0014,1567.0,153.0,1256.0,138.0,9.0,0.0,0.0,0.0
Harrison - 0015,1131.0,14.0,1083.0,15.0,3.0,2.0,0.0,0.0
Harrison - 0016,520.0,13.0,465.0,24.0,3.0,0.0,0.0,0.0
Harrison - 0017,1442.0,89.0,806.0,392.0,0.0,0.0,0.0,34.0
Harrison - 0018,1936.0,306.0,1407.0,213.0,0.0,0.0,0.0,0.0
Harrison - 0019,3746.0,276.0,2821.0,515.0,0.0,27.0,0.0,16.0
Harrison - 0020,3023.0,283.0,2211.0,487.0,0.0,0.0,19.0,2.0
Harrison - 0021,994.0,23.0,783.0,140.0,0.0,0.0,0.0,0.0
Harrison - 0022,2501.0,504.0,720.0,1222.0,0.0,24.0,0.0,7.0
Harrison - 0023,649.0,6.0,606.0,11.0,0.0,0.0,0.0,0.0
Harrison - 0024,1364.0,135.0,1032.0,114.0,0.0,0.0,0.0,0.0
Harrison - 0025,3600.0,264.0,2778.0,425.0,0.0,0.0,0.0,15.0
Harrison - 0026,2703.0,335.0,2237.0,99.0,0.0,46.0,0.0,0.0
Hemphill - 0101,618.0,161.0,391.0,33.0,0.0,0.0,0.0,0.0
Hemphill - 0201,364.0,50.0,317.0,0.0,0.0,0.0,0.0,0.0
Hemphill - 0202,42.0,0.0,27.0,0.0,0.0,0.0,0.0,0.0
Hemphill - 0301,450.0,30.0,425.0,9.0,0.0,0.0,0.0,0.0
Hemphill - 0302,30.0,0.0,32.0,0.0,0.0,0.0,0.0,0.0
Hemphill - 0303,99.0,0.0,93.0,0.0,9.0,0.0,0.0,0.0
Hemphill - 0401,590.0,210.0,313.0,34.0,0.0,0.0,0.0,0.0
Hemphill - 0402,91.0,0.0,93.0,0.0,9.0,0.0,0.0,0.0
Hudspeth - 0001,521.0,258.0,242.0,23.0,0.0,0.0,0.0,0.0
Hudspeth - 0002,545.0,508.0,46.0,5.0,0.0,0.0,0.0,2.0
Hudspeth - 0004,183.0,60.0,109.0,12.0,0.0,0.0,0.0,0.0
Hudspeth - 001W,257.0,221.0,49.0,5.0,0.0,0.0,0.0,3.0
Hudspeth - 003N,137.0,32.0,121.0,0.0,0.0,0.0,0.0,7.0
Hudspeth - 003S,364.0,171.0,62.0,0.0,0.0,0.0,0.0,25.0
Hudspeth - 004S,28.0,11.0,11.0,1.0,0.0,0.0,0.0,1.0
Hudspeth - 04NW,62.0,5.0,93.0,0.0,0.0,0.0,0.0,4.0
Jim Hogg - 0001,594.0,568.0,14.0,0.0,0.0,11.0,0.0,0.0
Jim Hogg - 0002,840.0,692.0,137.0,0.0,0.0,0.0,0.0,0.0
Jim Hogg - 0003,562.0,538.0,16.0,14.0,0.0,0.0,0.0,0.0
Jim Hogg - 0004,1189.0,1054.0,141.0,0.0,0.0,0.0,0.0,0.0
Jim Hogg - 0005,1.0,1.0,0.0,0.0,0.0,0.0,0.0,0.0
Johnson - 0012A,2830.0,310.0,2419.0,50.0,18.0,0.0,0.0,0.0
Johnson - 0012B,1102.0,41.0,1006.0,37.0,8.0,0.0,0.0,0.0
La Salle - 0001,895.0,544.0,325.0,39.0,0.0,0.0,0.0,0.0
La Salle - 0002,1336.0,958.0,295.0,81.0,0.0,0.0,0.0,0.0
La Salle - 0003,863.0,797.0,63.0,9.0,0.0,1.0,0.0,0.0
La Salle - 0004,64.0,24.0,31.0,10.0,0.0,0.0,0.0,0.0
La Salle - 0005,1485.0,1013.0,234.0,187.0,16.0,6.0,0.0,0.0
La Salle - 0006,409.0,282.0,106.0,6.0,0.0,0.0,0.0,0.0
Lampasas - 0001,4279.0,830.0,2723.0,544.0,0.0,77.0,0.0,0.0
Lampasas - 0002,3937.0,698.0,3164.0,40.0,0.0,0.0,0.0,5.0
Lampasas - 0003,3176.0,666.0,2234.0,64.0,7.0,0.0,0.0,2.0
Lampasas - 0004,1735.0,193.0,1413.0,41.0,0.0,7.0,0.0,0.0
Lampasas - 0005,390.0,20.0,346.0,0.0,0.0,7.0,0.0,0.0
Lampasas - 0006,901.0,85.0,776.0,3.0,0.0,17.0,0.0,6.0
Lampasas - 0007,766.0,103.0,631.0,8.0,0.0,5.0,0.0,0.0
Lampasas - 0008,330.0,41.0,272.0,0.0,0.0,19.0,0.0,0.0
Lampasas - 0009,1600.0,309.0,1129.0,47.0,0.0,35.0,0.0,0.0
Lampasas - 0010,288.0,35.0,232.0,0.0,0.0,7.0,0.0,0.0
Lipscomb - 0106,412.0,154.0,209.0,6.0,0.0,0.0,3.0,0.0
Lipscomb - 0202,111.0,17.0,90.0,0.0,0.0,0.0,0.0,0.0
Lipscomb - 0303,336.0,39.0,254.0,0.0,3.0,0.0,9.0,0.0
Lipscomb - 0308,132.0,14.0,126.0,0.0,0.0,0.0,0.0,0.0
Lipscomb - 0404,311.0,17.0,271.0,0.0,3.0,0.0,12.0,0.0
Lipscomb - 0409,152.0,63.0,67.0,0.0,0.0,0.0,0.0,0.0
Live Oak - 0001,1058.0,185.0,543.0,0.0,0.0,0.0,0.0,0.0
Live Oak - 0002,777.0,48.0,670.0,0.0,0.0,38.0,0.0,0.0
Live Oak - 0003,1393.0,842.0,511.0,7.0,0.0,0.0,0.0,0.0
Live Oak - 0004,721.0,219.0,496.0,4.0,0.0,13.0,0.0,0.0
Live Oak - 0005,243.0,28.0,213.0,0.0,0.0,0.0,0.0,0.0
Live Oak - 0006,185.0,31.0,155.0,0.0,0.0,0.0,0.0,0.0
Live Oak - 0007,59.0,24.0,34.0,0.0,0.0,0.0,0.0,0.0
Live Oak - 0008,98.0,22.0,76.0,0.0,0.0,0.0,0.0,0.0
Live Oak - 0009,1064.0,541.0,477.0,0.0,0.0,0.0,0.0,0.0
Live Oak - 0010,330.0,94.0,241.0,0.0,0.0,0.0,0.0,0.0
Live Oak - 0011,955.0,566.0,177.0,194.0,0.0,0.0,0.0,0.0
Live Oak - 0012,119.0,15.0,120.0,0.0,0.0,0.0,0.0,0.0
Live Oak - 0013,680.0,82.0,444.0,0.0,0.0,0.0,0.0,4.0
Live Oak - 0014,815.0,302.0,485.0,10.0,0.0,3.0,0.0,1.0
Maverick - 001A,1395.0,1329.0,61.0,0.0,0.0,0.0,0.0,0.0
Maverick - 001B,1167.0,1028.0,44.0,8.0,0.0,16.0,0.0,50.0
Maverick - 001C,4159.0,4114.0,44.0,0.0,0.0,0.0,0.0,0.0
Maverick - 001D,1141.0,1134.0,8.0,0.0,0.0,0.0,0.0,0.0
Maverick - 002A,579.0,581.0,0.0,0.0,0.0,0.0,0.0,0.0
Maverick - 002B,2550.0,2503.0,36.0,0.0,5.0,0.0,0.0,0.0
Maverick - 002C,3458.0,2829.0,6.0,42.0,556.0,0.0,44.0,4.0
Maverick - 002D,115.0,77.0,0.0,3.0,5.0,0.0,0.0,0.0
Maverick - 002E,1082.0,758.0,309.0,54.0,0.0,10.0,0.0,4.0
Maverick - 003A,3157.0,2912.0,279.0,0.0,0.0,18.0,0.0,0.0
Maverick - 003B,4800.0,4610.0,115.0,0.0,0.0,0.0,0.0,0.0
Maverick - 003C,228.0,219.0,0.0,4.0,0.0,0.0,0.0,0.0
Maverick - 004A,1370.0,1123.0,252.0,0.0,0.0,0.0,0.0,0.0
Maverick - 004B,2876.0,2722.0,129.0,1.0,0.0,4.0,0.0,6.0
Maverick - 004C,494.0,488.0,8.0,0.0,0.0,0.0,0.0,0.0
Maverick - 004D,2647.0,2640.0,5.0,0.0,0.0,0.0,0.0,0.0
McLennan - 0001,770.0,160.0,387.0,208.0,0.0,6.0,0.0,0.0
McLennan - 0002,1211.0,237.0,638.0,333.0,8.0,5.0,0.0,0.0
McLennan - 0003,10025.0,1116.0,7098.0,1105.0,28.0,463.0,0.0,45.0
McLennan - 0004,145.0,25.0,99.0,21.0,0.0,0.0,0.0,0.0
McLennan - 0005,1099.0,939.0,71.0,53.0,0.0,0.0,0.0,0.0
McLennan - 0006,1570.0,1224.0,223.0,90.0,0.0,0.0,0.0,0.0
McLennan - 0007,2247.0,684.0,691.0,779.0,11.0,6.0,0.0,0.0
McLennan - 0008,1541.0,369.0,800.0,393.0,0.0,15.0,0.0,0.0
McLennan - 0009,1240.0,529.0,240.0,461.0,6.0,0.0,0.0,0.0
McLennan - 0010,2692.0,721.0,391.0,1521.0,0.0,0.0,0.0,0.0
McLennan - 0011,2103.0,111.0,1655.0,262.0,0.0,27.0,0.0,0.0
McLennan - 0012,3831.0,380.0,636.0,2930.0,25.0,0.0,0.0,0.0
McLennan - 0013,46.0,5.0,47.0,0.0,0.0,0.0,0.0,23.0
McLennan - 0014,2422.0,352.0,771.0,1253.0,0.0,0.0,0.0,0.0
McLennan - 0015,325.0,211.0,145.0,22.0,0.0,0.0,0.0,0.0
McLennan - 0016,3245.0,813.0,1839.0,531.0,0.0,44.0,0.0,0.0
McLennan - 0017,1289.0,258.0,537.0,379.0,0.0,21.0,0.0,0.0
McLennan - 0018,2294.0,280.0,1573.0,353.0,0.0,37.0,5.0,9.0
McLennan - 0019,3520.0,495.0,2597.0,230.0,0.0,111.0,0.0,0.0
McLennan - 0020,1196.0,289.0,576.0,265.0,0.0,0.0,0.0,23.0
McLennan - 0021,2300.0,395.0,1333.0,520.0,0.0,0.0,0.0,0.0
McLennan - 0022,988.0,410.0,244.0,327.0,0.0,0.0,0.0,0.0
McLennan - 0023,3221.0,149.0,2895.0,19.0,4.0,84.0,5.0,0.0
McLennan - 0024,894.0,61.0,619.0,213.0,2.0,0.0,0.0,0.0
McLennan - 0025,2249.0,1130.0,684.0,283.0,89.0,35.0,0.0,0.0
McLennan - 0026,850.0,265.0,386.0,144.0,0.0,11.0,0.0,0.0
McLennan - 0027,1815.0,544.0,260.0,964.0,0.0,0.0,0.0,0.0
McLennan - 0028,1192.0,227.0,740.0,159.0,0.0,0.0,0.0,0.0
McLennan - 0029,1246.0,337.0,385.0,512.0,4.0,0.0,0.0,0.0
McLennan - 0030,2229.0,874.0,941.0,280.0,0.0,0.0,0.0,0.0
McLennan - 0031,2740.0,374.0,1533.0,792.0,6.0,0.0,0.0,6.0
McLennan - 0032,1296.0,87.0,1137.0,20.0,0.0,0.0,0.0,0.0
McLennan - 0033,1442.0,137.0,1224.0,3.0,0.0,26.0,0.0,26.0
McLennan - 0034,1409.0,494.0,891.0,0.0,0.0,0.0,0.0,0.0
McLennan - 0035,1399.0,590.0,551.0,223.0,0.0,23.0,0.0,0.0
McLennan - 0036,1529.0,59.0,1493.0,0.0,0.0,0.0,0.0,0.0
McLennan - 0037,1273.0,455.0,647.0,98.0,0.0,14.0,0.0,0.0
McLennan - 0038,901.0,411.0,354.0,128.0,0.0,19.0,0.0,0.0
McLennan - 0039,1415.0,730.0,246.0,446.0,0.0,0.0,0.0,0.0
McLennan - 0040,2344.0,200.0,1548.0,419.0,0.0,56.0,0.0,0.0
McLennan - 0041,2327.0,580.0,1399.0,297.0,0.0,11.0,0.0,0.0
McLennan - 0042,1673.0,501.0,883.0,251.0,0.0,0.0,0.0,0.0
McLennan - 0043,1182.0,227.0,848.0,137.0,0.0,0.0,0.0,23.0
McLennan - 0044,4386.0,416.0,3442.0,286.0,0.0,133.0,0.0,0.0
McLennan - 0045,707.0,86.0,448.0,147.0,0.0,22.0,0.0,0.0
McLennan - 0046,583.0,417.0,46.0,51.0,0.0,0.0,0.0,0.0
McLennan - 0047,615.0,183.0,405.0,4.0,0.0,0.0,0.0,0.0
McLennan - 0048,1129.0,520.0,324.0,290.0,0.0,0.0,0.0,0.0
McLennan - 0049,529.0,212.0,162.0,119.0,0.0,0.0,0.0,0.0
McLennan - 0050,2726.0,927.0,1270.0,493.0,7.0,0.0,0.0,0.0
McLennan - 0051,5575.0,797.0,3730.0,624.0,4.0,125.0,24.0,42.0
McLennan - 0052,939.0,115.0,805.0,0.0,6.0,19.0,0.0,0.0
McLennan - 0054,2128.0,445.0,1474.0,152.0,0.0,21.0,0.0,0.0
McLennan - 0055,5374.0,821.0,4137.0,168.0,0.0,109.0,0.0,0.0
McLennan - 0056,996.0,528.0,264.0,158.0,0.0,0.0,0.0,0.0
McLennan - 0057,2140.0,711.0,1050.0,183.0,3.0,62.0,0.0,0.0
McLennan - 0058,4583.0,516.0,2500.0,1351.0,20.0,46.0,0.0,0.0
McLennan - 0059,4251.0,857.0,2953.0,358.0,8.0,48.0,0.0,2.0
McLennan - 0060,2913.0,504.0,2245.0,126.0,1.0,0.0,0.0,0.0
McLennan - 0061,3724.0,502.0,2698.0,298.0,0.0,192.0,0.0,12.0
McLennan - 0062,4389.0,877.0,2798.0,595.0,6.0,136.0,0.0,39.0
McLennan - 0063,5120.0,228.0,4380.0,303.0,0.0,9.0,0.0,0.0
McLennan - 0064,1407.0,203.0,1064.0,52.0,0.0,3.0,0.0,4.0
McLennan - 0065,1212.0,162.0,937.0,100.0,0.0,9.0,0.0,0.0
McLennan - 0066,1502.0,131.0,1329.0,11.0,5.0,0.0,0.0,4.0
McLennan - 0067,3022.0,299.0,2611.0,103.0,0.0,0.0,0.0,0.0
McLennan - 0068,1458.0,75.0,1312.0,45.0,0.0,0.0,0.0,8.0
McLennan - 0069,2088.0,118.0,1809.0,58.0,0.0,0.0,0.0,0.0
McLennan - 0070,486.0,67.0,362.0,7.0,0.0,0.0,0.0,0.0
McLennan - 0071,837.0,38.0,585.0,173.0,0.0,0.0,0.0,0.0
McLennan - 0072,954.0,85.0,794.0,59.0,2.0,0.0,0.0,0.0
McLennan - 0073,1411.0,216.0,1157.0,11.0,0.0,6.0,0.0,0.0
McLennan - 0074,671.0,103.0,556.0,20.0,0.0,0.0,0.0,4.0
McLennan - 0075,2793.0,270.0,2468.0,18.0,0.0,6.0,0.0,7.0
McLennan - 0076,3453.0,459.0,2864.0,0.0,0.0,1.0,0.0,22.0
McLennan - 0077,1698.0,331.0,1258.0,59.0,13.0,6.0,0.0,4.0
McLennan - 0078,4069.0,808.0,3129.0,129.0,0.0,5.0,0.0,10.0
McLennan - 0079,2396.0,456.0,1689.0,80.0,0.0,0.0,0.0,41.0
McLennan - 0081,4849.0,266.0,4543.0,1.0,6.0,28.0,6.0,0.0
McLennan - 0082,2999.0,351.0,2586.0,1.0,26.0,4.0,0.0,0.0
McLennan - 0083,558.0,82.0,444.0,14.0,0.0,0.0,0.0,0.0
McLennan - 0084,2669.0,373.0,2186.0,95.0,0.0,0.0,0.0,0.0
McLennan - 0085,1066.0,136.0,557.0,346.0,0.0,20.0,0.0,0.0
McLennan - 0086,2171.0,491.0,1205.0,436.0,0.0,2.0,0.0,19.0
McLennan - 0087,2410.0,1206.0,594.0,547.0,0.0,0.0,0.0,0.0
McLennan - 0088,1064.0,220.0,458.0,223.0,0.0,0.0,0.0,0.0
McLennan - 0089,139.0,101.0,10.0,29.0,0.0,0.0,0.0,0.0
McLennan - 0090,418.0,88.0,278.0,35.0,0.0,0.0,0.0,2.0
McLennan - 0091,1827.0,255.0,1365.0,86.0,0.0,66.0,0.0,9.0
McMullen - 0001,101.0,72.0,37.0,0.0,0.0,0.0,0.0,0.0
McMullen - 0002,84.0,53.0,35.0,0.0,0.0,0.0,0.0,0.0
McMullen - 0003,95.0,32.0,55.0,0.0,0.0,0.0,0.0,0.0
McMullen - 0004,104.0,54.0,46.0,0.0,0.0,0.0,0.0,0.0
Midland - 0108A,1258.0,827.0,422.0,15.0,0.0,6.0,0.0,0.0
Midland - 0108B,0.0,0.0,0.0,0.0,0.0,0.0,0.0,0.0
Midland - 0108C,0.0,0.0,0.0,0.0,0.0,0.0,0.0,0.0
Mitchell - 0001,1337.0,307.0,873.0,21.0,8.0,47.0,0.0,0.0
Mitchell - 0002,2798.0,1148.0,1002.0,486.0,12.0,0.0,0.0,8.0
Mitchell - 0003,1561.0,532.0,873.0,12.0,0.0,7.0,0.0,0.0
Mitchell - 0004,1239.0,461.0,664.0,46.0,2.0,28.0,0.0,0.0
Montague - 0002,2863.0,295.0,2386.0,0.0,4.0,26.0,0.0,0.0
Montague - 0003,1528.0,58.0,1468.0,1.0,0.0,0.0,0.0,0.0
Montague - 0004,817.0,12.0,780.0,0.0,0.0,0.0,0.0,0.0
Montague - 0005,1135.0,281.0,858.0,0.0,0.0,0.0,0.0,0.0
Montague - 0006,1165.0,32.0,1059.0,0.0,28.0,0.0,6.0,0.0
Montague - 0007,1131.0,93.0,1027.0,2.0,0.0,0.0,0.0,0.0
Montague - 0008,719.0,84.0,632.0,0.0,0.0,0.0,0.0,0.0
Montague - 0009,1373.0,29.0,1275.0,1.0,0.0,0.0,0.0,7.0
Montague - 0010,1267.0,157.0,1106.0,0.0,7.0,0.0,0.0,0.0
Montague - 0011,1173.0,87.0,1067.0,0.0,24.0,0.0,0.0,0.0
Montague - 0012,198.0,0.0,171.0,0.0,9.0,0.0,0.0,0.0
Montague - 0013,954.0,67.0,846.0,0.0,9.0,0.0,0.0,0.0
Montague - 0014,271.0,4.0,244.0,0.0,0.0,0.0,0.0,2.0
Montague - 0015,712.0,35.0,638.0,3.0,14.0,0.0,0.0,0.0
Montague - 0016,485.0,43.0,401.0,0.0,0.0,3.0,0.0,0.0
Presidio - 0001,516.0,364.0,129.0,0.0,0.0,0.0,0.0,0.0
Presidio - 0002,286.0,276.0,13.0,0.0,1.0,0.0,0.0,0.0
Presidio - 0003,15.0,16.0,0.0,0.0,0.0,0.0,0.0,0.0
Presidio - 0004,566.0,543.0,11.0,0.0,6.0,0.0,0.0,0.0
Presidio - 0005,464.0,442.0,10.0,0.0,9.0,0.0,0.0,0.0
Presidio - 0006,43.0,23.0,19.0,0.0,0.0,0.0,0.0,0.0
Presidio - 0007,1385.0,672.0,698.0,0.0,0.0,0.0,0.0,0.0
Rockwall - 0001,5358.0,588.0,3987.0,566.0,0.0,136.0,0.0,14.0
Rockwall - 0002,4898.0,417.0,3714.0,504.0,0.0,124.0,0.0,0.0
Rockwall - 0003,1847.0,351.0,1209.0,265.0,0.0,28.0,0.0,0.0
Rockwall - 001A,4015.0,951.0,2488.0,394.0,0.0,97.0,0.0,0.0
Rockwall - 001C,3736.0,284.0,3036.0,82.0,0.0,268.0,0.0,0.0
Rockwall - 001D,882.0,148.0,519.0,61.0,0.0,118.0,0.0,0.0
Rockwall - 001E,2326.0,222.0,1672.0,105.0,14.0,253.0,0.0,0.0
Rockwall - 002A,4116.0,399.0,3533.0,74.0,0.0,55.0,0.0,0.0
Rockwall - 002B,2318.0,436.0,1340.0,419.0,0.0,162.0,0.0,0.0
Rockwall - 002C,1964.0,171.0,1646.0,101.0,0.0,1.0,0.0,0.0
Rockwall - 002D,2693.0,550.0,1529.0,458.0,0.0,135.0,0.0,23.0
Rockwall - 002E,4074.0,982.0,2151.0,674.0,0.0,94.0,0.0,0.0
Rockwall - 002F,1157.0,195.0,748.0,197.0,3.0,7.0,0.0,0.0
Rockwall - 003C,3495.0,311.0,2965.0,114.0,15.0,16.0,0.0,0.0
Rockwall - 003D,4600.0,539.0,3259.0,557.0,18.0,82.0,0.0,0.0
Rockwall - 003E,3043.0,236.0,2601.0,80.0,18.0,17.0,0.0,0.0
Rockwall - 004A,4880.0,1346.0,2943.0,486.0,0.0,31.0,21.0,0.0
Rockwall - 004B,6165.0,1525.0,4067.0,396.0,16.0,136.0,0.0,0.0
Rockwall - 004C,3716.0,893.0,2390.0,233.0,0.0,101.0,0.0,0.0
Rockwall - 004D,1882.0,569.0,1019.0,278.0,0.0,118.0,0.0,0.0
Rockwall - 004E,3026.0,837.0,1630.0,372.0,0.0,67.0,0.0,0.0
Rockwall - 004F,953.0,291.0,581.0,25.0,0.0,14.0,0.0,0.0
San Saba - 0001,956.0,267.0,688.0,0.0,0.0,0.0,0.0,0.0
San Saba - 002A,650.0,57.0,507.0,0.0,0.0,0.0,0.0,0.0
San Saba - 002B,410.0,104.0,287.0,6.0,0.0,4.0,1.0,0.0
San Saba - 003A,506.0,57.0,386.0,7.0,0.0,0.0,3.0,0.0
San Saba - 003B,363.0,113.0,240.0,2.0,0.0,0.0,0.0,0.0
San Saba - 004A,1249.0,303.0,810.0,122.0,0.0,6.0,4.0,0.0
San Saba - 004B,126.0,7.0,110.0,0.0,10.0,0.0,1.0,0.0
Stephens - 0001,1526.0,195.0,1275.0,11.0,0.0,34.0,0.0,0.0
Stephens - 0002,1628.0,294.0,1151.0,121.0,0.0,4.0,0.0,0.0
Stephens - 0003,1921.0,543.0,1197.0,98.0,0.0,6.0,0.0,0.0
Stephens - 0004,1894.0,325.0,1548.0,0.0,0.0,0.0,0.0,0.0
Stephens - 0005,102.0,0.0,99.0,0.0,0.0,0.0,0.0,0.0
Sterling - 0003,211.0,51.0,159.0,0.0,0.0,0.0,0.0,0.0
Sterling - 0004,209.0,59.0,154.0,0.0,0.0,0.0,0.0,0.0
Tarrant - 2827A,0.0,0.0,0.0,0.0,0.0,0.0,0.0,0.0
Tarrant - 2827B,0.0,0.0,0.0,0.0,0.0,0.0,0.0,0.0
Tarrant - 3325A,1149.0,233.0,920.0,2.0,0.0,0.0,0.0,0.0
Tarrant - 3325B,0.0,0.0,0.0,0.0,0.0,0.0,0.0,0.0
Tarrant - 4245A,183.0,176.0,5.0,22.0,0.0,0.0,0.0,0.0
Tarrant - 4245B,0.0,0.0,0.0,0.0,0.0,0.0,0.0,0.0
Tarrant - 4737A,1400.0,378.0,778.0,231.0,0.0,16.0,0.0,0.0
Tarrant - 4737B,36.0,0.0,22.0,14.0,0.0,2.0,0.0,0.0
Tarrant - 4846A,2534.0,431.0,1330.0,626.0,0.0,94.0,0.0,0.0
Tarrant - 4846B,0.0,0.0,0.0,0.0,0.0,0.0,0.0,0.0
Terrell - 0002A,151.0,108.0,35.0,0.0,0.0,0.0,0.0,0.0
Terrell - 0002B,28.0,0.0,28.0,0.0,0.0,0.0,0.0,0.0
Terrell - 0004A,87.0,29.0,60.0,0.0,0.0,0.0,0.0,0.0
Terrell - 0004B,39.0,9.0,32.0,0.0,0.0,0.0,0.0,0.0
Terrell - 0004C,34.0,0.0,42.0,0.0,0.0,0.0,0.0,0.0
Victoria - 0001,610.0,376.0,102.0,101.0,1.0,8.0,0.0,0.0
Victoria - 0002,1230.0,557.0,571.0,46.0,3.0,20.0,18.0,6.0
Victoria - 0003,1190.0,561.0,601.0,25.0,0.0,0.0,0.0,4.0
Victoria - 0004,2141.0,1661.0,210.0,242.0,0.0,0.0,0.0,0.0
Victoria - 0005,3315.0,2074.0,856.0,297.0,0.0,39.0,0.0,11.0
Victoria - 0006,307.0,222.0,12.0,77.0,0.0,0.0,0.0,0.0
Victoria - 0007,2086.0,1469.0,451.0,174.0,0.0,0.0,0.0,0.0
Victoria - 0008,4246.0,2535.0,1333.0,340.0,0.0,0.0,0.0,11.0
Victoria - 0009,1063.0,348.0,546.0,113.0,0.0,21.0,0.0,30.0
Victoria - 0010,1251.0,307.0,818.0,92.0,4.0,24.0,5.0,11.0
Victoria - 0011,341.0,47.0,246.0,4.0,0.0,5.0,0.0,2.0
Victoria - 0012,841.0,330.0,363.0,144.0,0.0,0.0,0.0,0.0
Victoria - 0013,1043.0,791.0,140.0,109.0,0.0,0.0,0.0,4.0
Victoria - 0014,2183.0,784.0,1201.0,198.0,0.0,14.0,0.0,0.0
Victoria - 0015,155.0,68.0,85.0,2.0,0.0,0.0,0.0,0.0
Victoria - 0016,597.0,153.0,379.0,50.0,0.0,0.0,0.0,0.0
Victoria - 0017,450.0,183.0,260.0,0.0,0.0,0.0,0.0,0.0
Victoria - 0018,4489.0,1538.0,2770.0,137.0,0.0,8.0,0.0,0.0
Victoria - 0019,3696.0,1859.0,1278.0,382.0,5.0,176.0,0.0,0.0
Victoria - 0020,1364.0,366.0,941.0,25.0,0.0,14.0,17.0,0.0
Victoria - 0021,4571.0,979.0,3228.0,192.0,4.0,83.0,0.0,0.0
Victoria - 0022,1587.0,190.0,1367.0,0.0,0.0,17.0,0.0,0.0
Victoria - 0023,1988.0,306.0,1579.0,52.0,0.0,0.0,0.0,0.0
Victoria - 0024,1645.0,336.0,1308.0,34.0,1.0,0.0,0.0,8.0
Victoria - 0025,5445.0,2074.0,2986.0,174.0,70.0,25.0,0.0,21.0
Victoria - 0026,609.0,234.0,362.0,5.0,0.0,25.0,0.0,1.0
Victoria - 0027,1523.0,128.0,1368.0,5.0,0.0,25.0,0.0,6.0
Victoria - 0028,690.0,199.0,448.0,16.0,0.0,0.0,0.0,0.0
Victoria - 0029,2541.0,1047.0,1319.0,77.0,0.0,76.0,0.0,0.0
Victoria - 0030,697.0,381.0,245.0,71.0,0.0,0.0,0.0,0.0
Victoria - 0031,2250.0,1069.0,812.0,266.0,0.0,12.0,0.0,0.0
Victoria - 0032,2097.0,1246.0,768.0,60.0,0.0,0.0,0.0,0.0
Victoria - 0033,4911.0,1614.0,2963.0,90.0,16.0,111.0,0.0,35.0
Victoria - 0034,1241.0,945.0,116.0,182.0,0.0,0.0,0.0,0.0
Victoria - 0035,660.0,503.0,54.0,96.0,6.0,13.0,2.0,0.0
Angelina - 0010A,1216.0,384.0,497.0,157.0,0.0,83.0,0.0,0.0
Angelina - 0010B,223.0,25.0,79.0,84.0,0.0,0.0,0.0,0.0
Armstrong - 0101,347.0,33.0,304.0,0.0,8.0,0.0,0.0,0.0
Armstrong - 0201,259.0,34.0,210.0,8.0,4.0,0.0,0.0,0.0
Armstrong - 0202,105.0,5.0,91.0,0.0,0.0,0.0,0.0,0.0
Armstrong - 0301,276.0,21.0,246.0,0.0,2.0,0.0,0.0,0.0
Armstrong - 0303,51.0,10.0,44.0,0.0,0.0,0.0,0.0,0.0
Armstrong - 0401,151.0,22.0,130.0,3.0,4.0,0.0,0.0,0.0
Armstrong - 0402,196.0,11.0,179.0,0.0,0.0,0.0,0.0,0.0
Armstrong - 0404,31.0,0.0,31.0,0.0,0.0,0.0,0.0,0.0
Childress - 0101,2230.0,672.0,1022.0,425.0,14.0,13.0,0.0,0.0
Childress - 0201,707.0,52.0,635.0,10.0,5.0,0.0,0.0,0.0
Childress - 0301,1052.0,347.0,659.0,24.0,7.0,0.0,0.0,6.0
Childress - 0401,1180.0,372.0,683.0,3.0,20.0,0.0,0.0,0.0
Culberson - 0001,438.0,332.0,73.0,1.0,31.0,0.0,0.0,0.0
Culberson - 0002,350.0,260.0,89.0,0.0,0.0,0.0,0.0,0.0
Culberson - 0004,329.0,232.0,75.0,5.0,0.0,0.0,0.0,0.0
Culberson - 03-3,35.0,18.0,18.0,0.0,0.0,0.0,0.0,0.0
Culberson - 03-5,352.0,221.0,105.0,1.0,32.0,0.0,0.0,0.0
Fort Bend - 1004,3579.0,658.0,2085.0,392.0,0.0,441.0,0.0,0.0
Fort Bend - 1005,1386.0,382.0,635.0,120.0,0.0,191.0,0.0,0.0
Fort Bend - 1006,15956.0,2140.0,10269.0,649.0,0.0,1938.0,0.0,0.0
Fort Bend - 1008,1170.0,388.0,652.0,80.0,5.0,1.0,9.0,20.0
Fort Bend - 1013,4242.0,2620.0,1047.0,368.0,0.0,95.0,0.0,0.0
Fort Bend - 1014,7293.0,1151.0,3753.0,1147.0,0.0,1043.0,0.0,4.0
Fort Bend - 1019,1123.0,229.0,732.0,100.0,0.0,5.0,0.0,11.0
Fort Bend - 1038,8115.0,2418.0,3363.0,516.0,0.0,1445.0,0.0,4.0
Fort Bend - 1041,1971.0,254.0,1586.0,52.0,9.0,29.0,0.0,4.0
Fort Bend - 1054,933.0,685.0,213.0,52.0,0.0,12.0,0.0,0.0
Fort Bend - 1057,7541.0,2224.0,2492.0,1370.0,0.0,1145.0,0.0,0.0
Fort Bend - 1063,3589.0,935.0,2353.0,143.0,23.0,108.0,0.0,0.0
Fort Bend - 1103,6215.0,2018.0,2323.0,1362.0,0.0,361.0,0.0,0.0
Fort Bend - 1104,6665.0,1249.0,4113.0,488.0,0.0,707.0,0.0,5.0
Fort Bend - 1122,3144.0,586.0,2202.0,109.0,0.0,168.0,0.0,0.0
Fort Bend - 1130,4463.0,682.0,2352.0,376.0,59.0,930.0,0.0,0.0
Fort Bend - 1132,5924.0,621.0,3338.0,450.0,0.0,1297.0,0.0,86.0
Fort Bend - 1133,2734.0,323.0,1819.0,23.0,4.0,511.0,0.0,14.0
Fort Bend - 1142,4061.0,534.0,2080.0,403.0,0.0,875.0,0.0,0.0
Fort Bend - 1143,7017.0,1104.0,2264.0,1826.0,0.0,1746.0,0.0,4.0
Fort Bend - 1144,4124.0,1048.0,2186.0,358.0,0.0,478.0,0.0,8.0
Fort Bend - 1145,3029.0,843.0,1260.0,293.0,0.0,560.0,69.0,0.0
Fort Bend - 1146,6211.0,1386.0,2661.0,691.0,0.0,1423.0,0.0,0.0
Fort Bend - 1149,6976.0,505.0,5466.0,469.0,0.0,480.0,0.0,0.0
Fort Bend - 1156,1857.0,217.0,1344.0,61.0,0.0,179.0,0.0,0.0
Fort Bend - 1159,2867.0,787.0,1004.0,39.0,0.0,1017.0,0.0,22.0
Fort Bend - 1160,3005.0,533.0,1397.0,842.0,0.0,212.0,0.0,0.0
Fort Bend - 1165,3209.0,660.0,1754.0,242.0,0.0,475.0,0.0,19.0
Fort Bend - 2003,5180.0,2502.0,483.0,1974.0,0.0,28.0,0.0,0.0
Fort Bend - 2007,13334.0,2796.0,3627.0,4107.0,34.0,2323.0,0.0,246.0
Fort Bend - 2009,3150.0,548.0,1946.0,174.0,8.0,435.0,0.0,0.0
Fort Bend - 2010,4842.0,1803.0,3035.0,43.0,12.0,0.0,33.0,0.0
Fort Bend - 2017,2366.0,402.0,104.0,1553.0,0.0,18.0,0.0,172.0
Fort Bend - 2018,2567.0,557.0,1671.0,65.0,0.0,159.0,0.0,35.0
Fort Bend - 2021,529.0,64.0,475.0,0.0,0.0,8.0,0.0,0.0
Fort Bend - 2023,3707.0,1386.0,143.0,1980.0,0.0,15.0,7.0,0.0
Fort Bend - 2028,2073.0,243.0,1015.0,644.0,0.0,83.0,0.0,3.0
Fort Bend - 2030,2494.0,221.0,1560.0,458.0,0.0,189.0,0.0,0.0
Fort Bend - 2031,2452.0,645.0,60.0,1693.0,36.0,0.0,0.0,63.0
Fort Bend - 2033,864.0,121.0,176.0,409.0,0.0,130.0,0.0,0.0
Fort Bend - 2034,6433.0,841.0,424.0,4703.0,0.0,125.0,0.0,17.0
Fort Bend - 2036,1079.0,208.0,24.0,661.0,0.0,154.0,0.0,0.0
Fort Bend - 2050,2931.0,574.0,92.0,2212.0,0.0,44.0,0.0,34.0
Fort Bend - 2051,2339.0,483.0,66.0,1636.0,0.0,69.0,0.0,0.0
Fort Bend - 2052,2451.0,374.0,60.0,1996.0,0.0,0.0,0.0,0.0
Fort Bend - 2055,1245.0,188.0,0.0,1044.0,0.0,13.0,0.0,0.0
Fort Bend - 2056,908.0,455.0,41.0,388.0,0.0,0.0,0.0,0.0
Fort Bend - 2058,2608.0,1117.0,332.0,1036.0,0.0,156.0,0.0,0.0
Fort Bend - 2059,2525.0,429.0,64.0,1960.0,0.0,59.0,16.0,0.0
Fort Bend - 2061,4555.0,782.0,1415.0,729.0,0.0,1595.0,0.0,25.0
Fort Bend - 2068,479.0,148.0,303.0,13.0,0.0,3.0,5.0,0.0
Fort Bend - 2070,2634.0,611.0,357.0,990.0,0.0,574.0,0.0,0.0
Fort Bend - 2075,1748.0,396.0,50.0,1191.0,0.0,61.0,0.0,21.0
Fort Bend - 2077,2068.0,395.0,303.0,1342.0,0.0,196.0,0.0,14.0
Fort Bend - 2081,2188.0,722.0,220.0,1055.0,0.0,105.0,0.0,50.0
Fort Bend - 2085,3879.0,827.0,1886.0,718.0,0.0,206.0,0.0,17.0
Fort Bend - 2087,1108.0,79.0,796.0,21.0,0.0,183.0,0.0,5.0
Fort Bend - 2088,1509.0,490.0,123.0,678.0,10.0,98.0,0.0,57.0
Fort Bend - 2089,930.0,274.0,0.0,656.0,0.0,0.0,0.0,0.0
Fort Bend - 2090,517.0,33.0,346.0,104.0,0.0,27.0,0.0,0.0
Fort Bend - 2091,594.0,62.0,140.0,300.0,0.0,14.0,0.0,0.0
Fort Bend - 2094,26.0,2.0,10.0,11.0,0.0,0.0,0.0,0.0
Fort Bend - 2097,5998.0,746.0,3961.0,608.0,6.0,555.0,0.0,0.0
Fort Bend - 2108,8217.0,489.0,2231.0,3700.0,9.0,1718.0,0.0,0.0
Fort Bend - 2109,1750.0,158.0,747.0,620.0,0.0,151.0,0.0,0.0
Fort Bend - 2114,4267.0,1171.0,423.0,2642.0,0.0,71.0,0.0,0.0
Fort Bend - 2115,2160.0,351.0,216.0,1416.0,0.0,75.0,0.0,0.0
Fort Bend - 2116,3005.0,120.0,245.0,2578.0,0.0,25.0,0.0,15.0
Fort Bend - 2118,8044.0,1071.0,4644.0,1243.0,7.0,759.0,0.0,6.0
Fort Bend - 2120,2959.0,655.0,1948.0,127.0,0.0,167.0,0.0,0.0
Fort Bend - 2123,2159.0,403.0,26.0,1866.0,0.0,14.0,10.0,0.0
Fort Bend - 2128,3558.0,382.0,2391.0,371.0,0.0,205.0,0.0,0.0
Fort Bend - 2134,4369.0,786.0,1205.0,1548.0,0.0,726.0,0.0,0.0
Fort Bend - 2136,352.0,103.0,62.0,123.0,0.0,95.0,0.0,0.0
Fort Bend - 2151,3817.0,283.0,867.0,2124.0,0.0,437.0,0.0,0.0
Fort Bend - 2152,1403.0,39.0,688.0,609.0,0.0,64.0,0.0,9.0
Fort Bend - 2153,2217.0,405.0,99.0,1715.0,10.0,8.0,0.0,0.0
Fort Bend - 2161,516.0,140.0,317.0,41.0,0.0,4.0,0.0,0.0
Fort Bend - 2171,3234.0,345.0,478.0,1345.0,0.0,814.0,0.0,144.0
Fort Bend - 3011,1074.0,176.0,550.0,87.0,0.0,261.0,0.0,0.0
Fort Bend - 3016,3772.0,413.0,539.0,220.0,0.0,2584.0,0.0,0.0
Fort Bend - 3020,2972.0,723.0,1800.0,103.0,5.0,395.0,0.0,16.0
Fort Bend - 3022,3678.0,536.0,1547.0,511.0,10.0,987.0,0.0,12.0
Fort Bend - 3027,25.0,2.0,3.0,9.0,0.0,0.0,0.0,0.0
Fort Bend - 3029,1768.0,289.0,1358.0,19.0,0.0,145.0,0.0,9.0
Fort Bend - 3035,2313.0,372.0,754.0,142.0,1.0,954.0,0.0,16.0
Fort Bend - 3042,1171.0,115.0,857.0,34.0,0.0,139.0,0.0,0.0
Fort Bend - 3043,1355.0,475.0,140.0,542.0,0.0,184.0,0.0,0.0
Fort Bend - 3044,4037.0,285.0,936.0,124.0,1.0,2644.0,0.0,17.0
Fort Bend - 3045,1782.0,495.0,785.0,244.0,0.0,180.0,0.0,0.0
Fort Bend - 3046,3033.0,454.0,1423.0,385.0,0.0,671.0,0.0,59.0
Fort Bend - 3047,671.0,76.0,229.0,21.0,0.0,325.0,0.0,0.0
Fort Bend - 3049,3355.0,807.0,531.0,948.0,0.0,958.0,0.0,8.0
Fort Bend - 3053,67.0,2.0,41.0,5.0,0.0,8.0,0.0,0.0
Fort Bend - 3060,4782.0,411.0,707.0,2146.0,0.0,1498.0,0.0,0.0
Fort Bend - 3062,3407.0,452.0,889.0,851.0,0.0,1034.0,0.0,12.0
Fort Bend - 3064,2798.0,248.0,1386.0,366.0,0.0,792.0,0.0,0.0
Fort Bend - 3071,657.0,44.0,145.0,0.0,0.0,439.0,0.0,0.0
Fort Bend - 3078,578.0,16.0,30.0,153.0,0.0,480.0,0.0,0.0
Fort Bend - 3079,390.0,24.0,184.0,0.0,0.0,161.0,0.0,0.0
Fort Bend - 3080,1198.0,31.0,439.0,37.0,0.0,655.0,0.0,0.0
Fort Bend - 3084,1341.0,242.0,675.0,0.0,0.0,411.0,0.0,0.0
Fort Bend - 3086,2296.0,176.0,331.0,306.0,0.0,1310.0,63.0,24.0
Fort Bend - 3092,734.0,104.0,413.0,302.0,0.0,0.0,0.0,1.0
Fort Bend - 3093,424.0,81.0,65.0,317.0,0.0,13.0,0.0,1.0
Fort Bend - 3096,3254.0,611.0,632.0,1318.0,0.0,698.0,0.0,0.0
Fort Bend - 3098,3370.0,1492.0,636.0,689.0,0.0,596.0,0.0,0.0
Fort Bend - 3102,2666.0,148.0,1068.0,230.0,3.0,1210.0,0.0,0.0
Fort Bend - 3105,665.0,170.0,63.0,53.0,0.0,379.0,0.0,0.0
Fort Bend - 3107,1669.0,92.0,927.0,29.0,0.0,621.0,0.0,0.0
Fort Bend - 3110,3513.0,476.0,1384.0,202.0,0.0,1395.0,0.0,34.0
Fort Bend - 3111,1270.0,195.0,639.0,100.0,0.0,265.0,0.0,0.0
Fort Bend - 3112,1148.0,611.0,42.0,42.0,0.0,5.0,0.0,4.0
Fort Bend - 3119,2879.0,385.0,1295.0,83.0,0.0,1100.0,0.0,16.0
Fort Bend - 3121,1539.0,170.0,327.0,270.0,0.0,772.0,0.0,0.0
Fort Bend - 3125,5065.0,740.0,1320.0,903.0,65.0,1990.0,0.0,0.0
Fort Bend - 3126,783.0,37.0,241.0,0.0,0.0,518.0,0.0,0.0
Fort Bend - 3129,5941.0,596.0,1769.0,278.0,52.0,3199.0,0.0,4.0
Fort Bend - 3135,6522.0,675.0,1582.0,190.0,0.0,3930.0,0.0,0.0
Fort Bend - 3137,642.0,238.0,81.0,132.0,0.0,152.0,0.0,0.0
Fort Bend - 3138,368.0,29.0,39.0,88.0,0.0,252.0,0.0,0.0
Fort Bend - 3139,2242.0,134.0,305.0,461.0,0.0,1330.0,9.0,0.0
Fort Bend - 3140,3053.0,357.0,1478.0,182.0,0.0,1013.0,0.0,0.0
Fort Bend - 3147,6254.0,439.0,1162.0,895.0,0.0,3816.0,0.0,0.0
Fort Bend - 3155,4115.0,586.0,558.0,1651.0,0.0,1176.0,0.0,0.0
Fort Bend - 3157,1307.0,64.0,214.0,271.0,0.0,671.0,0.0,33.0
Fort Bend - 3158,2566.0,60.0,381.0,253.0,0.0,1920.0,0.0,0.0
Fort Bend - 3166,132.0,7.0,104.0,16.0,0.0,5.0,0.0,0.0
Fort Bend - 3168,492.0,39.0,96.0,24.0,0.0,292.0,0.0,0.0
Fort Bend - 3169,1016.0,39.0,68.0,94.0,0.0,720.0,10.0,0.0
Fort Bend - 3172,2516.0,948.0,690.0,466.0,0.0,373.0,6.0,3.0
Fort Bend - 3174,2087.0,143.0,670.0,1056.0,18.0,258.0,0.0,0.0
Fort Bend - 3175,1685.0,535.0,234.0,446.0,0.0,369.0,0.0,0.0
Fort Bend - 4001,4165.0,1177.0,1560.0,1127.0,9.0,67.0,0.0,0.0
Fort Bend - 4002,658.0,242.0,131.0,260.0,0.0,2.0,0.0,0.0
Fort Bend - 4012,3144.0,1974.0,708.0,451.0,0.0,0.0,0.0,0.0
Fort Bend - 4015,1859.0,692.0,1142.0,12.0,0.0,6.0,0.0,0.0
Fort Bend - 4024,433.0,230.0,190.0,4.0,0.0,11.0,0.0,20.0
Fort Bend - 4025,6863.0,3551.0,2316.0,605.0,3.0,375.0,0.0,4.0
Fort Bend - 4026,3130.0,201.0,1184.0,863.0,8.0,862.0,0.0,0.0
Fort Bend - 4032,890.0,154.0,236.0,146.0,0.0,319.0,0.0,0.0
Fort Bend - 4037,4763.0,2755.0,1171.0,557.0,0.0,222.0,0.0,0.0
Fort Bend - 4039,1003.0,168.0,302.0,38.0,0.0,521.0,0.0,0.0
Fort Bend - 4040,4118.0,2298.0,507.0,1147.0,0.0,139.0,0.0,13.0
Fort Bend - 4048,3239.0,1905.0,461.0,738.0,0.0,4.0,0.0,26.0
Fort Bend - 4066,5222.0,1315.0,763.0,2028.0,10.0,941.0,0.0,84.0
Fort Bend - 4067,3470.0,580.0,769.0,1586.0,0.0,520.0,0.0,0.0
Fort Bend - 4069,5779.0,1448.0,1166.0,1188.0,0.0,1980.0,0.0,23.0
Fort Bend - 4072,123.0,14.0,176.0,0.0,2.0,0.0,0.0,0.0
Fort Bend - 4074,5441.0,2066.0,1187.0,1308.0,21.0,818.0,0.0,0.0
Fort Bend - 4076,3750.0,715.0,1371.0,953.0,0.0,846.0,0.0,0.0
Fort Bend - 4082,8135.0,1880.0,3193.0,1752.0,0.0,1250.0,0.0,27.0
Fort Bend - 4083,4749.0,345.0,1089.0,2366.0,0.0,934.0,0.0,0.0
Fort Bend - 4095,7274.0,1541.0,2963.0,1645.0,0.0,794.0,0.0,0.0
Fort Bend - 4099,3119.0,789.0,674.0,555.0,0.0,952.0,14.0,2.0
Fort Bend - 4100,3385.0,1846.0,580.0,274.0,0.0,656.0,0.0,0.0
Fort Bend - 4101,5699.0,2215.0,490.0,2422.0,0.0,560.0,0.0,0.0
Fort Bend - 4106,7291.0,1678.0,1170.0,1653.0,0.0,2405.0,55.0,265.0
Fort Bend - 4113,8480.0,1749.0,258.0,2621.0,38.0,3486.0,0.0,0.0
Fort Bend - 4117,2000.0,509.0,465.0,422.0,0.0,462.0,4.0,24.0
Fort Bend - 4124,5617.0,1199.0,1812.0,624.0,0.0,1623.0,0.0,12.0
Fort Bend - 4141,4747.0,577.0,2036.0,688.0,0.0,1237.0,0.0,0.0
Fort Bend - 4150,10068.0,1899.0,2433.0,3146.0,19.0,2460.0,39.0,0.0
Fort Bend - 4154,5574.0,1765.0,1551.0,961.0,12.0,1150.0,0.0,63.0
Fort Bend - 4162,1009.0,552.0,354.0,5.0,0.0,4.0,3.0,0.0
Fort Bend - 4163,1568.0,205.0,343.0,539.0,0.0,407.0,0.0,0.0
Fort Bend - 4164,1361.0,86.0,305.0,365.0,12.0,530.0,0.0,4.0
Fort Bend - 4167,38.0,9.0,3.0,19.0,0.0,2.0,0.0,0.0
Fort Bend - 4170,366.0,157.0,81.0,86.0,0.0,13.0,0.0,0.0
Fort Bend - 4173,1243.0,240.0,315.0,417.0,0.0,236.0,14.0,17.0
Freestone - 0001,2935.0,234.0,2464.0,217.0,0.0,0.0,1.0,0.0
Freestone - 0002,1884.0,297.0,1184.0,421.0,0.0,0.0,3.0,0.0
Freestone - 0003,204.0,16.0,119.0,59.0,0.0,0.0,0.0,0.0
Freestone - 0008,771.0,49.0,672.0,17.0,0.0,0.0,0.0,0.0
Freestone - 0010,365.0,77.0,217.0,61.0,0.0,0.0,0.0,0.0
Freestone - 0013,1102.0,38.0,819.0,235.0,0.0,23.0,0.0,0.0
Freestone - 0015,368.0,4.0,295.0,43.0,0.0,0.0,0.0,12.0
Galveston - 0137,4438.0,740.0,3092.0,264.0,0.0,222.0,0.0,15.0
Galveston - 0142,7072.0,2177.0,3056.0,1360.0,0.0,317.0,0.0,0.0
Galveston - 0143,2709.0,1244.0,1166.0,254.0,0.0,24.0,0.0,0.0
Galveston - 0144,3239.0,781.0,2203.0,139.0,2.0,24.0,0.0,0.0
Galveston - 0146,3722.0,1073.0,2026.0,429.0,0.0,89.0,0.0,0.0
Galveston - 0148,4763.0,1294.0,2986.0,284.0,0.0,28.0,0.0,0.0
Galveston - 0150,3403.0,881.0,1705.0,758.0,0.0,10.0,0.0,0.0
Galveston - 0151,4468.0,1208.0,2952.0,9.0,9.0,155.0,21.0,0.0
Galveston - 0152,1606.0,115.0,1403.0,23.0,0.0,34.0,0.0,11.0
Galveston - 0159,5685.0,2011.0,2882.0,347.0,8.0,245.0,0.0,0.0
Galveston - 0165,2746.0,446.0,1911.0,234.0,0.0,97.0,0.0,0.0
Galveston - 0166,3119.0,519.0,2238.0,213.0,0.0,91.0,0.0,6.0
Galveston - 0167,3873.0,478.0,3040.0,258.0,0.0,0.0,0.0,8.0
Galveston - 0168,15.0,8.0,1.0,0.0,0.0,1.0,0.0,0.0
Galveston - 0172,1150.0,347.0,669.0,135.0,0.0,53.0,0.0,0.0
Galveston - 0173,1096.0,47.0,834.0,80.0,0.0,129.0,0.0,0.0
Galveston - 0185,3175.0,393.0,2391.0,174.0,0.0,101.0,0.0,16.0
Galveston - 0191,3060.0,319.0,2588.0,42.0,14.0,54.0,0.0,0.0
Galveston - 0193,2705.0,243.0,2232.0,61.0,14.0,86.0,0.0,0.0
Galveston - 0196,1222.0,334.0,314.0,541.0,0.0,9.0,0.0,0.0
Galveston - 0197,1212.0,310.0,572.0,155.0,0.0,32.0,0.0,0.0
Galveston - 0202,1959.0,251.0,1497.0,147.0,0.0,60.0,0.0,0.0
Galveston - 0203,1670.0,8.0,1523.0,133.0,0.0,0.0,0.0,13.0
Galveston - 0204,1014.0,117.0,810.0,57.0,0.0,0.0,0.0,12.0
Galveston - 0206,5484.0,841.0,3449.0,704.0,15.0,348.0,77.0,1.0
Galveston - 0211,4656.0,1178.0,1899.0,1362.0,34.0,103.0,0.0,0.0
Galveston - 0214,4489.0,1084.0,1881.0,1477.0,2.0,27.0,0.0,4.0
Galveston - 0215,3907.0,1180.0,1828.0,766.0,0.0,75.0,0.0,4.0
Galveston - 0216,3025.0,1183.0,1180.0,561.0,1.0,7.0,0.0,2.0
Galveston - 0218,3659.0,1015.0,2306.0,253.0,10.0,57.0,0.0,3.0
Galveston - 0221,2562.0,287.0,2054.0,91.0,0.0,42.0,0.0,7.0
Galveston - 0223,4779.0,1115.0,2925.0,637.0,0.0,79.0,0.0,0.0
Galveston - 0224,3870.0,858.0,2268.0,364.0,0.0,242.0,59.0,0.0
Galveston - 0225,3624.0,761.0,2639.0,62.0,6.0,91.0,0.0,6.0
Galveston - 0226,3599.0,652.0,2407.0,260.0,110.0,49.0,0.0,0.0
Galveston - 0227,3584.0,880.0,2618.0,21.0,19.0,28.0,0.0,0.0
Galveston - 0230,3836.0,1003.0,1344.0,1470.0,28.0,0.0,0.0,8.0
Galveston - 0245,1147.0,300.0,256.0,578.0,0.0,4.0,0.0,34.0
Galveston - 0274,1098.0,98.0,980.0,0.0,0.0,13.0,0.0,0.0
Galveston - 0275,424.0,30.0,382.0,0.0,0.0,4.0,0.0,0.0
Galveston - 0276,2868.0,360.0,1859.0,351.0,0.0,168.0,0.0,0.0
Galveston - 0277,2673.0,354.0,2137.0,24.0,14.0,1.0,0.0,0.0
Galveston - 0278,3747.0,874.0,2770.0,69.0,0.0,32.0,0.0,0.0
Galveston - 0333,3086.0,461.0,2281.0,96.0,0.0,206.0,26.0,0.0
Galveston - 0340,726.0,52.0,22.0,667.0,0.0,0.0,0.0,0.0
Galveston - 0341,2450.0,1485.0,679.0,56.0,0.0,45.0,0.0,0.0
Galveston - 0353,5869.0,1014.0,3853.0,569.0,0.0,308.0,0.0,0.0
Galveston - 0354,5007.0,1141.0,2875.0,450.0,6.0,399.0,0.0,0.0
Galveston - 0355,3784.0,1422.0,1925.0,252.0,6.0,159.0,0.0,0.0
Galveston - 0356,3863.0,272.0,3229.0,28.0,0.0,257.0,0.0,7.0
Galveston - 0357,4002.0,567.0,3093.0,61.0,22.0,246.0,0.0,4.0
Galveston - 0363,3123.0,517.0,1967.0,485.0,0.0,94.0,0.0,0.0
Galveston - 0364,2982.0,483.0,2148.0,203.0,0.0,99.0,0.0,0.0
Galveston - 0370,3043.0,428.0,2328.0,183.0,0.0,77.0,0.0,0.0
Galveston - 0371,3527.0,378.0,2279.0,354.0,15.0,477.0,0.0,0.0
Galveston - 0384,1400.0,211.0,1147.0,19.0,0.0,0.0,0.0,0.0
Galveston - 0386,2560.0,337.0,1620.0,373.0,0.0,153.0,0.0,30.0
Galveston - 0387,2928.0,552.0,2011.0,137.0,11.0,188.0,0.0,0.0
Galveston - 0388,4346.0,934.0,2779.0,312.0,15.0,188.0,0.0,0.0
Galveston - 0389,834.0,251.0,187.0,305.0,0.0,2.0,0.0,0.0
Galveston - 0390,4017.0,828.0,2831.0,216.0,0.0,67.0,0.0,0.0
Galveston - 0392,1267.0,556.0,631.0,46.0,0.0,41.0,0.0,0.0
Galveston - 0398,662.0,325.0,196.0,65.0,0.0,63.0,0.0,0.0
Galveston - 0399,440.0,183.0,83.0,122.0,0.0,5.0,0.0,0.0
Galveston - 0401,1589.0,278.0,967.0,88.0,0.0,245.0,0.0,0.0
Galveston - 0412,12.0,4.0,0.0,3.0,0.0,0.0,0.0,0.0
Galveston - 0419,4179.0,858.0,2055.0,999.0,44.0,186.0,4.0,4.0
Galveston - 0420,3473.0,850.0,2011.0,452.0,0.0,112.0,0.0,4.0
Galveston - 0422,1922.0,136.0,1273.0,517.0,0.0,0.0,0.0,0.0
Galveston - 0428,3745.0,507.0,3022.0,0.0,12.0,57.0,12.0,0.0
Galveston - 0429,2468.0,517.0,1441.0,173.0,0.0,254.0,0.0,0.0
Galveston - 0431,3594.0,714.0,1021.0,1659.0,11.0,73.0,0.0,0.0
Galveston - 0432,2164.0,843.0,1048.0,251.0,0.0,0.0,0.0,34.0
Galveston - 0434,1335.0,143.0,344.0,709.0,48.0,10.0,0.0,4.0
Galveston - 0435,2757.0,516.0,1046.0,1141.0,3.0,63.0,0.0,0.0
Galveston - 0436,3344.0,435.0,736.0,2127.0,7.0,13.0,4.0,10.0
Galveston - 0438,5802.0,1357.0,1451.0,2716.0,8.0,55.0,0.0,7.0
Galveston - 0439,4106.0,936.0,2690.0,299.0,0.0,17.0,0.0,0.0
Galveston - 0458,2280.0,692.0,1542.0,0.0,0.0,0.0,0.0,0.0
Galveston - 0460,3292.0,272.0,2731.0,119.0,0.0,144.0,0.0,0.0
Galveston - 0461,4124.0,748.0,2901.0,253.0,0.0,122.0,0.0,11.0
Galveston - 0462,2428.0,234.0,1623.0,52.0,0.0,446.0,0.0,0.0
Galveston - 0479,1893.0,299.0,1544.0,9.0,16.0,0.0,6.0,0.0
Galveston - 0480,2403.0,409.0,1543.0,173.0,4.0,48.0,0.0,11.0
Galveston - 0481,304.0,78.0,225.0,3.0,0.0,0.0,0.0,0.0
Galveston - 0482,339.0,90.0,244.0,3.0,0.0,0.0,0.0,0.0
Galveston - 0483,3900.0,998.0,2395.0,326.0,1.0,159.0,0.0,9.0
Galveston - 0492,1639.0,212.0,1294.0,67.0,0.0,43.0,0.0,5.0
Galveston - 0495,2023.0,281.0,1670.0,48.0,0.0,27.0,0.0,0.0
Galveston - 2301,0.0,0.0,0.0,0.0,0.0,0.0,0.0,0.0
Galveston - 2321,0.0,0.0,0.0,0.0,0.0,0.0,0.0,0.0
Galveston - 2323,347.0,137.0,174.0,0.0,0.0,0.0,0.0,0.0
Galveston - 4191,0.0,0.0,0.0,0.0,0.0,0.0,0.0,0.0
Galveston - 4322,0.0,0.0,0.0,0.0,0.0,0.0,0.0,0.0
Galveston - 4391,44.0,1.0,26.0,11.0,0.0,0.0,0.0,0.0
Galveston - 4801,0.0,0.0,0.0,0.0,0.0,0.0,0.0,0.0
Gillespie - 0001,2126.0,232.0,1825.0,0.0,0.0,28.0,0.0,3.0
Gillespie - 0002,1579.0,389.0,1136.0,0.0,0.0,22.0,0.0,35.0
Gillespie - 0003,1644.0,327.0,1282.0,1.0,12.0,0.0,26.0,0.0
Gillespie - 0004,3500.0,485.0,2917.0,18.0,3.0,0.0,17.0,7.0
Gillespie - 0005,1786.0,237.0,1503.0,0.0,0.0,0.0,0.0,0.0
Gillespie - 0006,499.0,43.0,449.0,0.0,0.0,0.0,0.0,0.0
Gillespie - 0007,2925.0,455.0,2432.0,5.0,0.0,22.0,0.0,0.0
Gillespie - 0008,366.0,90.0,277.0,0.0,0.0,0.0,0.0,0.0
Gillespie - 0009,94.0,11.0,74.0,0.0,0.0,0.0,0.0,0.0
Gillespie - 0010,1388.0,219.0,1102.0,0.0,0.0,2.0,0.0,0.0
Gillespie - 0012,2722.0,589.0,2096.0,0.0,0.0,0.0,0.0,1.0
Gillespie - 0013,1985.0,340.0,1655.0,4.0,0.0,0.0,0.0,0.0
Gillespie - 0015,699.0,89.0,612.0,0.0,0.0,5.0,0.0,0.0
Glasscock - 0001,232.0,33.0,211.0,0.0,0.0,0.0,0.0,0.0
Glasscock - 0002,223.0,40.0,172.0,0.0,0.0,0.0,0.0,0.0
Glasscock - 0003,131.0,2.0,144.0,0.0,0.0,0.0,0.0,0.0
Glasscock - 0004,133.0,7.0,110.0,0.0,0.0,0.0,0.0,0.0
Guadalupe - 0102,1468.0,810.0,508.0,96.0,0.0,0.0,0.0,0.0
Guadalupe - 0103,825.0,270.0,479.0,78.0,0.0,0.0,0.0,0.0
Guadalupe - 0104,1785.0,733.0,924.0,107.0,15.0,0.0,0.0,0.0
Guadalupe - 0105,2815.0,993.0,1796.0,0.0,0.0,6.0,0.0,0.0
Guadalupe - 0106,3954.0,1413.0,2245.0,313.0,2.0,0.0,0.0,0.0
Guadalupe - 0107,1377.0,230.0,1038.0,40.0,0.0,0.0,0.0,0.0
Guadalupe - 0109,815.0,160.0,599.0,22.0,0.0,0.0,0.0,0.0
Guadalupe - 0110,285.0,96.0,188.0,8.0,0.0,0.0,0.0,0.0
Guadalupe - 0112,549.0,286.0,128.0,42.0,5.0,0.0,0.0,16.0
Guadalupe - 0113,1010.0,319.0,711.0,0.0,0.0,0.0,0.0,0.0
Guadalupe - 0114,1734.0,678.0,967.0,40.0,0.0,0.0,0.0,18.0
Guadalupe - 0115,444.0,88.0,318.0,26.0,0.0,0.0,0.0,0.0
Guadalupe - 0116,2908.0,658.0,2107.0,0.0,0.0,8.0,0.0,0.0
Guadalupe - 0117,2618.0,825.0,1512.0,146.0,0.0,20.0,0.0,66.0
Guadalupe - 0119,2187.0,637.0,1424.0,53.0,0.0,12.0,0.0,10.0
Guadalupe - 0120,1153.0,413.0,670.0,37.0,0.0,0.0,0.0,0.0
Guadalupe - 0123,2.0,2.0,0.0,0.0,0.0,0.0,0.0,2.0
Guadalupe - 0124,8.0,8.0,0.0,0.0,0.0,0.0,0.0,0.0
Guadalupe - 0125,210.0,49.0,156.0,0.0,0.0,0.0,0.0,0.0
Guadalupe - 0126,22.0,8.0,13.0,0.0,0.0,0.0,0.0,0.0
Guadalupe - 0127,10.0,1.0,10.0,0.0,0.0,0.0,0.0,0.0
Guadalupe - 0128,3695.0,867.0,2715.0,63.0,0.0,0.0,1.0,0.0
Guadalupe - 0129,3226.0,977.0,2133.0,28.0,8.0,12.0,3.0,1.0
Guadalupe - 0201,981.0,668.0,281.0,65.0,0.0,0.0,0.0,0.0
Guadalupe - 0202,1978.0,1320.0,450.0,204.0,0.0,0.0,0.0,0.0
Guadalupe - 0203,1571.0,1069.0,264.0,94.0,6.0,3.0,0.0,59.0
Guadalupe - 0204,2730.0,1864.0,461.0,326.0,8.0,6.0,0.0,15.0
Guadalupe - 0205,1552.0,516.0,1044.0,17.0,0.0,6.0,0.0,0.0
Guadalupe - 0206,3766.0,2657.0,907.0,84.0,10.0,8.0,0.0,8.0
Guadalupe - 0207,1717.0,1281.0,417.0,18.0,0.0,0.0,0.0,0.0
Guadalupe - 0208,5524.0,1954.0,3255.0,173.0,5.0,114.0,10.0,8.0
Guadalupe - 0209,1302.0,1081.0,136.0,78.0,9.0,0.0,0.0,2.0
Guadalupe - 0210,782.0,302.0,463.0,15.0,0.0,0.0,0.0,0.0
Guadalupe - 0211,131.0,37.0,95.0,4.0,1.0,0.0,0.0,0.0
Guadalupe - 0212,222.0,118.0,67.0,26.0,0.0,0.0,0.0,0.0
Guadalupe - 0213,5076.0,1652.0,2961.0,300.0,0.0,44.0,0.0,0.0
Guadalupe - 0214,932.0,321.0,545.0,10.0,0.0,42.0,0.0,0.0
Guadalupe - 0215,1145.0,191.0,654.0,121.0,0.0,46.0,25.0,34.0
Guadalupe - 0216,73.0,19.0,50.0,0.0,0.0,0.0,0.0,0.0
Guadalupe - 0217,212.0,130.0,63.0,0.0,0.0,0.0,5.0,0.0
Guadalupe - 0218,104.0,93.0,16.0,0.0,0.0,0.0,0.0,0.0
Guadalupe - 0219,127.0,62.0,54.0,1.0,0.0,0.0,0.0,0.0
Guadalupe - 0220,159.0,83.0,46.0,24.0,0.0,0.0,0.0,0.0
Guadalupe - 0221,46.0,27.0,19.0,0.0,1.0,0.0,0.0,0.0
Guadalupe - 0222,12.0,10.0,0.0,0.0,0.0,0.0,0.0,0.0
Guadalupe - 0223,276.0,87.0,190.0,3.0,0.0,0.0,0.0,0.0
Guadalupe - 0224,347.0,330.0,32.0,1.0,0.0,0.0,0.0,0.0
Guadalupe - 0225,23.0,12.0,9.0,0.0,0.0,0.0,0.0,0.0
Guadalupe - 0226,428.0,283.0,138.0,0.0,0.0,0.0,0.0,0.0
Guadalupe - 0227,763.0,213.0,500.0,15.0,0.0,0.0,7.0,4.0
Guadalupe - 0228,903.0,309.0,557.0,12.0,0.0,50.0,0.0,0.0
Guadalupe - 0229,197.0,104.0,74.0,12.0,0.0,0.0,0.0,0.0
Guadalupe - 0230,42.0,9.0,32.0,0.0,0.0,0.0,1.0,0.0
Guadalupe - 0231,129.0,15.0,101.0,0.0,0.0,0.0,0.0,1.0
Guadalupe - 0232,57.0,2.0,52.0,0.0,0.0,0.0,0.0,0.0
Guadalupe - 0303,1654.0,539.0,867.0,221.0,3.0,0.0,0.0,0.0
Guadalupe - 0304,4316.0,1084.0,2502.0,531.0,0.0,84.0,0.0,0.0
Guadalupe - 0305,5099.0,1178.0,2318.0,1166.0,26.0,159.0,0.0,0.0
Guadalupe - 0306,4144.0,919.0,2681.0,401.0,0.0,64.0,0.0,31.0
Guadalupe - 0307,4286.0,889.0,2729.0,472.0,15.0,42.0,0.0,79.0
Guadalupe - 0308,2118.0,572.0,1375.0,39.0,0.0,111.0,5.0,0.0
Guadalupe - 0309,4216.0,1004.0,2218.0,601.0,0.0,13.0,0.0,0.0
Guadalupe - 0310,3277.0,1348.0,1565.0,272.0,16.0,0.0,0.0,0.0
Guadalupe - 0311,2910.0,845.0,1632.0,385.0,2.0,4.0,0.0,9.0
Guadalupe - 0401,2655.0,804.0,1444.0,223.0,0.0,64.0,0.0,2.0
Guadalupe - 0404,4429.0,1189.0,2311.0,567.0,0.0,135.0,0.0,58.0
Guadalupe - 0405,2954.0,733.0,1883.0,181.0,0.0,80.0,0.0,11.0
Guadalupe - 0406,1156.0,168.0,970.0,15.0,0.0,0.0,0.0,13.0
Guadalupe - 0407,2113.0,643.0,1394.0,69.0,0.0,0.0,0.0,3.0
Guadalupe - 0408,2395.0,792.0,1499.0,67.0,0.0,29.0,0.0,4.0
Guadalupe - 0409,3227.0,1052.0,1196.0,653.0,0.0,117.0,0.0,29.0
Guadalupe - 0410,181.0,51.0,101.0,15.0,0.0,0.0,0.0,0.0
Guadalupe - 0412,3659.0,1299.0,1398.0,687.0,0.0,186.0,0.0,28.0
Guadalupe - 0413,695.0,85.0,555.0,20.0,0.0,2.0,0.0,20.0
Guadalupe - 0414,4440.0,1149.0,2094.0,546.0,0.0,378.0,0.0,65.0
Guadalupe - 0415,6178.0,2200.0,2453.0,852.0,0.0,46.0,0.0,452.0
Henderson - 0001,1014.0,311.0,587.0,49.0,1.0,0.0,0.0,0.0
Henderson - 0002,375.0,42.0,302.0,13.0,0.0,0.0,0.0,0.0
Henderson - 0003,2133.0,557.0,914.0,578.0,0.0,0.0,0.0,0.0
Henderson - 0004,2339.0,311.0,1630.0,372.0,0.0,0.0,4.0,0.0
Henderson - 001A,2321.0,409.0,1790.0,67.0,0.0,0.0,0.0,14.0
Henderson - 001M,2533.0,228.0,1868.0,315.0,8.0,0.0,0.0,5.0
Henderson - 001T,2313.0,137.0,2010.0,129.0,0.0,0.0,0.0,0.0
Henderson - 002E,3102.0,236.0,2791.0,20.0,0.0,17.0,0.0,0.0
Henderson - 002M,1216.0,50.0,1105.0,10.0,0.0,25.0,0.0,0.0
Henderson - 003B,2983.0,117.0,2748.0,33.0,0.0,0.0,0.0,19.0
Henderson - 003C,2319.0,268.0,1804.0,170.0,17.0,9.0,4.0,1.0
Henderson - 003M,1672.0,275.0,1241.0,144.0,14.0,0.0,0.0,2.0
Henderson - 003N,1155.0,166.0,922.0,34.0,17.0,0.0,0.0,0.0
Henderson - 004A,1409.0,299.0,683.0,334.0,0.0,6.0,6.0,2.0
Henderson - 004B,2286.0,358.0,1521.0,224.0,5.0,190.0,6.0,3.0
Henderson - 004W,1351.0,84.0,1296.0,3.0,0.0,17.0,0.0,0.0
Henderson - 01CR,2648.0,96.0,2417.0,16.0,6.0,8.0,0.0,6.0
Henderson - 01MN,2019.0,104.0,1779.0,25.0,9.0,4.0,29.0,0.0
Henderson - 01TC,3226.0,212.0,2847.0,0.0,0.0,0.0,0.0,0.0
Henderson - 03CS,2062.0,112.0,1844.0,44.0,17.0,15.0,0.0,0.0
Henderson - 03NW,678.0,34.0,540.0,144.0,0.0,0.0,0.0,0.0
Henderson - 03WS,1639.0,326.0,1284.0,0.0,0.0,11.0,0.0,0.0
Henderson - 04LP,2999.0,94.0,2700.0,130.0,8.0,10.0,21.0,0.0
Henderson - 04MS,1093.0,23.0,791.0,253.0,0.0,3.0,0.0,3.0
Henderson - 04SE,2958.0,315.0,2371.0,157.0,19.0,0.0,0.0,0.0
Henderson - 2GBN,2981.0,153.0,2677.0,83.0,11.0,9.0,0.0,0.0
Henderson - 2GBS,3194.0,362.0,2771.0,0.0,12.0,3.0,4.0,11.0
Henderson - 2PSN,2864.0,113.0,2665.0,0.0,0.0,2.0,0.0,63.0
Henderson - 2PSS,3608.0,210.0,3032.0,0.0,0.0,2.0,0.0,211.0
Henderson - 4NLP,1600.0,56.0,1392.0,69.0,0.0,1.0,0.0,0.0
Jefferson - 0001,1435.0,677.0,116.0,682.0,3.0,0.0,0.0,0.0
Jefferson - 0002,688.0,101.0,175.0,412.0,0.0,0.0,0.0,0.0
Jefferson - 0003,2178.0,146.0,15.0,1931.0,2.0,0.0,0.0,0.0
Jefferson - 0004,1848.0,63.0,1582.0,134.0,0.0,10.0,0.0,0.0
Jefferson - 0005,1566.0,110.0,791.0,561.0,0.0,0.0,0.0,19.0
Jefferson - 0006,1389.0,173.0,506.0,744.0,0.0,1.0,0.0,0.0
Jefferson - 0007,1596.0,276.0,596.0,562.0,0.0,127.0,0.0,0.0
Jefferson - 0008,851.0,43.0,36.0,652.0,0.0,0.0,0.0,0.0
Jefferson - 0009,3433.0,327.0,2882.0,5.0,0.0,195.0,0.0,0.0
Jefferson - 0010,830.0,167.0,102.0,525.0,0.0,12.0,0.0,0.0
Jefferson - 0011,507.0,64.0,216.0,215.0,0.0,12.0,0.0,0.0
Jefferson - 0012,734.0,4.0,29.0,677.0,0.0,0.0,0.0,0.0
Jefferson - 0013,248.0,11.0,4.0,231.0,0.0,0.0,0.0,0.0
Jefferson - 0014,1556.0,387.0,102.0,981.0,0.0,85.0,3.0,0.0
Jefferson - 0015,1656.0,599.0,130.0,852.0,0.0,82.0,3.0,0.0
Jefferson - 0016,557.0,237.0,35.0,203.0,0.0,35.0,2.0,0.0
Jefferson - 0017,3363.0,514.0,938.0,1231.0,3.0,471.0,0.0,0.0
Jefferson - 0018,1667.0,20.0,36.0,1611.0,0.0,6.0,0.0,11.0
Jefferson - 0019,1536.0,287.0,182.0,1031.0,0.0,0.0,0.0,0.0
Jefferson - 0020,1587.0,253.0,212.0,1048.0,0.0,50.0,0.0,0.0
Jefferson - 0021,6104.0,1648.0,1769.0,2448.0,0.0,0.0,0.0,17.0
Jefferson - 0022,3288.0,409.0,1147.0,1628.0,0.0,55.0,0.0,6.0
Jefferson - 0023,2328.0,281.0,647.0,1360.0,0.0,41.0,0.0,0.0
Jefferson - 0024,449.0,18.0,340.0,80.0,0.0,0.0,0.0,0.0
Jefferson - 0025,2085.0,151.0,1666.0,224.0,0.0,22.0,0.0,8.0
Jefferson - 0026,2825.0,414.0,1621.0,659.0,0.0,115.0,0.0,0.0
Jefferson - 0027,1098.0,72.0,691.0,295.0,0.0,32.0,0.0,0.0
Jefferson - 0028,712.0,64.0,321.0,321.0,0.0,1.0,0.0,0.0
Jefferson - 0029,1950.0,273.0,1661.0,43.0,2.0,0.0,0.0,0.0
Jefferson - 0030,1081.0,23.0,1052.0,2.0,2.0,0.0,0.0,0.0
Jefferson - 0031,1447.0,83.0,1235.0,4.0,0.0,83.0,0.0,0.0
Jefferson - 0032,361.0,26.0,272.0,25.0,0.0,0.0,0.0,0.0
Jefferson - 0033,4116.0,1146.0,2067.0,958.0,104.0,8.0,0.0,4.0
Jefferson - 0034,1486.0,149.0,110.0,1107.0,0.0,3.0,0.0,0.0
Jefferson - 0035,1686.0,210.0,1190.0,226.0,117.0,52.0,0.0,2.0
Jefferson - 0036,1710.0,193.0,1302.0,124.0,0.0,11.0,0.0,28.0
Jefferson - 0037,2806.0,339.0,2353.0,11.0,7.0,28.0,0.0,43.0
Jefferson - 0038,2149.0,169.0,1828.0,25.0,4.0,75.0,0.0,0.0
Jefferson - 0039,1844.0,57.0,0.0,1713.0,0.0,5.0,0.0,0.0
Jefferson - 0040,4110.0,211.0,3819.0,0.0,4.0,27.0,0.0,0.0
Jefferson - 0041,119.0,6.0,111.0,0.0,0.0,0.0,0.0,0.0
Jefferson - 0042,2319.0,287.0,1864.0,66.0,0.0,76.0,0.0,0.0
Jefferson - 0043,2911.0,657.0,1997.0,40.0,4.0,206.0,0.0,0.0
Jefferson - 0044,958.0,406.0,169.0,337.0,0.0,33.0,0.0,0.0
Jefferson - 0045,1846.0,671.0,509.0,547.0,0.0,30.0,0.0,0.0
Jefferson - 0046,1460.0,502.0,348.0,506.0,0.0,36.0,0.0,0.0
Jefferson - 0047,1371.0,719.0,312.0,275.0,0.0,71.0,0.0,0.0
Jefferson - 0048,1063.0,551.0,73.0,374.0,5.0,32.0,0.0,0.0
Jefferson - 0049,671.0,321.0,7.0,308.0,0.0,10.0,0.0,0.0
Jefferson - 0050,2190.0,728.0,87.0,1177.0,0.0,214.0,0.0,0.0
Jefferson - 0051,352.0,80.0,9.0,209.0,0.0,25.0,0.0,0.0
Jefferson - 0052,606.0,35.0,0.0,566.0,2.0,2.0,4.0,0.0
Jefferson - 0053,1421.0,229.0,0.0,1166.0,1.0,0.0,0.0,0.0
Jefferson - 0054,389.0,83.0,0.0,239.0,0.0,66.0,0.0,0.0
Jefferson - 0055,339.0,25.0,0.0,312.0,0.0,0.0,0.0,0.0
Jefferson - 0056,3354.0,312.0,2951.0,24.0,8.0,38.0,0.0,0.0
Jefferson - 0057,919.0,32.0,53.0,805.0,0.0,17.0,0.0,0.0
Jefferson - 0058,467.0,19.0,372.0,15.0,0.0,29.0,0.0,0.0
Jefferson - 0059,1286.0,18.0,61.0,1157.0,6.0,0.0,0.0,0.0
Jefferson - 0060,3970.0,884.0,2737.0,35.0,4.0,258.0,6.0,0.0
Jefferson - 0061,2359.0,867.0,1011.0,349.0,0.0,153.0,0.0,0.0
Jefferson - 0062,2395.0,229.0,1902.0,206.0,0.0,0.0,0.0,27.0
Jefferson - 0063,1218.0,354.0,94.0,654.0,0.0,0.0,0.0,0.0
Jefferson - 0064,875.0,68.0,191.0,585.0,0.0,0.0,0.0,16.0
Jefferson - 0065,2162.0,109.0,1754.0,202.0,0.0,27.0,0.0,0.0
Jefferson - 0066,1556.0,269.0,1045.0,154.0,4.0,6.0,0.0,10.0
Jefferson - 0067,2823.0,192.0,296.0,2222.0,0.0,58.0,18.0,6.0
Jefferson - 0068,2694.0,353.0,1906.0,448.0,0.0,44.0,0.0,1.0
Jefferson - 0069,3677.0,245.0,2783.0,339.0,15.0,166.0,0.0,0.0
Jefferson - 0070,3626.0,304.0,961.0,1979.0,0.0,291.0,0.0,0.0
Jefferson - 0071,455.0,95.0,255.0,21.0,0.0,84.0,0.0,0.0
Jefferson - 0072,6196.0,382.0,2142.0,3232.0,12.0,281.0,0.0,123.0
Jefferson - 0073,2341.0,172.0,1397.0,676.0,0.0,48.0,0.0,0.0
Jefferson - 0074,3085.0,287.0,2655.0,75.0,0.0,47.0,45.0,0.0
Jefferson - 0075,1058.0,290.0,280.0,373.0,0.0,73.0,0.0,0.0
Jefferson - 0076,1717.0,580.0,108.0,952.0,0.0,60.0,0.0,6.0
Jefferson - 0077,1376.0,38.0,105.0,1206.0,0.0,0.0,0.0,0.0
Jefferson - 0078,2185.0,224.0,369.0,1484.0,0.0,109.0,0.0,0.0
Jefferson - 0079,2109.0,263.0,1115.0,534.0,1.0,81.0,0.0,0.0
Jefferson - 0080,318.0,64.0,254.0,1.0,0.0,0.0,0.0,0.0
Jefferson - 0081,764.0,67.0,0.0,691.0,5.0,4.0,1.0,0.0
Jefferson - 0082,3889.0,371.0,1105.0,2336.0,0.0,142.0,0.0,0.0
Jefferson - 0083,1428.0,161.0,1200.0,0.0,0.0,5.0,4.0,0.0
Jefferson - 0084,784.0,32.0,39.0,656.0,0.0,12.0,0.0,0.0
Jefferson - 0085,1406.0,161.0,257.0,1052.0,0.0,5.0,0.0,0.0
Jefferson - 0086,2200.0,124.0,1048.0,847.0,0.0,57.0,0.0,0.0
Jefferson - 0087,1166.0,109.0,293.0,740.0,0.0,23.0,0.0,0.0
Jefferson - 0088,2089.0,175.0,847.0,1067.0,0.0,0.0,0.0,0.0
Jefferson - 0089,760.0,84.0,216.0,420.0,0.0,29.0,0.0,0.0
Jefferson - 0090,47.0,6.0,14.0,20.0,0.0,2.0,0.0,0.0
Jefferson - 0091,632.0,23.0,573.0,17.0,0.0,28.0,0.0,0.0
Jefferson - 0092,1055.0,78.0,649.0,330.0,0.0,32.0,0.0,0.0
Jefferson - 0093,988.0,501.0,76.0,390.0,0.0,12.0,0.0,5.0
Jefferson - 0094,1672.0,296.0,1006.0,319.0,0.0,4.0,0.0,5.0
Jefferson - 0095,605.0,205.0,345.0,100.0,0.0,0.0,0.0,0.0
Jefferson - 0096,777.0,173.0,149.0,480.0,0.0,0.0,0.0,0.0
Jefferson - 0097,550.0,58.0,174.0,305.0,0.0,6.0,0.0,0.0
Jefferson - 0098,982.0,143.0,482.0,162.0,0.0,126.0,0.0,0.0
Jefferson - 0099,987.0,230.0,308.0,353.0,26.0,0.0,0.0,56.0
Jefferson - 0100,2538.0,193.0,1407.0,436.0,6.0,451.0,0.0,0.0
Jefferson - 0101,14.0,7.0,5.0,2.0,0.0,0.0,0.0,0.0
Jefferson - 0102,3661.0,1339.0,811.0,1356.0,21.0,31.0,0.0,16.0
Jefferson - 0103,230.0,8.0,188.0,32.0,0.0,23.0,0.0,0.0
Jefferson - 0104,69.0,14.0,86.0,3.0,0.0,0.0,0.0,0.0
Jim Wells - 0001,667.0,501.0,150.0,3.0,0.0,2.0,0.0,0.0
Jim Wells - 0002,530.0,222.0,287.0,0.0,1.0,0.0,0.0,0.0
Jim Wells - 0003,1706.0,742.0,879.0,42.0,12.0,0.0,0.0,0.0
Jim Wells - 0004,1515.0,1423.0,92.0,0.0,0.0,0.0,0.0,0.0
Jim Wells - 0005,112.0,102.0,9.0,6.0,0.0,0.0,0.0,0.0
Jim Wells - 0006,1140.0,1068.0,39.0,0.0,0.0,0.0,5.0,0.0
Jim Wells - 0007,3155.0,2272.0,707.0,20.0,0.0,150.0,34.0,0.0
Jim Wells - 0008,3820.0,2299.0,1476.0,24.0,5.0,0.0,0.0,0.0
Jim Wells - 0009,802.0,490.0,197.0,23.0,22.0,0.0,0.0,0.0
Jim Wells - 0010,2770.0,2695.0,66.0,0.0,0.0,0.0,3.0,0.0
Jim Wells - 0011,490.0,443.0,52.0,0.0,0.0,0.0,0.0,0.0
Jim Wells - 0012,2281.0,1799.0,443.0,3.0,0.0,43.0,0.0,0.0
Jim Wells - 0013,318.0,300.0,15.0,17.0,3.0,0.0,0.0,0.0
Jim Wells - 0014,137.0,105.0,27.0,0.0,0.0,0.0,0.0,0.0
Jim Wells - 0015,1376.0,1095.0,242.0,0.0,18.0,0.0,0.0,0.0
Jim Wells - 0016,931.0,849.0,76.0,0.0,0.0,0.0,0.0,0.0
Jim Wells - 0017,1782.0,1360.0,359.0,2.0,0.0,0.0,0.0,0.0
Jim Wells - 0018,280.0,240.0,34.0,0.0,0.0,0.0,0.0,0.0
Jim Wells - 0019,434.0,226.0,312.0,0.0,0.0,0.0,0.0,0.0
Jim Wells - 0020,990.0,902.0,65.0,0.0,12.0,0.0,1.0,0.0
Jim Wells - 0022,2290.0,2177.0,102.0,3.0,0.0,0.0,7.0,0.0
Limestone - 0101,2396.0,264.0,1601.0,461.0,0.0,28.0,0.0,0.0
Limestone - 0102,652.0,14.0,585.0,10.0,0.0,3.0,0.0,0.0
Limestone - 0103,802.0,25.0,702.0,63.0,0.0,9.0,0.0,0.0
Limestone - 0104,740.0,17.0,694.0,3.0,0.0,50.0,0.0,0.0
Limestone - 0201,702.0,139.0,383.0,166.0,0.0,0.0,0.0,0.0
Limestone - 0202,1010.0,203.0,308.0,473.0,0.0,7.0,0.0,0.0
Limestone - 0203,118.0,6.0,62.0,27.0,0.0,0.0,0.0,0.0
Limestone - 0204,463.0,109.0,368.0,9.0,0.0,0.0,0.0,0.0
Limestone - 0205,476.0,152.0,198.0,110.0,0.0,0.0,0.0,0.0
Limestone - 0206,422.0,36.0,372.0,27.0,0.0,0.0,0.0,0.0
Limestone - 0301,1713.0,259.0,1037.0,326.0,0.0,10.0,0.0,0.0
Limestone - 0302,820.0,98.0,505.0,264.0,0.0,9.0,0.0,0.0
Limestone - 0303,210.0,12.0,201.0,6.0,0.0,0.0,0.0,0.0
Limestone - 0304,719.0,60.0,533.0,98.0,0.0,0.0,0.0,0.0
Limestone - 0305,379.0,21.0,313.0,74.0,0.0,0.0,0.0,0.0
Limestone - 0401,2406.0,535.0,1121.0,713.0,0.0,0.0,0.0,0.0
Limestone - 0402,546.0,24.0,495.0,0.0,0.0,17.0,0.0,0.0
Limestone - 0403,404.0,28.0,336.0,29.0,0.0,0.0,0.0,0.0
Limestone - 0404,362.0,13.0,306.0,10.0,0.0,0.0,0.0,0.0
Limestone - 0405,271.0,12.0,269.0,0.0,0.0,0.0,0.0,0.0
Limestone - 0406,195.0,3.0,187.0,0.0,0.0,6.0,0.0,0.0
Lipscomb - 0207A,289.0,81.0,210.0,0.0,0.0,0.0,0.0,0.0
Lipscomb - 0207B,6.0,4.0,1.0,0.0,0.0,0.0,0.0,0.0
Matagorda - 0002,680.0,37.0,610.0,0.0,0.0,0.0,0.0,0.0
Matagorda - 0004,1078.0,218.0,808.0,4.0,0.0,0.0,0.0,0.0
Matagorda - 0005,1670.0,316.0,1018.0,198.0,0.0,46.0,0.0,0.0
Matagorda - 0006,1915.0,219.0,1511.0,105.0,0.0,26.0,0.0,0.0
Matagorda - 0007,311.0,47.0,266.0,0.0,0.0,9.0,0.0,0.0
Matagorda - 0008,878.0,223.0,634.0,0.0,0.0,0.0,0.0,0.0
Matagorda - 0009,128.0,7.0,76.0,60.0,0.0,9.0,0.0,0.0
Matagorda - 0010,514.0,0.0,430.0,0.0,0.0,0.0,0.0,0.0
Matagorda - 0012,227.0,66.0,140.0,0.0,5.0,0.0,0.0,0.0
Matagorda - 0013,363.0,22.0,238.0,156.0,0.0,7.0,0.0,0.0
Matagorda - 001A,2357.0,1017.0,1196.0,92.0,1.0,21.0,0.0,11.0
Matagorda - 001B,4385.0,1671.0,2167.0,444.0,0.0,16.0,0.0,0.0
Matagorda - 001C,675.0,140.0,146.0,346.0,11.0,0.0,16.0,0.0
Matagorda - 001D,1942.0,1307.0,417.0,183.0,5.0,10.0,0.0,0.0
Matagorda - 001E,2165.0,549.0,796.0,838.0,0.0,4.0,0.0,0.0
Matagorda - 001F,916.0,561.0,331.0,3.0,0.0,0.0,0.0,0.0
Matagorda - 003A,3297.0,1949.0,1021.0,40.0,0.0,185.0,0.0,0.0
Matagorda - 003B,1134.0,353.0,701.0,0.0,0.0,31.0,0.0,0.0
McCulloch - 0101,1331.0,172.0,1115.0,23.0,0.0,0.0,0.0,0.0
McCulloch - 0102,174.0,43.0,116.0,0.0,0.0,0.0,0.0,0.0
McCulloch - 0201,1279.0,618.0,625.0,37.0,0.0,0.0,0.0,0.0
McCulloch - 0202,99.0,11.0,81.0,0.0,0.0,0.0,0.0,0.0
McCulloch - 0301,931.0,240.0,647.0,6.0,0.0,0.0,0.0,0.0
McCulloch - 0302,269.0,30.0,240.0,0.0,0.0,0.0,0.0,0.0
McCulloch - 0401,964.0,221.0,707.0,0.0,0.0,0.0,0.0,0.0
McCulloch - 0402,345.0,22.0,314.0,0.0,0.0,0.0,0.0,0.0
McCulloch - 0403,160.0,1.0,156.0,0.0,0.0,0.0,0.0,0.0
McLennan - 0053A,1483.0,249.0,962.0,92.0,0.0,59.0,10.0,16.0
McLennan - 0053B,0.0,0.0,0.0,0.0,0.0,0.0,0.0,0.0
McLennan - 0080A,2527.0,171.0,2271.0,45.0,0.0,24.0,0.0,0.0
McLennan - 0080B,0.0,0.0,0.0,0.0,0.0,0.0,0.0,0.0
Ochiltree - 0001,733.0,269.0,415.0,6.0,0.0,0.0,0.0,4.0
Ochiltree - 0002,1661.0,593.0,982.0,0.0,80.0,14.0,0.0,0.0
Ochiltree - 0003,1324.0,373.0,911.0,0.0,0.0,0.0,0.0,0.0
Ochiltree - 0004,1513.0,700.0,766.0,0.0,0.0,0.0,0.0,0.0
Red River - 0001,41.0,0.0,38.0,2.0,0.0,0.0,0.0,0.0
Red River - 0004,1268.0,28.0,631.0,550.0,13.0,0.0,0.0,0.0
Red River - 0005,1101.0,23.0,1013.0,13.0,10.0,5.0,7.0,0.0
Red River - 0009,324.0,25.0,295.0,4.0,10.0,0.0,0.0,0.0
Red River - 0010,247.0,15.0,227.0,1.0,2.0,0.0,0.0,0.0
Red River - 0011,156.0,3.0,149.0,5.0,2.0,0.0,0.0,0.0
Red River - 0017,291.0,5.0,271.0,6.0,0.0,0.0,0.0,0.0
Red River - 0018,249.0,2.0,239.0,7.0,0.0,0.0,0.0,0.0
Red River - 0024,149.0,2.0,142.0,6.0,0.0,0.0,0.0,0.0
Red River - 0027,453.0,20.0,416.0,4.0,1.0,2.0,0.0,0.0
Red River - 0028,263.0,31.0,186.0,36.0,1.0,3.0,0.0,0.0
Red River - 0029,129.0,10.0,116.0,0.0,0.0,0.0,0.0,0.0
Red River - 0030,137.0,5.0,124.0,0.0,7.0,0.0,0.0,0.0
Red River - 0031,152.0,5.0,141.0,0.0,0.0,0.0,0.0,0.0
Red River - 02-4,309.0,3.0,294.0,15.0,0.0,0.0,0.0,0.0
Red River - 03-1,932.0,41.0,498.0,387.0,0.0,0.0,0.0,6.0
Red River - 03-4,185.0,13.0,118.0,36.0,0.0,7.0,0.0,0.0
Red River - 13-1,556.0,2.0,471.0,62.0,10.0,0.0,0.0,0.0
Red River - 13-4,371.0,5.0,351.0,11.0,1.0,0.0,0.0,0.0
Red River - 14-1,9.0,0.0,6.0,0.0,2.0,0.0,0.0,0.0
Red River - 14-4,264.0,7.0,248.0,3.0,2.0,0.0,0.0,0.0
Red River - 19-1,267.0,14.0,222.0,2.0,4.0,0.0,0.0,0.0
Red River - 19-4,215.0,1.0,168.0,20.0,0.0,0.0,0.0,0.0
Red River - 20-1,81.0,26.0,25.0,30.0,0.0,0.0,0.0,0.0
Red River - 20-4,117.0,5.0,81.0,36.0,0.0,0.0,0.0,0.0
Red River - 21-1,18.0,1.0,17.0,0.0,0.0,0.0,0.0,0.0
Red River - 21-4,161.0,1.0,103.0,67.0,0.0,0.0,0.0,0.0
Robertson - 0001,919.0,88.0,574.0,203.0,5.0,1.0,0.0,0.0
Robertson - 0002,1577.0,466.0,852.0,250.0,0.0,0.0,0.0,0.0
Robertson - 0003,496.0,25.0,451.0,11.0,0.0,7.0,0.0,0.0
Robertson - 0004,755.0,127.0,573.0,35.0,0.0,21.0,0.0,1.0
Robertson - 0005,1450.0,48.0,1241.0,147.0,0.0,0.0,0.0,6.0
Robertson - 0006,1458.0,97.0,1099.0,207.0,0.0,15.0,0.0,6.0
Robertson - 0008,299.0,21.0,267.0,0.0,0.0,0.0,0.0,0.0
Robertson - 0011,1527.0,127.0,1164.0,113.0,6.0,4.0,0.0,0.0
Robertson - 0013,157.0,0.0,144.0,0.0,0.0,4.0,0.0,0.0
Robertson - 0016,333.0,38.0,266.0,9.0,0.0,9.0,0.0,0.0
Robertson - 0019,774.0,116.0,650.0,6.0,0.0,0.0,0.0,0.0
Robertson - 0022,1782.0,324.0,270.0,1154.0,0.0,5.0,0.0,0.0
Robertson - 0023,962.0,509.0,310.0,104.0,0.0,1.0,0.0,0.0
Rockwall - 0004A,2733.0,1088.0,1182.0,196.0,0.0,48.0,0.0,0.0
Rockwall - 0004B,0.0,0.0,0.0,0.0,0.0,0.0,0.0,0.0
Rockwall - 001BA,4354.0,470.0,3579.0,90.0,33.0,153.0,0.0,0.0
Rockwall - 001BB,0.0,0.0,0.0,0.0,0.0,0.0,0.0,0.0
Rockwall - 003AA,4227.0,662.0,2892.0,442.0,1.0,93.0,2.0,0.0
Rockwall - 003AB,89.0,7.0,66.0,0.0,0.0,0.0,0.0,0.0
Rockwall - 003BA,4170.0,509.0,3014.0,734.0,2.0,141.0,5.0,0.0
Rockwall - 003BB,64.0,32.0,9.0,5.0,0.0,0.0,0.0,0.0
Somervell - 0001,1250.0,200.0,927.0,0.0,5.0,0.0,0.0,0.0
Somervell - 0002,1873.0,123.0,1682.0,59.0,0.0,0.0,0.0,0.0
Somervell - 0003,1716.0,167.0,1447.0,0.0,11.0,0.0,0.0,0.0
Somervell - 0004,2233.0,350.0,1868.0,0.0,0.0,0.0,0.0,0.0
Sterling - 0001A,186.0,23.0,161.0,0.0,0.0,4.0,0.0,0.0
Sterling - 0001B,43.0,9.0,35.0,0.0,0.0,0.0,0.0,0.0
Sterling - 0002A,156.0,72.0,80.0,0.0,0.0,0.0,0.0,0.0
Sterling - 0002B,0.0,0.0,0.0,0.0,0.0,0.0,0.0,0.0
Sterling - 0002C,9.0,2.0,5.0,0.0,0.0,0.0,0.0,0.0
Sterling - 0002D,20.0,13.0,7.0,0.0,0.0,0.0,0.0,0.0
Sterling - 0002E,29.0,20.0,9.0,0.0,0.0,0.0,0.0,0.0
Stonewall - 0001,217.0,32.0,184.0,0.0,0.0,0.0,0.0,0.0
Stonewall - 0002,204.0,17.0,184.0,2.0,0.0,0.0,0.0,0.0
Stonewall - 0003,251.0,32.0,226.0,1.0,0.0,0.0,0.0,0.0
Stonewall - 0004,235.0,37.0,191.0,1.0,0.0,0.0,0.0,0.0
Tom Green - 0106,1760.0,926.0,679.0,142.0,0.0,19.0,0.0,0.0
Tom Green - 0107,1686.0,746.0,840.0,64.0,0.0,0.0,0.0,0.0
Tom Green - 0108,965.0,178.0,761.0,3.0,0.0,0.0,0.0,0.0
Tom Green - 0112,1218.0,306.0,887.0,33.0,0.0,1.0,0.0,0.0
Tom Green - 0114,1100.0,985.0,48.0,62.0,0.0,0.0,0.0,0.0
Tom Green - 0124,2630.0,1851.0,457.0,257.0,0.0,11.0,0.0,21.0
Tom Green - 0137,3078.0,1478.0,1437.0,115.0,18.0,24.0,0.0,0.0
Tom Green - 0144,2858.0,1174.0,1442.0,77.0,0.0,32.0,0.0,0.0
Tom Green - 0146,5557.0,2947.0,2146.0,112.0,18.0,129.0,0.0,42.0
Tom Green - 0201,4076.0,1284.0,2280.0,274.0,0.0,96.0,20.0,54.0
Tom Green - 0213,2138.0,273.0,1819.0,6.0,0.0,0.0,0.0,0.0
Tom Green - 0215,2510.0,793.0,1629.0,28.0,0.0,51.0,0.0,0.0
Tom Green - 0225,82.0,5.0,60.0,0.0,0.0,0.0,0.0,0.0
Tom Green - 0228,4070.0,1239.0,2645.0,158.0,0.0,8.0,0.0,0.0
Tom Green - 0230,3861.0,926.0,2704.0,173.0,0.0,53.0,0.0,0.0
Tom Green - 0241,5463.0,949.0,4198.0,210.0,3.0,57.0,0.0,0.0
Tom Green - 0304,4441.0,2109.0,2168.0,62.0,2.0,11.0,11.0,0.0
Tom Green - 0306,2381.0,776.0,1397.0,145.0,0.0,22.0,0.0,0.0
Tom Green - 0308,794.0,479.0,333.0,0.0,0.0,0.0,0.0,0.0
Tom Green - 0318,3258.0,565.0,2535.0,122.0,10.0,0.0,0.0,0.0
Tom Green - 0319,3326.0,896.0,2042.0,188.0,3.0,38.0,0.0,16.0
Tom Green - 0327,2992.0,1695.0,1074.0,141.0,0.0,79.0,0.0,0.0
Tom Green - 0348,1844.0,656.0,1184.0,2.0,4.0,0.0,0.0,0.0
Tom Green - 0351,333.0,43.0,274.0,0.0,0.0,0.0,0.0,0.0
Tom Green - 0358,2610.0,604.0,1928.0,48.0,6.0,0.0,0.0,0.0
Tom Green - 0401,181.0,42.0,85.0,36.0,8.0,0.0,0.0,5.0
Tom Green - 0402,5013.0,1918.0,2603.0,262.0,0.0,99.0,0.0,0.0
Tom Green - 0420,536.0,247.0,287.0,21.0,2.0,19.0,0.0,0.0
Tom Green - 0421,3570.0,1025.0,2356.0,119.0,0.0,31.0,4.0,18.0
Tom Green - 0422,1224.0,196.0,1003.0,6.0,1.0,6.0,0.0,0.0
Tom Green - 0423,1570.0,240.0,1238.0,33.0,5.0,20.0,0.0,2.0
Tom Green - 0424,2645.0,933.0,1392.0,221.0,0.0,17.0,0.0,12.0
Tom Green - 0434,2024.0,1321.0,712.0,0.0,0.0,0.0,0.0,3.0
Tom Green - 0435,1676.0,825.0,641.0,9.0,0.0,0.0,0.0,3.0
Tom Green - 0436,4363.0,843.0,3308.0,163.0,10.0,7.0,0.0,9.0
Val Verde - 0010,2717.0,2314.0,315.0,20.0,15.0,23.0,0.0,0.0
Val Verde - 0011,2349.0,2213.0,115.0,0.0,9.0,0.0,0.0,0.0
Val Verde - 0013,1590.0,425.0,963.0,135.0,5.0,38.0,0.0,5.0
Val Verde - 0020,133.0,6.0,139.0,0.0,0.0,0.0,0.0,0.0
Val Verde - 0021,1878.0,1831.0,50.0,0.0,0.0,0.0,0.0,0.0
Val Verde - 0022,3699.0,2781.0,593.0,120.0,0.0,4.0,0.0,10.0
Val Verde - 0023,162.0,76.0,52.0,56.0,0.0,0.0,0.0,0.0
Val Verde - 0024,1772.0,1776.0,97.0,8.0,0.0,9.0,0.0,29.0
Val Verde - 0030,2533.0,1901.0,472.0,26.0,0.0,5.0,0.0,0.0
Val Verde - 0031,3521.0,1874.0,1486.0,43.0,0.0,44.0,10.0,0.0
Val Verde - 0032,238.0,19.0,197.0,0.0,0.0,5.0,0.0,0.0
Val Verde - 0033,2389.0,1427.0,865.0,43.0,0.0,0.0,0.0,0.0
Val Verde - 0040,5050.0,4458.0,522.0,14.0,11.0,20.0,0.0,0.0
Val Verde - 0041,1399.0,1234.0,116.0,0.0,0.0,10.0,0.0,0.0
Val Verde - 0042,28.0,3.0,27.0,0.0,0.0,0.0,0.0,0.0
Val Verde - 0043,59.0,1.0,66.0,0.0,0.0,0.0,0.0,0.0
Van Zandt - 001A,2482.0,95.0,2241.0,25.0,11.0,11.0,0.0,0.0
Van Zandt - 001B,3703.0,172.0,3351.0,62.0,7.0,2.0,0.0,0.0
Van Zandt - 001C,1832.0,130.0,1675.0,3.0,16.0,0.0,0.0,0.0
Van Zandt - 001D,1877.0,102.0,1729.0,4.0,2.0,0.0,0.0,0.0
Van Zandt - 001E,1198.0,93.0,1005.0,65.0,0.0,5.0,0.0,10.0
Van Zandt - 002A,4735.0,154.0,4324.0,76.0,12.0,76.0,5.0,0.0
Van Zandt - 002B,1910.0,100.0,1724.0,51.0,4.0,11.0,0.0,0.0
Van Zandt - 002C,3107.0,513.0,2583.0,0.0,0.0,0.0,0.0,4.0
Van Zandt - 002D,2215.0,101.0,2039.0,12.0,33.0,6.0,0.0,0.0
Van Zandt - 003A,1010.0,45.0,867.0,52.0,0.0,0.0,0.0,0.0
Van Zandt - 003B,2403.0,177.0,1860.0,316.0,6.0,0.0,0.0,27.0
Van Zandt - 003C,4633.0,908.0,3588.0,53.0,10.0,5.0,0.0,23.0
Van Zandt - 003D,3494.0,179.0,3156.0,29.0,18.0,3.0,0.0,72.0
Van Zandt - 004A,1524.0,87.0,1309.0,45.0,5.0,0.0,3.0,0.0
Van Zandt - 004B,2102.0,316.0,1690.0,23.0,14.0,0.0,0.0,14.0
Van Zandt - 004C,2326.0,199.0,2084.0,30.0,6.0,0.0,0.0,0.0
Van Zandt - 004D,4497.0,257.0,3752.0,380.0,13.0,64.0,0.0,0.0
Van Zandt - 004E,1498.0,134.0,1313.0,8.0,7.0,0.0,0.0,0.0
Wilbarger - 0019,2515.0,707.0,1189.0,400.0,0.0,111.0,0.0,0.0
Wilbarger - 0020,1661.0,577.0,978.0,30.0,11.0,6.0,0.0,7.0
Wilbarger - 0021,3090.0,615.0,2118.0,149.0,2.0,37.0,0.0,0.0
Deaf Smith - 0001,2541.0,1730.0,711.0,0.0,0.0,0.0,0.0,0.0
Deaf Smith - 0002,2610.0,1942.0,558.0,58.0,20.0,0.0,0.0,0.0
Deaf Smith - 0003,2656.0,1329.0,1303.0,25.0,12.0,0.0,0.0,0.0
Deaf Smith - 0004,2630.0,1949.0,632.0,51.0,9.0,0.0,0.0,0.0
Fort Bend - 1148A,14167.0,2873.0,6870.0,1992.0,10.0,2312.0,0.0,14.0
Fort Bend - 1148B,0.0,0.0,0.0,0.0,0.0,0.0,0.0,0.0
Fort Bend - 3065A,5098.0,267.0,1572.0,500.0,29.0,2698.0,12.0,0.0
Fort Bend - 3065B,0.0,0.0,0.0,0.0,0.0,0.0,0.0,0.0
Fort Bend - 3127A,2857.0,152.0,877.0,432.0,0.0,1349.0,0.0,25.0
Fort Bend - 3127B,14.0,3.0,0.0,0.0,0.0,6.0,0.0,2.0
Fort Bend - 3131A,1679.0,179.0,748.0,260.0,0.0,332.0,0.0,0.0
Fort Bend - 3131B,0.0,0.0,0.0,0.0,0.0,0.0,0.0,0.0
Fort Bend - 4073A,1916.0,692.0,1047.0,219.0,0.0,6.0,0.0,2.0
Fort Bend - 4073B,0.0,0.0,0.0,0.0,0.0,0.0,0.0,0.0
Freestone - 0004A,371.0,9.0,353.0,1.0,0.0,0.0,0.0,0.0
Freestone - 0004B,37.0,0.0,34.0,1.0,0.0,0.0,0.0,0.0
Freestone - 0005A,2411.0,479.0,1523.0,324.0,14.0,0.0,0.0,0.0
Freestone - 0005B,1129.0,388.0,405.0,340.0,17.0,0.0,0.0,0.0
Freestone - 0006A,587.0,13.0,507.0,37.0,0.0,0.0,0.0,6.0
Freestone - 0006B,31.0,1.0,27.0,0.0,0.0,0.0,0.0,0.0
Freestone - 0006C,0.0,0.0,0.0,0.0,0.0,0.0,0.0,0.0
Freestone - 0007A,1141.0,25.0,763.0,320.0,4.0,0.0,0.0,14.0
Freestone - 0007B,88.0,1.0,65.0,25.0,0.0,0.0,0.0,2.0
Freestone - 0009A,242.0,41.0,169.0,24.0,0.0,0.0,0.0,0.0
Freestone - 0009B,250.0,13.0,232.0,10.0,0.0,0.0,0.0,0.0
Freestone - 0009C,9.0,0.0,7.0,0.0,0.0,0.0,0.0,0.0
Freestone - 0011A,611.0,18.0,475.0,73.0,0.0,0.0,0.0,0.0
Freestone - 0011B,387.0,6.0,247.0,88.0,0.0,0.0,0.0,0.0
Freestone - 0011C,0.0,0.0,0.0,0.0,0.0,0.0,0.0,0.0
Hutchinson - 0011,2291.0,448.0,1702.0,0.0,60.0,2.0,27.0,0.0
Hutchinson - 0014,1992.0,244.0,1707.0,0.0,9.0,16.0,0.0,0.0
Hutchinson - 0021,3223.0,259.0,2892.0,0.0,3.0,0.0,0.0,4.0
Hutchinson - 0023,600.0,105.0,490.0,0.0,7.0,8.0,0.0,0.0
Hutchinson - 0031,1278.0,127.0,1103.0,5.0,0.0,0.0,12.0,9.0
Hutchinson - 0033,1347.0,364.0,868.0,12.0,43.0,0.0,0.0,0.0
Hutchinson - 0041,49.0,0.0,47.0,0.0,0.0,0.0,0.0,0.0
Hutchinson - 0042,3587.0,1124.0,2012.0,315.0,63.0,42.0,0.0,0.0
Jeff Davis - 0001,365.0,45.0,307.0,0.0,0.0,0.0,0.0,2.0
Jeff Davis - 0002,321.0,107.0,198.0,0.0,0.0,0.0,0.0,1.0
Jeff Davis - 0003,334.0,98.0,227.0,0.0,0.0,0.0,0.0,1.0
Jeff Davis - 0004,225.0,98.0,110.0,0.0,0.0,0.0,0.0,8.0
Jeff Davis - 0005,210.0,24.0,163.0,0.0,0.0,0.0,0.0,2.0
Montgomery - 0001,4714.0,1291.0,2612.0,796.0,11.0,11.0,0.0,3.0
Montgomery - 0002,3988.0,942.0,2341.0,551.0,0.0,79.0,0.0,0.0
Montgomery - 0003,3574.0,762.0,2172.0,155.0,4.0,361.0,0.0,21.0
Montgomery - 0004,1925.0,260.0,1338.0,247.0,0.0,68.0,0.0,0.0
Montgomery - 0005,312.0,16.0,288.0,1.0,0.0,0.0,0.0,0.0
Montgomery - 0006,3320.0,370.0,2521.0,126.0,0.0,262.0,0.0,0.0
Montgomery - 0007,2901.0,781.0,1766.0,273.0,0.0,0.0,0.0,0.0
Montgomery - 0008,3542.0,331.0,3060.0,93.0,4.0,0.0,0.0,0.0
Montgomery - 0009,1907.0,145.0,1467.0,191.0,19.0,52.0,0.0,0.0
Montgomery - 0010,3018.0,1260.0,480.0,985.0,13.0,63.0,71.0,0.0
Montgomery - 0011,3387.0,398.0,2559.0,251.0,22.0,112.0,0.0,0.0
Montgomery - 0012,3853.0,1750.0,1831.0,57.0,0.0,133.0,0.0,0.0
Montgomery - 0013,2819.0,264.0,2372.0,111.0,2.0,0.0,0.0,1.0
Montgomery - 0014,5375.0,2102.0,2383.0,669.0,4.0,153.0,0.0,15.0
Montgomery - 0015,3789.0,467.0,3049.0,110.0,0.0,116.0,0.0,0.0
Montgomery - 0016,6085.0,1668.0,4372.0,48.0,0.0,17.0,0.0,0.0
Montgomery - 0017,7477.0,1374.0,5653.0,261.0,0.0,0.0,20.0,0.0
Montgomery - 0018,5284.0,793.0,3957.0,399.0,0.0,51.0,32.0,6.0
Montgomery - 0019,4442.0,323.0,3822.0,203.0,31.0,16.0,0.0,0.0
Montgomery - 0020,3108.0,1265.0,1339.0,363.0,0.0,62.0,8.0,3.0
Montgomery - 0021,6854.0,1123.0,4431.0,1170.0,8.0,116.0,0.0,0.0
Montgomery - 0022,3548.0,448.0,2895.0,12.0,7.0,39.0,0.0,0.0
Montgomery - 0023,6085.0,1207.0,4371.0,413.0,0.0,9.0,0.0,27.0
Montgomery - 0024,3732.0,1015.0,2191.0,457.0,0.0,43.0,8.0,10.0
Montgomery - 0025,2126.0,266.0,1645.0,60.0,8.0,2.0,0.0,14.0
Montgomery - 0026,5733.0,1622.0,3570.0,228.0,19.0,41.0,5.0,2.0
Montgomery - 0027,3646.0,646.0,2329.0,536.0,13.0,81.0,0.0,0.0
Montgomery - 0029,6004.0,974.0,4806.0,129.0,0.0,0.0,0.0,0.0
Montgomery - 0030,4376.0,513.0,3612.0,72.0,7.0,29.0,0.0,0.0
Montgomery - 0031,4851.0,734.0,3659.0,188.0,0.0,238.0,3.0,0.0
Montgomery - 0032,3840.0,736.0,2655.0,157.0,0.0,92.0,0.0,30.0
Montgomery - 0033,4507.0,557.0,3299.0,285.0,0.0,246.0,0.0,8.0
Montgomery - 0034,2758.0,413.0,2054.0,114.0,0.0,57.0,0.0,0.0
Montgomery - 0035,6319.0,1147.0,4482.0,151.0,0.0,358.0,0.0,6.0
Montgomery - 0036,6052.0,1612.0,4062.0,362.0,0.0,0.0,0.0,4.0
Montgomery - 0037,4048.0,1491.0,2054.0,256.0,0.0,87.0,0.0,9.0
Montgomery - 0038,3630.0,139.0,3266.0,77.0,10.0,52.0,0.0,0.0
Montgomery - 0039,3861.0,497.0,3215.0,11.0,3.0,92.0,0.0,14.0
Montgomery - 0040,6456.0,718.0,4404.0,979.0,0.0,230.0,0.0,0.0
Montgomery - 0041,3978.0,896.0,2882.0,109.0,0.0,5.0,0.0,22.0
Montgomery - 0042,1643.0,205.0,1287.0,119.0,0.0,0.0,0.0,0.0
Montgomery - 0044,3333.0,1043.0,2043.0,195.0,0.0,36.0,0.0,0.0
Montgomery - 0045,2736.0,668.0,1388.0,350.0,4.0,64.0,5.0,0.0
Montgomery - 0046,4875.0,680.0,3530.0,550.0,0.0,159.0,0.0,0.0
Montgomery - 0047,3397.0,1158.0,1746.0,484.0,10.0,26.0,0.0,0.0
Montgomery - 0048,2378.0,226.0,2033.0,5.0,0.0,85.0,0.0,0.0
Montgomery - 0049,2109.0,283.0,1668.0,112.0,1.0,18.0,0.0,0.0
Montgomery - 0050,5649.0,386.0,5044.0,89.0,21.0,20.0,0.0,0.0
Montgomery - 0051,3730.0,1322.0,2000.0,343.0,0.0,17.0,0.0,0.0
Montgomery - 0052,4996.0,1895.0,2833.0,173.0,0.0,15.0,0.0,0.0
Montgomery - 0054,5000.0,1422.0,3160.0,160.0,6.0,22.0,0.0,37.0
Montgomery - 0055,2082.0,703.0,1217.0,65.0,20.0,0.0,0.0,28.0
Montgomery - 0056,5248.0,1387.0,2935.0,380.0,0.0,374.0,0.0,52.0
Montgomery - 0057,4123.0,275.0,3307.0,155.0,0.0,30.0,0.0,5.0
Montgomery - 0058,2193.0,273.0,1887.0,11.0,0.0,22.0,0.0,0.0
Montgomery - 0059,1296.0,64.0,1165.0,40.0,0.0,0.0,0.0,0.0
Montgomery - 0060,5232.0,2250.0,1984.0,806.0,37.0,82.0,0.0,4.0
Montgomery - 0061,4558.0,429.0,3693.0,15.0,7.0,325.0,0.0,43.0
Montgomery - 0062,3230.0,434.0,2531.0,150.0,0.0,79.0,4.0,0.0
Montgomery - 0064,2730.0,1276.0,1341.0,60.0,2.0,8.0,0.0,0.0
Montgomery - 0065,6469.0,1008.0,5246.0,0.0,4.0,20.0,0.0,0.0
Montgomery - 0066,4575.0,1185.0,3107.0,0.0,0.0,287.0,0.0,0.0
Montgomery - 0067,3332.0,681.0,2358.0,110.0,0.0,115.0,0.0,13.0
Montgomery - 0068,4939.0,445.0,3101.0,1362.0,17.0,31.0,0.0,0.0
Montgomery - 0069,3299.0,591.0,2268.0,125.0,0.0,255.0,0.0,5.0
Montgomery - 0070,2395.0,489.0,1706.0,28.0,0.0,135.0,0.0,0.0
Montgomery - 0071,4532.0,700.0,3496.0,64.0,0.0,301.0,0.0,0.0
Montgomery - 0072,4195.0,91.0,3599.0,265.0,27.0,34.0,0.0,0.0
Montgomery - 0073,2875.0,233.0,2376.0,89.0,0.0,145.0,0.0,0.0
Montgomery - 0074,3365.0,1128.0,2033.0,11.0,19.0,101.0,0.0,0.0
Montgomery - 0075,5343.0,701.0,4172.0,186.0,0.0,190.0,0.0,0.0
Montgomery - 0076,4862.0,180.0,4581.0,0.0,0.0,64.0,0.0,0.0
Montgomery - 0077,4157.0,216.0,3692.0,85.0,0.0,37.0,0.0,4.0
Montgomery - 0078,5048.0,387.0,4299.0,74.0,5.0,181.0,0.0,0.0
Montgomery - 0079,2943.0,283.0,2017.0,226.0,0.0,67.0,0.0,0.0
Montgomery - 0081,4243.0,751.0,3214.0,6.0,13.0,152.0,0.0,0.0
Montgomery - 0082,5157.0,1566.0,3219.0,176.0,0.0,145.0,0.0,15.0
Montgomery - 0083,1727.0,253.0,1431.0,1.0,0.0,0.0,32.0,23.0
Montgomery - 0084,7891.0,1418.0,4989.0,617.0,12.0,408.0,0.0,20.0
Montgomery - 0085,5053.0,974.0,3806.0,62.0,0.0,57.0,0.0,5.0
Montgomery - 0086,2916.0,504.0,2148.0,32.0,20.0,120.0,35.0,16.0
Montgomery - 0087,4450.0,668.0,2973.0,299.0,0.0,401.0,0.0,96.0
Montgomery - 0089,4696.0,850.0,3391.0,287.0,10.0,107.0,0.0,0.0
Montgomery - 0090,4580.0,568.0,3796.0,168.0,0.0,42.0,0.0,13.0
Montgomery - 0092,5033.0,949.0,2786.0,823.0,0.0,235.0,0.0,150.0
Montgomery - 0093,6849.0,2413.0,4016.0,250.0,0.0,0.0,0.0,17.0
Montgomery - 0094,5283.0,1466.0,2975.0,650.0,38.0,125.0,0.0,0.0
Montgomery - 0095,5784.0,890.0,3313.0,995.0,0.0,303.0,95.0,7.0
Montgomery - 0096,5300.0,1976.0,2384.0,697.0,0.0,179.0,26.0,8.0
Montgomery - 0097,4369.0,387.0,3905.0,65.0,2.0,36.0,0.0,0.0
Montgomery - 0098,2357.0,448.0,1590.0,215.0,0.0,69.0,0.0,0.0
Montgomery - 0099,3374.0,269.0,2893.0,94.0,0.0,47.0,0.0,6.0
Montgomery - 0100,4813.0,911.0,2545.0,808.0,0.0,458.0,0.0,8.0
Montgomery - 0101,2878.0,518.0,1713.0,232.0,29.0,372.0,4.0,0.0
Montgomery - 0102,6035.0,809.0,4735.0,277.0,0.0,113.0,0.0,6.0
Montgomery - 0103,4744.0,1279.0,2698.0,609.0,4.0,140.0,0.0,0.0
Montgomery - 0104,2141.0,330.0,1483.0,256.0,33.0,39.0,0.0,0.0
Montgomery - 0105,3980.0,322.0,3533.0,59.0,0.0,31.0,0.0,0.0
Montgomery - 0107,50.0,3.0,34.0,1.0,0.0,16.0,0.0,0.0
Montgomery - 0108,2843.0,661.0,1751.0,102.0,0.0,263.0,0.0,0.0
Montgomery - 0109,1975.0,328.0,1488.0,0.0,0.0,140.0,0.0,0.0
Montgomery - 0110,2498.0,388.0,1532.0,224.0,8.0,310.0,0.0,0.0
Montgomery - 0111,3651.0,1601.0,1942.0,8.0,2.0,0.0,0.0,96.0
Montgomery - 0112,2530.0,276.0,2068.0,10.0,1.0,83.0,0.0,0.0
Montgomery - 0113,4020.0,536.0,3199.0,164.0,9.0,17.0,0.0,27.0
Palo Pinto - 0001,438.0,73.0,321.0,0.0,0.0,45.0,0.0,0.0
Palo Pinto - 0002,15.0,0.0,17.0,0.0,0.0,0.0,0.0,0.0
Palo Pinto - 0003,819.0,20.0,777.0,7.0,0.0,0.0,0.0,0.0
Palo Pinto - 0004,632.0,48.0,576.0,3.0,0.0,0.0,0.0,0.0
Palo Pinto - 0005,625.0,100.0,475.0,0.0,0.0,0.0,0.0,0.0
Palo Pinto - 0006,1036.0,42.0,963.0,0.0,0.0,18.0,0.0,0.0
Palo Pinto - 0007,615.0,66.0,535.0,1.0,0.0,0.0,0.0,0.0
Palo Pinto - 0008,1712.0,67.0,1573.0,0.0,15.0,13.0,0.0,0.0
Palo Pinto - 0009,380.0,8.0,394.0,0.0,0.0,0.0,0.0,0.0
Palo Pinto - 0011,338.0,35.0,290.0,10.0,0.0,0.0,0.0,0.0
Palo Pinto - 0012,439.0,41.0,405.0,0.0,0.0,0.0,0.0,0.0
Palo Pinto - 0013,649.0,47.0,567.0,11.0,0.0,0.0,0.0,0.0
Palo Pinto - 0014,221.0,21.0,191.0,0.0,0.0,0.0,0.0,0.0
Palo Pinto - 0015,785.0,33.0,734.0,0.0,0.0,0.0,0.0,0.0
Palo Pinto - 0016,398.0,13.0,346.0,0.0,0.0,14.0,0.0,0.0
Palo Pinto - 0017,1164.0,322.0,748.0,37.0,0.0,0.0,0.0,0.0
Palo Pinto - 0018,240.0,13.0,223.0,0.0,0.0,0.0,0.0,0.0
Palo Pinto - 0020,161.0,0.0,157.0,0.0,0.0,0.0,0.0,0.0
Palo Pinto - 0021,1090.0,105.0,723.0,160.0,2.0,54.0,0.0,0.0
Palo Pinto - 0022,942.0,115.0,827.0,0.0,0.0,0.0,0.0,0.0
Palo Pinto - 0023,1830.0,217.0,1570.0,19.0,0.0,5.0,0.0,0.0
Palo Pinto - 0024,466.0,141.0,326.0,7.0,0.0,0.0,0.0,0.0
Palo Pinto - 0025,174.0,63.0,114.0,0.0,0.0,0.0,0.0,0.0
Palo Pinto - 0026,279.0,98.0,185.0,0.0,0.0,0.0,0.0,0.0
Palo Pinto - 0027,2026.0,368.0,1575.0,52.0,0.0,15.0,0.0,0.0
Palo Pinto - 0028,1560.0,398.0,1127.0,9.0,0.0,6.0,0.0,0.0
Palo Pinto - 0029,1366.0,299.0,956.0,107.0,3.0,8.0,0.0,0.0
Palo Pinto - 0030,1091.0,350.0,640.0,106.0,0.0,13.0,0.0,0.0
Red River - 0007A,346.0,27.0,282.0,15.0,4.0,0.0,0.0,0.0
Red River - 0007B,0.0,0.0,0.0,0.0,0.0,0.0,0.0,0.0
Red River - 02-1A,170.0,0.0,17.0,182.0,0.0,0.0,0.0,0.0
Red River - 02-1B,64.0,0.0,54.0,10.0,0.0,0.0,0.0,0.0
Schleicher - 0001,479.0,244.0,232.0,6.0,0.0,0.0,3.0,0.0
Schleicher - 0002,376.0,195.0,166.0,0.0,0.0,0.0,0.0,21.0
Schleicher - 0003,401.0,261.0,118.0,5.0,0.0,0.0,1.0,0.0
Schleicher - 0004,532.0,169.0,321.0,2.0,0.0,6.0,6.0,0.0
Val Verde - 0012A,228.0,219.0,4.0,0.0,0.0,0.0,0.0,0.0
Val Verde - 0012B,167.0,151.0,17.0,0.0,0.0,0.0,0.0,0.0
Val Verde - 0012C,9.0,9.0,0.0,0.0,0.0,0.0,0.0,0.0
Val Verde - 0012D,0.0,0.0,0.0,0.0,0.0,0.0,0.0,0.0
Washington - 0101,1739.0,183.0,1055.0,635.0,0.0,17.0,0.0,0.0
Washington - 0104,3296.0,791.0,1098.0,1342.0,1.0,13.0,0.0,0.0
Washington - 0109,1266.0,117.0,869.0,62.0,0.0,0.0,0.0,0.0
Washington - 0115,1061.0,102.0,790.0,102.0,27.0,0.0,0.0,0.0
Washington - 0117,123.0,53.0,40.0,20.0,0.0,4.0,0.0,0.0
Washington - 0121,134.0,18.0,87.0,18.0,0.0,0.0,0.0,0.0
Washington - 0202,250.0,66.0,137.0,30.0,0.0,0.0,0.0,0.0
Washington - 0203,1704.0,51.0,1471.0,33.0,0.0,0.0,0.0,22.0
Washington - 0205,3649.0,305.0,2458.0,649.0,12.0,96.0,0.0,0.0
Washington - 0208,1961.0,388.0,1323.0,160.0,27.0,2.0,0.0,0.0
Washington - 0307,2013.0,277.0,1181.0,272.0,0.0,33.0,0.0,6.0
Washington - 0311,1423.0,58.0,1233.0,47.0,0.0,50.0,0.0,0.0
Washington - 0312,1080.0,153.0,940.0,1.0,48.0,2.0,0.0,0.0
Washington - 0320,1853.0,172.0,1621.0,13.0,0.0,23.0,0.0,0.0
Washington - 0406,2343.0,395.0,1589.0,283.0,0.0,39.0,0.0,0.0
Washington - 0410,1227.0,132.0,973.0,104.0,0.0,0.0,0.0,0.0
Washington - 0413,1547.0,208.0,1293.0,46.0,0.0,0.0,0.0,0.0
Washington - 0418,561.0,84.0,402.0,55.0,0.0,13.0,0.0,0.0
Washington - 0419,469.0,54.0,387.0,28.0,0.0,2.0,0.0,0.0
Wilbarger - 0001A,2116.0,486.0,1502.0,45.0,0.0,15.0,0.0,0.0
Wilbarger - 0001B,127.0,4.0,119.0,7.0,0.0,0.0,0.0,0.0
Williamson - 0117,7199.0,1152.0,3590.0,1008.0,0.0,1382.0,0.0,28.0
Williamson - 0118,4238.0,503.0,3057.0,153.0,12.0,276.0,0.0,141.0
Williamson - 0119,3889.0,1304.0,2200.0,150.0,0.0,160.0,0.0,0.0
Williamson - 0122,464.0,44.0,376.0,0.0,4.0,0.0,0.0,0.0
Williamson - 0123,5870.0,2309.0,2468.0,739.0,8.0,128.0,0.0,83.0
Williamson - 0135,4407.0,1687.0,2100.0,499.0,0.0,12.0,0.0,22.0
Williamson - 0136,348.0,208.0,87.0,20.0,0.0,0.0,0.0,0.0
Williamson - 0138,2208.0,664.0,602.0,671.0,0.0,99.0,0.0,15.0
Williamson - 0139,6715.0,1489.0,3687.0,685.0,0.0,184.0,82.0,93.0
Williamson - 0143,628.0,174.0,186.0,269.0,0.0,9.0,0.0,0.0
Williamson - 0144,843.0,345.0,405.0,98.0,0.0,7.0,0.0,0.0
Williamson - 0145,3479.0,1021.0,1830.0,334.0,21.0,224.0,0.0,0.0
Williamson - 0146,4808.0,992.0,2938.0,470.0,0.0,256.0,0.0,0.0
Williamson - 0147,6954.0,1805.0,3864.0,661.0,0.0,476.0,0.0,0.0
Williamson - 0149,3776.0,920.0,1650.0,987.0,31.0,106.0,0.0,16.0
Williamson - 0150,6050.0,2100.0,2322.0,1390.0,0.0,61.0,0.0,4.0
Williamson - 0151,5588.0,713.0,3699.0,577.0,0.0,397.0,0.0,0.0
Williamson - 0155,4995.0,1562.0,2649.0,562.0,0.0,90.0,0.0,80.0
Williamson - 0162,3695.0,661.0,2188.0,369.0,0.0,391.0,0.0,0.0
Williamson - 0163,4166.0,1562.0,1700.0,500.0,0.0,237.0,0.0,29.0
Williamson - 0164,651.0,153.0,475.0,49.0,0.0,0.0,0.0,0.0
Williamson - 0166,2615.0,288.0,2079.0,33.0,1.0,115.0,0.0,0.0
Williamson - 0173,2540.0,615.0,1784.0,27.0,5.0,106.0,23.0,21.0
Williamson - 0174,3922.0,1053.0,2197.0,221.0,0.0,297.0,28.0,20.0
Williamson - 0175,3591.0,1123.0,2196.0,147.0,0.0,136.0,4.0,0.0
Williamson - 0180,5280.0,1796.0,2684.0,469.0,0.0,94.0,3.0,25.0
Williamson - 0181,2169.0,357.0,1043.0,328.0,0.0,385.0,4.0,0.0
Williamson - 0182,852.0,169.0,516.0,49.0,0.0,143.0,0.0,0.0
Williamson - 0184,1512.0,311.0,839.0,275.0,18.0,29.0,0.0,15.0
Williamson - 0186,3237.0,668.0,1283.0,86.0,0.0,992.0,0.0,0.0
Williamson - 0189,3427.0,780.0,1741.0,59.0,0.0,741.0,0.0,32.0
Williamson - 0191,849.0,157.0,594.0,84.0,0.0,28.0,0.0,0.0
Williamson - 0192,608.0,112.0,377.0,54.0,0.0,37.0,0.0,0.0
Williamson - 0198,61.0,0.0,8.0,5.0,0.0,46.0,0.0,0.0
Williamson - 0201,3666.0,880.0,2197.0,169.0,0.0,389.0,0.0,0.0
Williamson - 0202,633.0,53.0,436.0,84.0,0.0,66.0,0.0,0.0
Williamson - 0203,135.0,28.0,107.0,0.0,0.0,1.0,0.0,0.0
Williamson - 0204,3759.0,241.0,2477.0,70.0,56.0,782.0,0.0,0.0
Williamson - 0205,243.0,15.0,247.0,2.0,0.0,9.0,0.0,0.0
Williamson - 0206,2206.0,249.0,1674.0,49.0,14.0,57.0,0.0,0.0
Williamson - 0207,2952.0,656.0,2171.0,13.0,29.0,36.0,0.0,0.0
Williamson - 0208,2772.0,544.0,1696.0,247.0,5.0,119.0,0.0,3.0
Williamson - 0209,3777.0,639.0,3034.0,32.0,0.0,37.0,0.0,0.0
Williamson - 0210,3608.0,802.0,2453.0,126.0,0.0,137.0,0.0,41.0
Williamson - 0216,1101.0,76.0,944.0,32.0,0.0,7.0,2.0,1.0
Williamson - 0229,226.0,18.0,206.0,0.0,0.0,3.0,0.0,2.0
Williamson - 0230,3611.0,545.0,2761.0,154.0,0.0,110.0,4.0,3.0
Williamson - 0231,2486.0,460.0,1515.0,370.0,0.0,137.0,0.0,0.0
Williamson - 0243,1341.0,95.0,1071.0,45.0,0.0,147.0,0.0,0.0
Williamson - 0244,3520.0,670.0,2435.0,112.0,0.0,186.0,0.0,45.0
Williamson - 0245,3849.0,447.0,3136.0,58.0,0.0,100.0,45.0,0.0
Williamson - 0251,169.0,16.0,140.0,3.0,0.0,0.0,0.0,0.0
Williamson - 0252,4681.0,1036.0,3006.0,130.0,1.0,382.0,0.0,3.0
Williamson - 0253,5345.0,1400.0,3477.0,94.0,0.0,107.0,0.0,10.0
Williamson - 0254,5005.0,1052.0,3425.0,103.0,0.0,294.0,0.0,56.0
Williamson - 0255,3057.0,564.0,1976.0,267.0,10.0,168.0,5.0,3.0
Williamson - 0256,2669.0,688.0,1598.0,187.0,0.0,217.0,0.0,0.0
Williamson - 0257,6070.0,1225.0,3497.0,800.0,0.0,330.0,53.0,32.0
Williamson - 0258,265.0,48.0,112.0,10.0,0.0,75.0,2.0,0.0
Williamson - 0259,2207.0,431.0,1388.0,61.0,4.0,231.0,0.0,0.0
Williamson - 0261,3932.0,1098.0,2249.0,253.0,0.0,169.0,0.0,0.0
Williamson - 0262,3500.0,1482.0,1736.0,56.0,1.0,178.0,4.0,0.0
Williamson - 0263,3809.0,673.0,2389.0,385.0,0.0,320.0,0.0,10.0
Williamson - 0264,3284.0,951.0,1931.0,157.0,0.0,132.0,0.0,0.0
Williamson - 0266,3530.0,407.0,2169.0,563.0,0.0,346.0,12.0,0.0
Williamson - 0267,4539.0,1017.0,2571.0,612.0,9.0,258.0,0.0,3.0
Williamson - 0276,1993.0,355.0,1557.0,33.0,11.0,54.0,28.0,0.0
Williamson - 0277,4412.0,658.0,3071.0,202.0,0.0,304.0,0.0,34.0
Williamson - 0278,4252.0,858.0,2643.0,213.0,0.0,440.0,28.0,0.0
Williamson - 0279,121.0,40.0,68.0,0.0,0.0,5.0,0.0,0.0
Williamson - 0283,4661.0,811.0,3022.0,271.0,32.0,88.0,0.0,47.0
Williamson - 0284,5026.0,792.0,3642.0,210.0,0.0,98.0,0.0,19.0
Williamson - 0287,2888.0,716.0,1793.0,274.0,0.0,71.0,0.0,6.0
Williamson - 0301,5349.0,568.0,2652.0,278.0,0.0,1713.0,0.0,0.0
Williamson - 0302,666.0,22.0,503.0,17.0,0.0,123.0,0.0,4.0
Williamson - 0303,2317.0,446.0,1116.0,18.0,0.0,669.0,0.0,0.0
Williamson - 0305,1318.0,218.0,969.0,69.0,0.0,30.0,0.0,0.0
Williamson - 0306,4131.0,393.0,3301.0,44.0,0.0,165.0,151.0,0.0
Williamson - 0307,1008.0,66.0,936.0,6.0,0.0,0.0,0.0,0.0
Williamson - 0308,806.0,56.0,635.0,5.0,0.0,0.0,0.0,99.0
Williamson - 0309,3538.0,317.0,3030.0,35.0,7.0,43.0,0.0,0.0
Williamson - 0310,1871.0,399.0,1359.0,50.0,9.0,0.0,0.0,8.0
Williamson - 0311,160.0,34.0,75.0,3.0,0.0,27.0,0.0,0.0
Williamson - 0312,1208.0,139.0,1083.0,0.0,0.0,8.0,0.0,0.0
Williamson - 0314,5961.0,1606.0,3613.0,524.0,0.0,101.0,0.0,29.0
Williamson - 0317,772.0,80.0,464.0,0.0,0.0,197.0,0.0,0.0
Williamson - 0318,400.0,47.0,174.0,26.0,0.0,141.0,0.0,0.0
Williamson - 0319,169.0,26.0,109.0,22.0,0.0,10.0,0.0,0.0
Williamson - 0320,1012.0,98.0,886.0,24.0,0.0,15.0,0.0,4.0
Williamson - 0321,40.0,7.0,28.0,0.0,0.0,4.0,0.0,0.0
Williamson - 0322,1846.0,182.0,1430.0,47.0,0.0,132.0,0.0,0.0
Williamson - 0323,121.0,8.0,106.0,7.0,0.0,8.0,0.0,0.0
Williamson - 0331,884.0,39.0,295.0,57.0,0.0,310.0,0.0,1.0
Williamson - 0332,2176.0,190.0,1717.0,136.0,0.0,219.0,0.0,1.0
Williamson - 0333,632.0,52.0,480.0,28.0,0.0,53.0,0.0,0.0
Williamson - 0338,2682.0,332.0,2273.0,0.0,10.0,7.0,0.0,7.0
Williamson - 0340,1702.0,324.0,1046.0,49.0,0.0,266.0,0.0,12.0
Williamson - 0341,3260.0,744.0,2253.0,167.0,0.0,51.0,0.0,0.0
Williamson - 0342,2557.0,499.0,1130.0,336.0,0.0,531.0,0.0,0.0
Williamson - 0343,4997.0,830.0,3668.0,80.0,0.0,320.0,0.0,0.0
Williamson - 0344,2616.0,230.0,2124.0,57.0,4.0,185.0,0.0,0.0
Williamson - 0345,1347.0,145.0,890.0,92.0,0.0,168.0,0.0,0.0
Williamson - 0346,1485.0,112.0,1267.0,9.0,0.0,19.0,0.0,0.0
Williamson - 0360,4843.0,848.0,2656.0,436.0,0.0,744.0,0.0,14.0
Williamson - 0367,119.0,35.0,53.0,0.0,0.0,0.0,0.0,0.0
Williamson - 0368,4349.0,1135.0,2820.0,229.0,4.0,24.0,0.0,0.0
Williamson - 0369,5263.0,1854.0,2406.0,546.0,0.0,227.0,0.0,0.0
Williamson - 0370,3618.0,499.0,2893.0,110.0,0.0,5.0,0.0,61.0
Williamson - 0371,3588.0,588.0,2572.0,269.0,0.0,50.0,0.0,0.0
Williamson - 0372,3993.0,444.0,2632.0,107.0,4.0,727.0,0.0,0.0
Williamson - 0379,3929.0,413.0,3234.0,67.0,8.0,143.0,0.0,0.0
Williamson - 0380,103.0,1.0,132.0,0.0,0.0,0.0,0.0,0.0
Williamson - 0381,3346.0,69.0,3220.0,24.0,0.0,31.0,0.0,0.0
Williamson - 0391,1785.0,191.0,1499.0,56.0,1.0,15.0,0.0,0.0
Williamson - 0392,3721.0,416.0,3174.0,78.0,3.0,41.0,0.0,0.0
Williamson - 0393,2875.0,56.0,2812.0,0.0,0.0,0.0,0.0,0.0
Williamson - 0394,3499.0,39.0,3297.0,0.0,0.0,89.0,0.0,0.0
Williamson - 0395,350.0,8.0,314.0,0.0,0.0,51.0,0.0,0.0
Williamson - 0396,2019.0,55.0,1916.0,11.0,0.0,0.0,22.0,0.0
Williamson - 0397,2291.0,119.0,2093.0,49.0,0.0,29.0,0.0,0.0
Williamson - 0398,3689.0,672.0,2274.0,373.0,0.0,214.0,0.0,11.0
Williamson - 0399,624.0,10.0,113.0,38.0,0.0,423.0,0.0,0.0
Williamson - 0401,6639.0,2206.0,3227.0,559.0,0.0,260.0,0.0,11.0
Williamson - 0402,6436.0,1308.0,3750.0,923.0,9.0,76.0,4.0,93.0
Williamson - 0403,3940.0,1391.0,1874.0,540.0,0.0,104.0,0.0,113.0
Williamson - 0409,1014.0,226.0,753.0,9.0,0.0,2.0,0.0,0.0
Williamson - 0410,6372.0,1947.0,3369.0,709.0,0.0,148.0,0.0,79.0
Williamson - 0411,3144.0,829.0,2176.0,36.0,0.0,98.0,0.0,0.0
Williamson - 0412,2588.0,812.0,1614.0,24.0,0.0,27.0,0.0,10.0
Williamson - 0413,3183.0,719.0,2232.0,23.0,0.0,50.0,0.0,7.0
Williamson - 0415,1733.0,284.0,1244.0,155.0,0.0,11.0,0.0,12.0
Williamson - 0418,33.0,24.0,14.0,0.0,0.0,1.0,0.0,0.0
Williamson - 0419,1397.0,522.0,619.0,202.0,0.0,38.0,0.0,0.0
Williamson - 0420,4199.0,779.0,2701.0,491.0,0.0,56.0,0.0,69.0
Williamson - 0421,1521.0,511.0,896.0,86.0,0.0,12.0,0.0,0.0
Williamson - 0422,5092.0,1626.0,2558.0,592.0,0.0,297.0,0.0,10.0
Williamson - 0424,3423.0,480.0,2599.0,113.0,7.0,180.0,0.0,19.0
Williamson - 0425,1058.0,480.0,493.0,71.0,0.0,0.0,0.0,1.0
Williamson - 0426,2187.0,586.0,1434.0,117.0,1.0,16.0,0.0,23.0
Williamson - 0427,3148.0,822.0,1953.0,272.0,9.0,0.0,0.0,7.0
Williamson - 0428,3224.0,869.0,2114.0,246.0,0.0,0.0,0.0,0.0
Williamson - 0429,3134.0,1020.0,1779.0,312.0,0.0,0.0,0.0,5.0
Williamson - 0432,579.0,95.0,345.0,139.0,0.0,0.0,0.0,0.0
Williamson - 0433,4623.0,622.0,3407.0,162.0,0.0,300.0,33.0,23.0
Williamson - 0434,1342.0,214.0,1105.0,13.0,0.0,0.0,0.0,0.0
Williamson - 0436,2553.0,683.0,1564.0,144.0,0.0,16.0,0.0,15.0
Williamson - 0437,5277.0,1065.0,2563.0,393.0,0.0,998.0,0.0,15.0
Williamson - 0456,2837.0,1455.0,1044.0,285.0,59.0,0.0,0.0,4.0
Williamson - 0468,1896.0,684.0,674.0,401.0,0.0,168.0,0.0,0.0
Williamson - 0470,2959.0,616.0,2058.0,127.0,1.0,49.0,0.0,0.0
Williamson - 0471,313.0,78.0,231.0,0.0,0.0,0.0,0.0,0.0
Williamson - 0472,646.0,49.0,624.0,2.0,0.0,13.0,0.0,0.0
Williamson - 0473,2503.0,813.0,1319.0,53.0,6.0,3.0,0.0,0.0
Williamson - 0482,3542.0,400.0,2432.0,59.0,0.0,572.0,0.0,0.0
Williamson - 0484,3947.0,376.0,1931.0,461.0,0.0,407.0,59.0,602.0
Williamson - 0485,2692.0,739.0,1290.0,558.0,0.0,83.0,0.0,0.0
Williamson - 0486,1856.0,385.0,1213.0,140.0,8.0,280.0,0.0,0.0
Williamson - 0487,126.0,12.0,109.0,2.0,0.0,0.0,0.0,2.0
Williamson - 0488,3131.0,560.0,1822.0,209.0,7.0,422.0,0.0,35.0
Williamson - 0489,3396.0,478.0,2232.0,231.0,0.0,386.0,0.0,0.0
Williamson - 0490,4679.0,911.0,3021.0,282.0,0.0,220.0,0.0,40.0
Williamson - 0491,4173.0,1242.0,2101.0,473.0,0.0,261.0,0.0,0.0
Montgomery - 0028A,4232.0,1174.0,2730.0,268.0,0.0,46.0,0.0,0.0
Montgomery - 0028B,106.0,29.0,60.0,0.0,0.0,0.0,0.0,0.0
Montgomery - 0028C,67.0,19.0,29.0,0.0,0.0,0.0,0.0,0.0
Montgomery - 0043A,3565.0,389.0,2729.0,220.0,0.0,96.0,0.0,0.0
Montgomery - 0043B,17.0,8.0,5.0,0.0,0.0,0.0,0.0,0.0
Montgomery - 0043C,12.0,3.0,2.0,0.0,0.0,0.0,0.0,0.0
Montgomery - 0043D,13.0,3.0,7.0,0.0,0.0,0.0,0.0,0.0
Montgomery - 0043E,60.0,14.0,28.0,11.0,0.0,0.0,0.0,0.0
Montgomery - 0053A,3794.0,697.0,2220.0,794.0,5.0,9.0,0.0,60.0
Montgomery - 0053B,112.0,25.0,73.0,0.0,0.0,0.0,0.0,5.0
Montgomery - 0063A,4911.0,261.0,4359.0,194.0,0.0,86.0,0.0,0.0
Montgomery - 0063B,68.0,6.0,62.0,0.0,0.0,0.0,0.0,0.0
Montgomery - 0080A,3934.0,477.0,2754.0,202.0,29.0,159.0,0.0,0.0
Montgomery - 0080B,152.0,45.0,81.0,17.0,0.0,7.0,0.0,0.0
Montgomery - 0088A,4305.0,797.0,2163.0,733.0,0.0,394.0,0.0,0.0
Montgomery - 0088B,27.0,0.0,9.0,2.0,0.0,7.0,0.0,0.0
Montgomery - 0088C,0.0,0.0,0.0,0.0,0.0,0.0,0.0,0.0
Montgomery - 0091A,3979.0,357.0,3398.0,67.0,19.0,66.0,0.0,0.0
Montgomery - 0091B,12.0,3.0,0.0,1.0,3.0,0.0,0.0,0.0
Montgomery - 0106A,2280.0,217.0,1874.0,37.0,0.0,57.0,0.0,4.0
Montgomery - 0106B,77.0,14.0,54.0,0.0,0.0,0.0,0.0,3.0
Nacogdoches - 0012,2001.0,162.0,1766.0,54.0,0.0,0.0,0.0,0.0
Nacogdoches - 0013,1243.0,40.0,1175.0,45.0,3.0,0.0,0.0,0.0
Nacogdoches - 0014,2938.0,476.0,2325.0,171.0,0.0,0.0,0.0,0.0
Nacogdoches - 0015,2148.0,136.0,1621.0,288.0,0.0,1.0,0.0,18.0
Nacogdoches - 0016,3142.0,348.0,2485.0,203.0,0.0,8.0,0.0,0.0
Nacogdoches - 0021,2411.0,374.0,1706.0,199.0,1.0,9.0,0.0,0.0
Nacogdoches - 0024,2633.0,438.0,1231.0,1021.0,5.0,6.0,0.0,0.0
Nacogdoches - 0026,3923.0,731.0,2117.0,1067.0,7.0,67.0,0.0,0.0
Nacogdoches - 0027,1517.0,108.0,125.0,1259.0,0.0,0.0,0.0,0.0
Nacogdoches - 0032,4406.0,495.0,2678.0,776.0,49.0,38.0,0.0,11.0
Nacogdoches - 0033,3898.0,196.0,3322.0,327.0,0.0,13.0,0.0,0.0
Nacogdoches - 0034,6811.0,1251.0,3834.0,1498.0,19.0,51.0,0.0,20.0
Nacogdoches - 0041,1481.0,134.0,728.0,504.0,0.0,24.0,0.0,0.0
Nacogdoches - 0042,2144.0,687.0,942.0,446.0,0.0,0.0,0.0,0.0
Nacogdoches - 0043,1314.0,165.0,1063.0,82.0,4.0,10.0,0.0,0.0
Nacogdoches - 0044,1906.0,163.0,1643.0,108.0,0.0,6.0,0.0,0.0
Nacogdoches - 0045,957.0,61.0,841.0,52.0,1.0,1.0,0.0,0.0
Nacogdoches - 0046,1084.0,103.0,837.0,140.0,3.0,15.0,0.0,0.0
Nacogdoches - 0047,838.0,6.0,736.0,0.0,0.0,48.0,0.0,0.0
San Jacinto - 0001,3761.0,220.0,2833.0,530.0,0.0,53.0,0.0,0.0
San Jacinto - 0002,4661.0,734.0,3301.0,516.0,7.0,0.0,4.0,0.0
San Jacinto - 0003,1009.0,9.0,851.0,156.0,0.0,0.0,0.0,0.0
San Jacinto - 0004,758.0,36.0,677.0,12.0,0.0,0.0,0.0,0.0
San Jacinto - 0005,2973.0,667.0,2172.0,99.0,4.0,0.0,0.0,36.0
San Jacinto - 0006,2230.0,66.0,1831.0,229.0,0.0,0.0,0.0,0.0
San Jacinto - 0007,1950.0,139.0,1561.0,199.0,0.0,0.0,0.0,10.0
San Jacinto - 0008,1444.0,56.0,1232.0,129.0,0.0,0.0,0.0,0.0
San Jacinto - 0009,496.0,15.0,506.0,0.0,0.0,0.0,0.0,0.0
San Jacinto - 0010,892.0,455.0,477.0,0.0,0.0,0.0,0.0,0.0
San Jacinto - 0011,869.0,27.0,708.0,51.0,2.0,0.0,0.0,0.0
Shackelford - 0202,627.0,76.0,525.0,0.0,0.0,1.0,0.0,0.0
Shackelford - 0303,317.0,9.0,307.0,0.0,0.0,0.0,1.0,0.0
Shackelford - 0307,345.0,52.0,249.0,0.0,0.0,0.0,0.0,0.0
Shackelford - 0404,53.0,3.0,44.0,0.0,0.0,0.0,0.0,0.0
Shackelford - 0405,207.0,8.0,197.0,0.0,0.0,0.0,2.0,0.0
Williamson - 0116A,1596.0,341.0,910.0,2.0,3.0,210.0,3.0,4.0
Williamson - 0116B,0.0,0.0,0.0,0.0,0.0,0.0,0.0,0.0
Williamson - 0390A,2280.0,497.0,1431.0,109.0,0.0,185.0,0.0,9.0
Williamson - 0390B,0.0,0.0,0.0,0.0,0.0,0.0,0.0,0.0
San Patricio - 0101,558.0,287.0,271.0,2.0,0.0,0.0,0.0,0.0
San Patricio - 0102,2635.0,1819.0,783.0,24.0,5.0,0.0,5.0,0.0
San Patricio - 0103,454.0,137.0,317.0,0.0,0.0,0.0,0.0,0.0
San Patricio - 0104,1834.0,1250.0,515.0,2.0,0.0,0.0,0.0,0.0
San Patricio - 0105,1808.0,1234.0,552.0,13.0,0.0,0.0,0.0,0.0
San Patricio - 0106,788.0,217.0,419.0,47.0,0.0,0.0,0.0,0.0
San Patricio - 0107,300.0,129.0,186.0,5.0,0.0,0.0,0.0,0.0
San Patricio - 0108,4280.0,2031.0,2053.0,67.0,0.0,42.0,0.0,0.0
San Patricio - 0109,3577.0,1487.0,1929.0,51.0,0.0,12.0,68.0,0.0
San Patricio - 0110,2133.0,1473.0,636.0,18.0,0.0,0.0,0.0,0.0
San Patricio - 0111,177.0,26.0,171.0,1.0,0.0,0.0,2.0,0.0
San Patricio - 0112,1661.0,1389.0,233.0,26.0,0.0,1.0,4.0,0.0
San Patricio - 0113,2758.0,1675.0,896.0,41.0,0.0,22.0,52.0,0.0
San Patricio - 0114,2759.0,873.0,1866.0,29.0,0.0,0.0,0.0,0.0
San Patricio - 0115,5459.0,1903.0,3339.0,81.0,14.0,85.0,1.0,0.0
San Patricio - 0116,3698.0,1100.0,2268.0,149.0,0.0,102.0,0.0,0.0
San Patricio - 0117,808.0,617.0,208.0,0.0,0.0,0.0,0.0,0.0
San Patricio - 0118,3494.0,2294.0,1177.0,4.0,0.0,0.0,0.0,0.0
San Patricio - 0119,1061.0,356.0,638.0,7.0,0.0,38.0,0.0,0.0
San Patricio - 0120,991.0,172.0,759.0,18.0,0.0,15.0,0.0,0.0
San Patricio - 0121,2797.0,1066.0,1536.0,102.0,6.0,65.0,0.0,0.0
San Patricio - 0122,65.0,40.0,17.0,0.0,0.0,0.0,0.0,0.0
San Patricio - 0123,172.0,105.0,63.0,0.0,0.0,0.0,0.0,0.0
San Patricio - 0124,4563.0,3519.0,758.0,277.0,0.0,8.0,0.0,0.0
San Patricio - 0125,61.0,25.0,37.0,0.0,0.0,0.0,0.0,0.0
Shackelford - 0101A,220.0,65.0,151.0,0.0,0.0,0.0,1.0,0.0
Shackelford - 0101B,505.0,79.0,417.0,0.0,0.0,0.0,0.0,0.0
Shackelford - 0406A,230.0,50.0,171.0,6.0,0.0,3.0,0.0,0.0
Shackelford - 0406B,3.0,0.0,2.0,0.0,0.0,0.0,0.0,0.0
Throckmorton - 0001,262.0,20.0,231.0,0.0,0.0,0.0,0.0,0.0
Throckmorton - 0002,324.0,35.0,277.0,0.0,0.0,0.0,0.0,0.0
Throckmorton - 3003,380.0,9.0,348.0,0.0,0.0,0.0,0.0,3.0
Throckmorton - 4005,123.0,0.0,119.0,0.0,0.0,0.0,0.0,1.0
Throckmorton - 4006,166.0,27.0,135.0,0.0,0.0,0.0,0.0,0.0
Collingsworth - 0101,489.0,94.0,381.0,0.0,0.0,0.0,0.0,0.0
Collingsworth - 0201,327.0,97.0,190.0,37.0,4.0,0.0,0.0,0.0
Collingsworth - 0202,60.0,10.0,35.0,0.0,0.0,0.0,0.0,0.0
Collingsworth - 0301,390.0,139.0,170.0,66.0,4.0,0.0,0.0,0.0
Collingsworth - 0302,76.0,4.0,65.0,0.0,0.0,0.0,32.0,0.0
Collingsworth - 0401,353.0,124.0,183.0,19.0,2.0,0.0,0.0,0.0
Collingsworth - 0402,85.0,3.0,76.0,0.0,0.0,0.0,0.0,0.0
San Augustine - 0001,1084.0,22.0,602.0,460.0,12.0,0.0,0.0,0.0
San Augustine - 0002,282.0,14.0,139.0,76.0,12.0,0.0,0.0,0.0
San Augustine - 0003,362.0,20.0,253.0,84.0,0.0,0.0,0.0,0.0
San Augustine - 0004,448.0,48.0,300.0,101.0,0.0,0.0,0.0,0.0
San Augustine - 0005,462.0,5.0,422.0,23.0,0.0,0.0,0.0,0.0
San Augustine - 0006,363.0,0.0,366.0,9.0,0.0,0.0,0.0,0.0
San Augustine - 0007,433.0,1.0,398.0,26.0,0.0,0.0,0.0,0.0
San Augustine - 0008,831.0,7.0,797.0,9.0,0.0,0.0,0.0,3.0
San Augustine - 0009,837.0,2.0,808.0,15.0,0.0,0.0,0.0,6.0
San Augustine - 0010,392.0,5.0,344.0,12.0,0.0,0.0,0.0,0.0
San Augustine - 0011,532.0,11.0,25.0,524.0,0.0,0.0,0.0,0.0
